"This library is put together for research purposes by Demetrios Pagonis, Kanako Sekimoto and Joost de Gouw. It can be accessed at tinyurl.com/PTRLibrary",,,,"Please add comments or suggested additions to the spreadsheet, or send to: Joost.deGouw@colorado.edu",,,,,,,"A paper describing this library has been published: Pagonis, D., Sekimoto, K. and de Gouw, J. A.: A library of proton-transfer reactions of H3O+ ions used for trace gas detection, J. Am. Soc. Mass Spectrom., 2019, doi.org/10.1007/s13361-019-02209-3. For specific data from this library, please cite the referenced papers.",,,,,,,,,,,,,,,,,,,,,,,,,,,,,,,,,,,,,,,,
Compound Identifiers,,,,Product Ion m/z's,,,,,,,,,,,,,,Instrumental Details and Reference,,,,,,,Physical Molecular Properties,,,,,Chemical Molecular Properties,,,,,,,,,,,,,,,,,,,,,
Parent Ion Mass,Parent Ion Composition,Compound Name,CAS number,m/z A,%A,m/z B,% B,m/z C,% C,m/z D,% D,m/z E,% E,m/z F,% F,m/z G,% G,Instrument,p drift (mbar),E/N (Td),Cal Factor (ncps/ppbv),Reference,DOI,Comments,Polarizability (cm3),Dipole Moment (D),Proton Affinity (kJ/mole),"Rate coefficient, measured, 0 Td, 298 K (cm3/s)","kcap, 120 Td, 323 K",Class,#C,#C=C dbl bnd,#C≡C trp bnd,#rings,#alcohol,#keto,#aldo,#ester,#acid,#anhydride,#ether,#amine,#amide,#nitrile,#halogen,#sulfur,#perox,#nitro,Aromatic?,Alkane?,SMILES
18.034,NH3H+,ammonia,7664-41-7,18.034,,,,,,,,,,,,,,PTR-TOF,2.40,120,5.6,"Koss, ACP 18, 3299, 2018",doi.org/10.5194/acp-18-3299-2018,"NOAA PTR-ToF; some sensitivities calibrated, some calculated Sekimoto et al 2017; extraction frequency unknown",2.39E-24,1.47,853.6,,2.34E-09,amine,0,0,0,0,0,0,0,0,0,0,0,1,0,0,0,0,0,0,0,0,N
18.034,NH3H+,ammonia,7664-41-7,18.034,100.0,,,,,,,,,,,,,PTR-MS,0.40,130,,"Lindinger, IJMSIP 173, 191, 1998",doi.org/10.1016/S0168-1176(97)00281-4,"Pressure ""a few 10^-1 Torr""; E/N ranged 120-140; rate constants measured ",2.39E-24,1.47,853.6,2.20E-09,2.34E-09,amine,0,0,0,0,0,0,0,0,0,0,0,1,0,0,0,0,0,0,0,0,N
18.034,NH3H+,ammonia,7664-41-7,18.034,100.0,,,,,,,,,,,,,SIFT-MS,0.67,0,,"Spanel, IJMS 176, 203, 1998",doi.org/10.1016/S1387-3806(98)14004-6,0.5 Torr He. Calculated rate coefficient,2.39E-24,1.47,853.6,2.60E-09,2.34E-09,amine,0,0,0,0,0,0,0,0,0,0,0,1,0,0,0,0,0,0,0,0,N
27.023,C2H2H+,ethyne,74-86-2,26.015,,,,,,,,,,,,,,PTR-TOF,2.40,120,1.19,"Koss, ACP 18, 3299, 2018",doi.org/10.5194/acp-18-3299-2018,"NOAA PTR-ToF; some sensitivities calibrated, some calculated Sekimoto et al 2017; extraction frequency unknown; likely a charge-transfer peak",3.63E-24,0.00,641.4,,1.34E-09,alkyne,2,0,1,0,0,0,0,0,0,0,0,0,0,0,0,0,0,0,0,0,C#C
27.023,C2H2H+,ethyne,74-86-2,27.023,100.0,,,,,,,,,,,,,PTR-QMS,2.4,106,0.1,"Warneke, ES&T 37, 2494, 2003",doi.org/10.1021/es026266i,,3.63E-24,0.00,641.4,,1.34E-09,alkyne,2,0,1,0,0,0,0,0,0,0,0,0,0,0,0,0,0,0,0,0,C#C
28.018,HCNH+,hydrogen cyanide,74-90-8,28.018,,,,,,,,,,,,,,PTR-TOF,2.40,120,10.58,"Koss, ACP 18, 3299, 2018",doi.org/10.5194/acp-18-3299-2018,"NOAA PTR-ToF; some sensitivities calibrated, some calculated Sekimoto et al 2017; extraction frequency unknown",2.53E-24,2.99,712.9,,3.33E-09,nitrile,1,0,0,0,0,0,0,0,0,0,0,0,0,1,0,0,0,0,0,0,C#N
28.031,C2H4+,ethene,74-85-1,28.031,,,,,,,,,,,,,,PTR-TOF,2.40,120,0.61,"Koss, ACP 18, 3299, 2018",doi.org/10.5194/acp-18-3299-2018,"NOAA PTR-ToF; some sensitivities calibrated, some calculated Sekimoto et al 2017; extraction frequency unknown; likely a charge-transfer peak",4.25E-24,0.00,680.5,,1.44E-09,alkene,2,1,0,0,0,0,0,0,0,0,0,0,0,0,0,0,0,0,0,0,C=C
30.034,CH3NH+,methanimine,2053-29-4,30.034,,,,,,,,,,,,,,PTR-TOF,2.40,120,73.59,"Koss, ACP 18, 3299, 2018",doi.org/10.5194/acp-18-3299-2018,"NOAA PTR-ToF; some sensitivities calibrated, some calculated Sekimoto et al 2017; extraction frequency unknown",n/a,n/a,852.9,,#VALUE!,imine,1,1,0,0,0,0,0,0,0,0,0,1,0,0,0,0,0,0,0,0,C=N
31.018,CH2OH+,formaldehyde,50-00-0,31.018,,,,,,,,,,,,,,PTR-MS,2.20,136,2,"Cui, AMT 9, 5763, 2016",doi.org/10.5194/amt-9-5763-2016,Ionicon q-PTRMS,2.63E-24,2.33,712.9,,2.73E-09,aldehyde,1,0,0,0,0,0,1,0,0,0,0,0,0,0,0,0,0,0,0,0,C=O
31.018,CH2OH+,formaldehyde,50-00-0,31.018,,,,,,,,,,,,,,PTR-MS,2.16,100,1.4,"Dunne, AMT 11, 141, 2018",doi.org/10.5194/amt-11-141-2018,Ionicon q-PTRMS,2.63E-24,2.33,712.9,,2.73E-09,aldehyde,1,0,0,0,0,0,1,0,0,0,0,0,0,0,0,0,0,0,0,0,C=O
31.018,CH2OH+,formaldehyde,50-00-0,31.018,,,,,,,,,,,,,,PTR-MS,2.10,108,13,"Inomata, ACP 10, 7085, 2010",doi.org/10.5194/acp-10-7085-2010,Ionicon q-PTRMS; parameterized sensitivity calculated at 0% RH,2.63E-24,2.33,712.9,,2.73E-09,aldehyde,1,0,0,0,0,0,1,0,0,0,0,0,0,0,0,0,0,0,0,0,C=O
31.018,CH2OH+,formaldehyde,50-00-0,31.018,,,,,,,,,,,,,,PTR-MS,2.10,108,8.9,"Inomata, ACP 8, 273, 2008",doi.org/10.5194/acp-8-273-2008,"Ionicon q-PTRMS, calibrated with 1 ppm formaldehyde in N2",2.63E-24,2.33,712.9,,2.73E-09,aldehyde,1,0,0,0,0,0,1,0,0,0,0,0,0,0,0,0,0,0,0,0,C=O
31.018,CH2OH+,formaldehyde,50-00-0,31.018,,,,,,,,,,,,,,PTR-MS,2.10,140,4.9,"Inomata, ACP 8, 273, 2008",doi.org/10.5194/acp-8-273-2008,"Ionicon q-PTRMS, calibrated with 1 ppm formaldehyde in N2",2.63E-24,2.33,712.9,,2.73E-09,aldehyde,1,0,0,0,0,0,1,0,0,0,0,0,0,0,0,0,0,0,0,0,C=O
31.018,CH2OH+,formaldehyde,50-00-0,31.018,,,,,,,,,,,,,,PTR-MS,2.10,162,3.4,"Inomata, ACP 8, 273, 2008",doi.org/10.5194/acp-8-273-2008,"Ionicon q-PTRMS, calibrated with 1 ppm formaldehyde in N2",2.63E-24,2.33,712.9,,2.73E-09,aldehyde,1,0,0,0,0,0,1,0,0,0,0,0,0,0,0,0,0,0,0,0,C=O
31.018,CH2OH+,formaldehyde,50-00-0,31.018,,,,,,,,,,,,,,PTR-TOF,2.40,120,6.44,"Koss, ACP 18, 3299, 2018",doi.org/10.5194/acp-18-3299-2018,"NOAA PTR-ToF; some sensitivities calibrated, some calculated Sekimoto et al 2017; extraction frequency unknown",2.63E-24,2.33,712.9,,2.73E-09,aldehyde,1,0,0,0,0,0,1,0,0,0,0,0,0,0,0,0,0,0,0,0,C=O
31.018,CH2OH+,formaldehyde,50-00-0,31.018,100.0,,,,,,,,,,,,,PTR-MS,0.40,130,,"Lindinger, IJMSIP 173, 191, 1998",doi.org/10.1016/S0168-1176(97)00281-4,"Pressure ""a few 10^-1 Torr""; E/N ranged 120-140; rate constants measured ",2.63E-24,2.33,712.9,3.00E-09,2.73E-09,aldehyde,1,0,0,0,0,0,1,0,0,0,0,0,0,0,0,0,0,0,0,0,C=O
31.018,CH2OH+,formaldehyde,50-00-0,31.018,,,,,,,,,,,,,,PTR-MS,2.00,108,3.1,"Ma, AMT 9, 6101, 2016",doi.org/10.5194/amt-9-6101-2016,Nanjing University quadrupole PTR-ID-CIMS (very similar to Ionicon q-PTRMS),2.63E-24,2.33,712.9,,2.73E-09,aldehyde,1,0,0,0,0,0,1,0,0,0,0,0,0,0,0,0,0,0,0,0,C=O
31.018,CH2OH+,formaldehyde,50-00-0,31.018,100.0,,,,,,,,,,,,,SIFT-MS,0.67,0,,"Spanel, IJMSIP 165/166, 25, 1997",doi.org/10.1016/S0168-1176(97)00166-3,0.5 Torr He. Calculated rate coefficient,2.63E-24,2.33,712.9,3.40E-09,2.73E-09,aldehyde,1,0,0,0,0,0,1,0,0,0,0,0,0,0,0,0,0,0,0,0,C=O
31.018,CH2OH+,formaldehyde,50-00-0,31.018,,,,,,,,,,,,,,PTR-TOF,2.30,136,1.4,"Stockwell, ACP 15, 845, 2015",doi.org/10.5194/acp-15-845-2015,Ionicon PTR-TOF 8000; m/z range 10-600; sensitivites taken from Fig. 1A using IGORThief,2.63E-24,2.33,712.9,,2.73E-09,aldehyde,1,0,0,0,0,0,1,0,0,0,0,0,0,0,0,0,0,0,0,0,C=O
31.018,CH2OH+,formaldehyde,50-00-0,31.018,,,,,,,,,,,,,,PTR-MS,2.40,130,7,"Warneke, AMT 4, 2345, 2011",doi.org/10.5194/amt-4-2345-2011,"NOAA q-PTRMS, CalNex sensitivities; sensitivity = 2 ncps/ppbv in marine boundary layer",2.63E-24,2.33,712.9,,2.73E-09,aldehyde,1,0,0,0,0,0,1,0,0,0,0,0,0,0,0,0,0,0,0,0,C=O
31.018,CH2OH+,formaldehyde,50-00-0,31.018,,,,,,,,,,,,,,PTR-MS,2.40,130,3.7,"Warneke, IJMS 303, 6, 2011",doi.org/10.1016/j.ijms.2010.12.002,"NOAA q-PTRMS, sensitivities taken from Figure 1A with IGORThief, pressure and E/N assumed",2.63E-24,2.33,712.9,,2.73E-09,aldehyde,1,0,0,0,0,0,1,0,0,0,0,0,0,0,0,0,0,0,0,0,C=O
33.033,CH4OH+,methanol,67-56-1,33.033,100.0,,,,,,,,,,,,,PTR-MS,,,,"Buhr IJMS 221, 1, 2002",doi.org/10.1016/S1387-3806(02)00896-5,"Ionicon qPTRMS, drift tube V=600V, no pressure given",3.28E-24,1.70,754.3,,2.30E-09,alcohol,1,0,0,0,1,0,0,0,0,0,0,0,0,0,0,0,0,0,0,0,CO
33.033,CH4OH+,methanol,67-56-1,33.033,,,,,,,,,,,,,,PTR-MS,2.40,110,23.6,"de Gouw, JGR 108, 4682, 2003",doi.org/10.1029/2003JD003863,"NOAA q-PTRMS, NEAQS sensitivities, E/N assumed based on Warneke 2003 ES&T ",3.28E-24,1.70,754.3,,2.30E-09,alcohol,1,0,0,0,1,0,0,0,0,0,0,0,0,0,0,0,0,0,0,0,CO
33.033,CH4OH+,methanol,67-56-1,33.033,,,,,,,,,,,,,,PTR-MS,2.40,110,26.8,"de Gouw, JGR 111, D10303, 2006",doi.org/10.1029/2005JD006175,"NOAA q-PTRMS; NEAQS-ITCT sensitivities; E/N and Pdrift not reported, taken from Warneke 2003 ES&T ",3.28E-24,1.70,754.3,,2.30E-09,alcohol,1,0,0,0,1,0,0,0,0,0,0,0,0,0,0,0,0,0,0,0,CO
33.033,CH4OH+,methanol,67-56-1,33.033,,,,,,,,,,,,,,PTR-MS,2.10,108,10.6,"Inomata, ACP 10, 7085, 2010",doi.org/10.5194/acp-10-7085-2010,Ionicon q-PTRMS;,3.28E-24,1.70,754.0,,2.30E-09,alcohol,1,0,0,0,1,0,0,0,0,0,0,0,0,0,0,0,0,0,0,0,CO
33.033,CH4OH+,methanol,67-56-1,33.033,,,,,,,,,,,,,,PTR-MS,2.20,136,10.4,"Kajos, AMT 8, 4453, 2015",doi.org/10.5194/amt-8-4453-2015,"Ionicon q-PTRMS, manual calibration sensitivity",3.28E-24,1.70,754.3,,2.30E-09,alcohol,1,0,0,0,1,0,0,0,0,0,0,0,0,0,0,0,0,0,0,0,CO
33.033,CH4OH+,methanol,67-56-1,33.033,,,,,,,,,,,,,,PTR-MS,2.00,120,8.1,"Kajos, AMT 8, 4453, 2015",doi.org/10.5194/amt-8-4453-2015,"Ionicon q-PTRMS, manual calibration sensitivity",3.28E-24,1.70,754.3,,2.30E-09,alcohol,1,0,0,0,1,0,0,0,0,0,0,0,0,0,0,0,0,0,0,0,CO
33.033,CH4OH+,methanol,67-56-1,33.033,,,,,,,,,,,,,,PTR-MS,2.00,120,14,"Karl, ACP 7, 5883, 2007",doi.org/10.5194/acp-7-5883-2007,Ionicon q-PTRMS; TROFFEE sensitivities,3.28E-24,1.70,754.3,,2.30E-09,alcohol,1,0,0,0,1,0,0,0,0,0,0,0,0,0,0,0,0,0,0,0,CO
33.033,CH4OH+,methanol,67-56-1,33.033,,,,,,,,,,,,,,PTR-TOF,2.40,120,35.75,"Koss, ACP 18, 3299, 2018",doi.org/10.5194/acp-18-3299-2018,"NOAA PTR-ToF; some sensitivities calibrated, some calculated Sekimoto et al 2017; extraction frequency unknown",3.28E-24,1.70,754.3,,2.30E-09,alcohol,1,0,0,0,1,0,0,0,0,0,0,0,0,0,0,0,0,0,0,0,CO
33.033,CH4OH+,methanol,67-56-1,33.033,100.0,,,,,,,,,,,,,PTR-MS,0.40,130,,"Lindinger, IJMSIP 173, 191, 1998",doi.org/10.1016/S0168-1176(97)00281-4,"Pressure ""a few 10^-1 Torr""; E/N ranged 120-140; rate constants measured ",3.28E-24,1.70,754.3,2.20E-09,2.30E-09,alcohol,1,0,0,0,1,0,0,0,0,0,0,0,0,0,0,0,0,0,0,0,CO
33.033,CH4OH+,methanol,67-56-1,33.033,100.0,,,,,,,,,,,,,SIFT-MS,0.67,0,,"Spanel, IJMS 167/168, 375, 1997",doi.org/10.1016/S0168-1176(97)00085-2,0.5 Torr He. Calculated rate coefficient,3.28E-24,1.70,754.3,2.70E-09,2.30E-09,alcohol,1,0,0,0,1,0,0,0,0,0,0,0,0,0,0,0,0,0,0,0,CO
33.033,CH4OH+,methanol,67-56-1,33.033,100.0,,,,,,,,,,,,,SIFT-MS,0.67,0,,"Spanel, IJMSIP 145, 177, 1995",doi.org/10.1016/0168-1176(95)04164-G,0.5 Torr He. ,3.28E-24,1.70,754.3,2.10E-09,2.30E-09,alcohol,1,0,0,0,1,0,0,0,0,0,0,0,0,0,0,0,0,0,0,0,CO
33.033,CH4OH+,methanol,67-56-1,33.033,,,,,,,,,,,,,,PTR-TOF,2.30,136,1.8,"Stockwell, ACP 15, 845, 2015",doi.org/10.5194/acp-15-845-2015,Ionicon PTR-TOF 8000; m/z range 10-600; sensitivites taken from Fig. 1A using IGORThief,3.28E-24,1.70,754.3,,2.30E-09,alcohol,1,0,0,0,1,0,0,0,0,0,0,0,0,0,0,0,0,0,0,0,CO
33.033,CH4OH+,methanol,67-56-1,33.033,,,,,,,,,,,,,,PTR-MS,2.40,130,13.3,"Warneke, AMT 4, 2345, 2011",doi.org/10.5194/amt-4-2345-2011,"NOAA q-PTRMS, CalNex sensitivities",3.28E-24,1.70,754.3,,2.30E-09,alcohol,1,0,0,0,1,0,0,0,0,0,0,0,0,0,0,0,0,0,0,0,CO
33.033,CH4OH+,methanol,67-56-1,33.033,,,,,,,,,,,,,,PTR-MS,2.40,125,7.6,"Warneke, AMT 8, 411, 2015",doi.org/10.5194/amt-8-411-2015,NOAA q-PTRMS; UBWOS13 sensitivities; from figure using igorthief,3.28E-24,1.70,754.3,,2.30E-09,alcohol,1,0,0,0,1,0,0,0,0,0,0,0,0,0,0,0,0,0,0,0,CO
33.033,CH4OH+,methanol,67-56-1,33.033,,,,,,,,,,,,,,PTR-MS,2.20,130,5.6,"Warneke, AMT 8, 411, 2015",doi.org/10.5194/amt-8-411-2015,Ionicon PTR=ToF; UBWOS13 sensitivities; exctraction freq 25 kHz (mz1-500); from figure using igorthief,3.28E-24,1.70,754.3,,2.30E-09,alcohol,1,0,0,0,1,0,0,0,0,0,0,0,0,0,0,0,0,0,0,0,CO
33.033,CH4OH+,methanol,67-56-1,33.033,100.0,,,,,,,,,,,,,PTR-QMS,2.4,106,15.9,"Warneke, ES&T 37, 2494, 2003",doi.org/10.1021/es026266i,,3.28E-24,1.70,754.3,,2.30E-09,alcohol,1,0,0,0,1,0,0,0,0,0,0,0,0,0,0,0,0,0,0,0,CO
33.033,CH4OH+,methanol,67-56-1,33.033,,,,,,,,,,,,,,PTR-MS,2.40,130,16,"Warneke, IJMS 303, 6, 2011",doi.org/10.1016/j.ijms.2010.12.002,"NOAA q-PTRMS, sensitivities taken from Figure 1A with IGORThief, pressure and E/N assumed",3.28E-24,1.70,754.3,,2.30E-09,alcohol,1,0,0,0,1,0,0,0,0,0,0,0,0,0,0,0,0,0,0,0,CO
33.033,CH4OH+,methanol,67-56-1,33.033,,,,,,,,,,,,,,PTR-MS,2.20,127,9.1,"Yanez-Serrano, ACP 15, 3359, 2015",doi.org/10.5194/acp-15-3359-2015,Ionicon q-PTRMS; dry season sensitivity,3.28E-24,1.70,754.3,,2.30E-09,alcohol,1,0,0,0,1,0,0,0,0,0,0,0,0,0,0,0,0,0,0,0,CO
33.033,CH4OH+,methanol,67-56-1,33.033,,,,,,,,,,,,,,PTR-TOF,2.40,120,81,"Yuan, AMT 9, 2735, 2016",doi.org/10.5194/amt-9-2735-2016,NOAA PTR-ToF; SONGNEX sensitivities; extraction frequency 25 kHz,3.28E-24,1.70,754.3,,2.30E-09,alcohol,1,0,0,0,1,0,0,0,0,0,0,0,0,0,0,0,0,0,0,0,CO
34.995,H2SH+,hydrogen sulfide,7783-06-4,34.995,,,,,,,,,,,,,,PTR-TOF,2.40,120,11.15,"Koss, ACP 18, 3299, 2018",doi.org/10.5194/acp-18-3299-2018,"NOAA PTR-ToF; some sensitivities calibrated, some calculated Sekimoto et al 2017; extraction frequency unknown",3.87E-24,0.98,705.0,,1.66E-09,sulfide,0,0,0,0,0,0,0,0,0,0,0,0,0,0,0,1,0,0,0,0,S
34.995,H2SH+,hydrogen sulfide,7783-06-4,34.995,100.0,,,,,,,,,,,,,PTR-MS,0.40,130,,"Lindinger, IJMSIP 173, 191, 1998",doi.org/10.1016/S0168-1176(97)00281-4,"Pressure ""a few 10^-1 Torr""; E/N ranged 120-140; rate constants measured ",3.87E-24,0.98,705.0,1.40E-09,1.66E-09,sulfide,0,0,0,0,0,0,0,0,0,0,0,0,0,0,0,1,0,0,0,0,S
41.039,C3H4H+,propyne,74-99-7,41.039,,,,,,,,,,,,,,PTR-TOF,2.40,120,,"Koss, ACP 18, 3299, 2018",doi.org/10.5194/acp-18-3299-2018,"NOAA PTR-ToF; some sensitivities calibrated, some calculated Sekimoto et al 2017; extraction frequency unknown",6.18E-24,0.78,748.0,,1.75E-09,alkyne,3,0,1,0,0,0,0,0,0,0,0,0,0,0,0,0,0,0,0,0,CC#C
41.039,C3H4H+,propyne,74-99-7,41.039,100.0,,,,,,,,,,,,,PTR-QMS,2.4,106,,"Warneke, ES&T 37, 2494, 2003",doi.org/10.1021/es026266i,,6.18E-24,0.78,748.0,,1.75E-09,alkyne,3,0,1,0,0,0,0,0,0,0,0,0,0,0,0,0,0,0,0,0,CC#C
41.039,C3H4H+,"1,2-propadiene",463-49-0,41.039,,,,,,,,,,,,,,PTR-TOF,2.40,120,,"Koss, ACP 18, 3299, 2018",doi.org/10.5194/acp-18-3299-2018,"NOAA PTR-ToF; some sensitivities calibrated, some calculated Sekimoto et al 2017; extraction frequency unknown",5.71E-24*,n/a,775.3,,#VALUE!,diene,3,2,0,0,0,0,0,0,0,0,0,0,0,0,0,0,0,0,0,0,C=C=C
42.034,C2H3NH+,acetonitrile,75-05-8,42.034,,,,,,,,,,,,,,PTR-MS,2.40,110,48.8,"de Gouw, JGR 108, 4682, 2003",doi.org/10.1029/2003JD003863,"NOAA q-PTRMS, NEAQS sensitivities, E/N assumed based on Warneke 2003 ES&T ",4.44E-24,3.93,779.2,,3.98E-09,nitrile,2,0,0,0,0,0,0,0,0,0,0,0,0,1,0,0,0,0,0,0,CC#N
42.034,C2H3NH+,acetonitrile,75-05-8,42.034,,,,,,,,,,,,,,PTR-MS,2.40,110,50.7,"de Gouw, JGR 111, D10303, 2006",doi.org/10.1029/2005JD006175,"NOAA q-PTRMS; NEAQS-ITCT sensitivities; E/N and Pdrift not reported, taken from Warneke 2003 ES&T ",4.44E-24,3.93,779.2,,3.98E-09,nitrile,2,0,0,0,0,0,0,0,0,0,0,0,0,1,0,0,0,0,0,0,CC#N
42.034,C2H3NH+,acetonitrile,75-05-8,42.034,,,,,,,,,,,,,,PTR-MS,2.10,108,12.8,"Inomata, ACP 10, 7085, 2010",doi.org/10.5194/acp-10-7085-2010,Ionicon q-PTRMS;,4.44E-24,3.93,779.2,,3.98E-09,nitrile,2,0,0,0,0,0,0,0,0,0,0,0,0,1,0,0,0,0,0,0,CC#N
42.034,C2H3NH+,acetonitrile,75-05-8,42.034,,,,,,,,,,,,,,PTR-MS,2.20,136,19,"Kajos, AMT 8, 4453, 2015",doi.org/10.5194/amt-8-4453-2015,"Ionicon q-PTRMS, automated calibration sensitivity",4.44E-24,3.93,779.2,,3.98E-09,nitrile,2,0,0,0,0,0,0,0,0,0,0,0,0,1,0,0,0,0,0,0,CC#N
42.034,C2H3NH+,acetonitrile,75-05-8,42.034,,,,,,,,,,,,,,PTR-MS,2.00,120,18.5,"Kajos, AMT 8, 4453, 2015",doi.org/10.5194/amt-8-4453-2015,"Ionicon q-PTRMS, automated calibration sensitivity",4.44E-24,3.93,779.2,,3.98E-09,nitrile,2,0,0,0,0,0,0,0,0,0,0,0,0,1,0,0,0,0,0,0,CC#N
42.034,C2H3NH+,acetonitrile,75-05-8,42.034,,,,,,,,,,,,,,PTR-MS,2.00,120,18,"Karl, ACP 7, 5883, 2007",doi.org/10.5194/acp-7-5883-2007,Ionicon q-PTRMS; TROFFEE sensitivities,4.44E-24,3.93,779.2,,3.98E-09,nitrile,2,0,0,0,0,0,0,0,0,0,0,0,0,1,0,0,0,0,0,0,CC#N
42.034,C2H3NH+,acetonitrile,75-05-8,42.034,,,,,,,,,,,,,,PTR-TOF,2.40,120,94.81,"Koss, ACP 18, 3299, 2018",doi.org/10.5194/acp-18-3299-2018,"NOAA PTR-ToF; some sensitivities calibrated, some calculated Sekimoto et al 2017; extraction frequency unknown",4.44E-24,3.93,779.2,,3.98E-09,nitrile,2,0,0,0,0,0,0,0,0,0,0,0,0,1,0,0,0,0,0,0,CC#N
42.034,C2H3NH+,acetonitrile,75-05-8,42.034,100.0,,,,,,,,,,,,,PTR-MS,0.40,130,,"Lindinger, IJMSIP 173, 191, 1998",doi.org/10.1016/S0168-1176(97)00281-4,"Pressure ""a few 10^-1 Torr""; E/N ranged 120-140; rate constants measured ",4.44E-24,3.93,779.2,4.70E-09,3.98E-09,nitrile,2,0,0,0,0,0,0,0,0,0,0,0,0,1,0,0,0,0,0,0,CC#N
42.034,C2H3NH+,acetonitrile,75-05-8,42.034,100.0,,,,,,,,,,,,,SIFT-MS,0.67,0,,"Spanel, IJMS 176, 203, 1998",doi.org/10.1016/S1387-3806(98)14004-6,0.5 Torr He. Calculated rate coefficient,4.44E-24,3.93,779.2,5.10E-09,3.98E-09,nitrile,2,0,0,0,0,0,0,0,0,0,0,0,0,1,0,0,0,0,0,0,CC#N
42.034,C2H3NH+,acetonitrile,75-05-8,42.034,,,,,,,,,,,,,,PTR-MS,2.20,138,25,"Sprung, JGRA 106, 28511, 2001",doi.org/10.1029/2000JD900599,"Ionicon q-PTRMS, measured rate constant",4.44E-24,3.93,779.2,2.70E-09,3.98E-09,nitrile,2,0,0,0,0,0,0,0,0,0,0,0,0,1,0,0,0,0,0,0,CC#N
42.034,C2H3NH+,acetonitrile,75-05-8,42.034,,,,,,,,,,,,,,PTR-TOF,2.30,136,4.2,"Stockwell, ACP 15, 845, 2015",doi.org/10.5194/acp-15-845-2015,Ionicon PTR-TOF 8000; m/z range 10-600; sensitivites taken from Fig. 1A using IGORThief,4.44E-24,3.93,779.2,,3.98E-09,nitrile,2,0,0,0,0,0,0,0,0,0,0,0,0,1,0,0,0,0,0,0,CC#N
42.034,C2H3NH+,acetonitrile,75-05-8,42.034,,,,,,,,,,,,,,PTR-MS,2.40,125,31,"Warneke, AMT 8, 411, 2015",doi.org/10.5194/amt-8-411-2015,NOAA q-PTRMS; UBWOS13 sensitivities; from figure using igorthief,4.44E-24,3.93,779.2,,3.98E-09,nitrile,2,0,0,0,0,0,0,0,0,0,0,0,0,1,0,0,0,0,0,0,CC#N
42.034,C2H3NH+,acetonitrile,75-05-8,42.034,,,,,,,,,,,,,,PTR-MS,2.20,130,15,"Warneke, AMT 8, 411, 2015",doi.org/10.5194/amt-8-411-2015,Ionicon PTR=ToF; UBWOS13 sensitivities; exctraction freq 25 kHz (mz1-500); from figure using igorthief,4.44E-24,3.93,779.2,,3.98E-09,nitrile,2,0,0,0,0,0,0,0,0,0,0,0,0,1,0,0,0,0,0,0,CC#N
42.034,C2H3NH+,acetonitrile,75-05-8,42.034,100.0,,,,,,,,,,,,,PTR-QMS,2.4,106,49.5,"Warneke, ES&T 37, 2494, 2003",doi.org/10.1021/es026266i,,4.44E-24,3.93,779.2,,3.98E-09,nitrile,2,0,0,0,0,0,0,0,0,0,0,0,0,1,0,0,0,0,0,0,CC#N
42.034,C2H3NH+,acetonitrile,75-05-8,42.034,,,,,,,,,,,,,,PTR-MS,2.40,130,32,"Warneke, IJMS 303, 6, 2011",doi.org/10.1016/j.ijms.2010.12.002,"NOAA q-PTRMS, sensitivities taken from Figure 1A with IGORThief, pressure and E/N assumed",4.44E-24,3.93,779.2,,3.98E-09,nitrile,2,0,0,0,0,0,0,0,0,0,0,0,0,1,0,0,0,0,0,0,CC#N
42.034,C2H3NH+,acetonitrile,75-05-8,42.034,,,,,,,,,,,,,,PTR-MS,2.20,127,18,"Yanez-Serrano, ACP 15, 3359, 2015",doi.org/10.5194/acp-15-3359-2015,Ionicon q-PTRMS; dry season sensitivity,4.44E-24,3.93,779.2,,3.98E-09,nitrile,2,0,0,0,0,0,0,0,0,0,0,0,0,1,0,0,0,0,0,0,CC#N
42.034,C2H3NH+,acetonitrile,75-05-8,42.034,,,,,,,,,,,,,,PTR-TOF,2.40,120,376,"Yuan, AMT 9, 2735, 2016",doi.org/10.5194/amt-9-2735-2016,NOAA PTR-ToF; SONGNEX sensitivities; extraction frequency 25 kHz,4.44E-24,3.93,779.2,,3.98E-09,nitrile,2,0,0,0,0,0,0,0,0,0,0,0,0,1,0,0,0,0,0,0,CC#N
43.054,C3H6H+,propene,115-07-1,43.054,,,,,,,,,,,,,,PTR-MS,2.10,108,4.8,"Inomata, ACP 10, 7085, 2010",doi.org/10.5194/acp-10-7085-2010,Ionicon q-PTRMS;,6.26E-24,0.37,751.6,,1.64E-09,alkene,3,1,0,0,0,0,0,0,0,0,0,0,0,0,0,0,0,0,0,0,CC=C
43.054,C3H6H+,propene,115-07-1,43.054,,41.039,,,,,,,,,,,,PTR-TOF,2.40,120,17.93,"Koss, ACP 18, 3299, 2018",doi.org/10.5194/acp-18-3299-2018,"NOAA PTR-ToF; some sensitivities calibrated, some calculated Sekimoto et al 2017; extraction frequency unknown",6.26E-24,0.37,751.6,,1.64E-09,alkene,3,1,0,0,0,0,0,0,0,0,0,0,0,0,0,0,0,0,0,0,CC=C
43.054,C3H6H+,propene,115-07-1,43.054,100.0,,,,,,,,,,,,,PTR-MS,0.40,130,,"Lindinger, IJMSIP 173, 191, 1998",doi.org/10.1016/S0168-1176(97)00281-4,"Pressure ""a few 10^-1 Torr""; E/N ranged 120-140; rate constants measured ",6.26E-24,0.37,751.6,1.50E-09,1.64E-09,alkene,3,1,0,0,0,0,0,0,0,0,0,0,0,0,0,0,0,0,0,0,CC=C
43.054,C3H6H+,propene,115-07-1,43.054,85.0,41.039,15.0,,,,,,,,,,,PTR-QMS,2.4,106,16,"Warneke, ES&T 37, 2494, 2003",doi.org/10.1021/es026266i,,6.26E-24,0.37,751.6,,1.64E-09,alkene,3,1,0,0,0,0,0,0,0,0,0,0,0,0,0,0,0,0,0,0,CC=C
43.054,C3H6H+,cyclopropane,75-19-4,43.054,100.0,,,,,,,,,,,,,SIFT-MS,0.67,0,,"Spanel, IJMSIP 145, 177, 1995",doi.org/10.1016/0168-1176(95)04164-G,0.5 Torr He. ,5.66E-24,0.00,750.3,1.50E-09,1.54E-09,cycloalkane,3,0,0,1,0,0,0,0,0,0,0,0,0,0,0,0,0,0,0,1,C1CC1
43.054,C3H6H+,cyclopropane,75-19-4,43.054,100.0,,,,,,,,,,,,,PTR-QMS,2.4,106,,"Warneke, ES&T 37, 2494, 2003",doi.org/10.1021/es026266i,,5.66E-24,0.00,750.3,,1.54E-09,cycloalkane,3,0,0,1,0,0,0,0,0,0,0,0,0,0,0,0,0,0,0,1,C1CC1
44.013,CNHOH+,isocyanic acid,75-13-8,44.013,,,,,,,,,,,,,,PTR-TOF,2.40,120,10.47,"Koss, ACP 18, 3299, 2018",doi.org/10.5194/acp-18-3299-2018,"NOAA PTR-ToF; some sensitivities calibrated, some calculated Sekimoto et al 2017; extraction frequency unknown",n/a,1.60,753.0,,#VALUE!,nitrile,1,0,0,0,1,0,0,0,0,0,0,0,0,1,0,0,0,0,0,0,C(=N)=O
44.049,C2H5NH+,ethenamine,593-67-9,44.049,,,,,,,,,,,,,,PTR-TOF,2.40,120,52.92,"Koss, ACP 18, 3299, 2018",doi.org/10.5194/acp-18-3299-2018,"NOAA PTR-ToF; some sensitivities calibrated, some calculated Sekimoto et al 2017; extraction frequency unknown",n/a,1.90,898.9,,#VALUE!,amine,2,1,0,0,0,0,0,0,0,0,0,1,0,0,0,0,0,0,0,0,C=CN
45.033,C2H4OH+,acetaldehyde,75-07-0,45.033,,,,,,,,,,,,,,PTR-MS,2.40,110,26.6,"de Gouw, JGR 108, 4682, 2003",doi.org/10.1029/2003JD003863,"NOAA q-PTRMS, NEAQS sensitivities, E/N assumed based on Warneke 2003 ES&T ",4.60E-24,2.75,768.5,,3.09E-09,aldehyde,2,0,0,0,0,0,1,0,0,0,0,0,0,0,0,0,0,0,0,0,CC=O
45.033,C2H4OH+,acetaldehyde,75-07-0,45.033,,,,,,,,,,,,,,PTR-MS,2.40,110,55.8,"de Gouw, JGR 111, D10303, 2006",doi.org/10.1029/2005JD006175,"NOAA q-PTRMS; NEAQS-ITCT sensitivities; E/N and Pdrift not reported, taken from Warneke 2003 ES&T ",4.60E-24,2.75,768.5,,3.09E-09,aldehyde,2,0,0,0,0,0,1,0,0,0,0,0,0,0,0,0,0,0,0,0,CC=O
45.033,C2H4OH+,acetaldehyde,75-07-0,45.033,,,,,,,,,,,,,,PTR-MS,2.16,100,20,"Dunne, AMT 11, 141, 2018",doi.org/10.5194/amt-11-141-2018,Ionicon q-PTRMS,4.60E-24,2.75,768.5,,3.09E-09,aldehyde,2,0,0,0,0,0,1,0,0,0,0,0,0,0,0,0,0,0,0,0,CC=O
45.033,C2H4OH+,acetaldehyde,75-07-0,45.033,,,,,,,,,,,,,,PTR-MS,2.10,108,13.8,"Inomata, ACP 10, 7085, 2010",doi.org/10.5194/acp-10-7085-2010,Ionicon q-PTRMS; parameterized sensitivity calculated at 0% RH,4.60E-24,2.75,768.5,,3.09E-09,aldehyde,2,0,0,0,0,0,1,0,0,0,0,0,0,0,0,0,0,0,0,0,CC=O
45.033,C2H4OH+,acetaldehyde,75-07-0,45.033,,,,,,,,,,,,,,PTR-MS,2.20,136,15.6,"Kajos, AMT 8, 4453, 2015",doi.org/10.5194/amt-8-4453-2015,"Ionicon q-PTRMS, automated calibration sensitivity",4.60E-24,2.75,768.5,,3.09E-09,aldehyde,2,0,0,0,0,0,1,0,0,0,0,0,0,0,0,0,0,0,0,0,CC=O
45.033,C2H4OH+,acetaldehyde,75-07-0,45.033,,,,,,,,,,,,,,PTR-MS,2.00,120,12.9,"Kajos, AMT 8, 4453, 2015",doi.org/10.5194/amt-8-4453-2015,"Ionicon q-PTRMS, automated calibration sensitivity",4.60E-24,2.75,768.5,,3.09E-09,aldehyde,2,0,0,0,0,0,1,0,0,0,0,0,0,0,0,0,0,0,0,0,CC=O
45.033,C2H4OH+,acetaldehyde,75-07-0,45.033,,,,,,,,,,,,,,PTR-MS,2.00,120,17,"Karl, ACP 7, 5883, 2007",doi.org/10.5194/acp-7-5883-2007,Ionicon q-PTRMS; TROFFEE sensitivities,4.60E-24,2.75,768.5,,3.09E-09,aldehyde,2,0,0,0,0,0,1,0,0,0,0,0,0,0,0,0,0,0,0,0,CC=O
45.033,C2H4OH+,acetaldehyde,75-07-0,45.033,,,,,,,,,,,,,,PTR-TOF,2.40,120,76,"Koss, ACP 18, 3299, 2018",doi.org/10.5194/acp-18-3299-2018,"NOAA PTR-ToF; some sensitivities calibrated, some calculated Sekimoto et al 2017; extraction frequency unknown",4.60E-24,2.75,768.5,,3.09E-09,aldehyde,2,0,0,0,0,0,1,0,0,0,0,0,0,0,0,0,0,0,0,0,CC=O
45.033,C2H4OH+,acetaldehyde,75-07-0,45.033,100.0,,,,,,,,,,,,,PTR-MS,0.40,130,,"Lindinger, IJMSIP 173, 191, 1998",doi.org/10.1016/S0168-1176(97)00281-4,"Pressure ""a few 10^-1 Torr""; E/N ranged 120-140; rate constants measured ",4.60E-24,2.75,768.5,3.60E-09,3.09E-09,aldehyde,2,0,0,0,0,0,1,0,0,0,0,0,0,0,0,0,0,0,0,0,CC=O
45.033,C2H4OH+,acetaldehyde,75-07-0,45.033,100.0,,,,,,,,,,,,,SIFT-MS,0.67,0,,"Spanel, IJMSIP 145, 177, 1995",doi.org/10.1016/0168-1176(95)04164-G,0.5 Torr He. ,4.60E-24,2.75,768.5,3.50E-09,3.09E-09,aldehyde,2,0,0,0,0,0,1,0,0,0,0,0,0,0,0,0,0,0,0,0,CC=O
45.033,C2H4OH+,acetaldehyde,75-07-0,45.033,100.0,,,,,,,,,,,,,SIFT-MS,0.67,0,,"Spanel, IJMSIP 165/166, 25, 1997",doi.org/10.1016/S0168-1176(97)00166-3,0.5 Torr He. Calculated rate coefficient,4.60E-24,2.75,768.5,3.70E-09,3.09E-09,aldehyde,2,0,0,0,0,0,1,0,0,0,0,0,0,0,0,0,0,0,0,0,CC=O
45.033,C2H4OH+,acetaldehyde,75-07-0,45.033,,,,,,,,,,,,,,PTR-TOF,2.30,136,3.7,"Stockwell, ACP 15, 845, 2015",doi.org/10.5194/acp-15-845-2015,Ionicon PTR-TOF 8000; m/z range 10-600; sensitivites taken from Fig. 1A using IGORThief,4.60E-24,2.75,768.5,,3.09E-09,aldehyde,2,0,0,0,0,0,1,0,0,0,0,0,0,0,0,0,0,0,0,0,CC=O
45.033,C2H4OH+,acetaldehyde,75-07-0,45.033,,,,,,,,,,,,,,PTR-MS,2.40,125,26,"Warneke, AMT 8, 411, 2015",doi.org/10.5194/amt-8-411-2015,NOAA q-PTRMS; UBWOS13 sensitivities; from figure using igorthief,4.60E-24,2.75,768.5,,3.09E-09,aldehyde,2,0,0,0,0,0,1,0,0,0,0,0,0,0,0,0,0,0,0,0,CC=O
45.033,C2H4OH+,acetaldehyde,75-07-0,45.033,,,,,,,,,,,,,,PTR-MS,2.20,130,13,"Warneke, AMT 8, 411, 2015",doi.org/10.5194/amt-8-411-2015,Ionicon PTR=ToF; UBWOS13 sensitivities; exctraction freq 25 kHz (mz1-500); from figure using igorthief,4.60E-24,2.75,768.5,,3.09E-09,aldehyde,2,0,0,0,0,0,1,0,0,0,0,0,0,0,0,0,0,0,0,0,CC=O
45.033,C2H4OH+,acetaldehyde,75-07-0,45.033,100.0,,,,,,,,,,,,,PTR-QMS,2.4,106,34.5,"Warneke, ES&T 37, 2494, 2003",doi.org/10.1021/es026266i,,4.60E-24,2.75,768.5,,3.09E-09,aldehyde,2,0,0,0,0,0,1,0,0,0,0,0,0,0,0,0,0,0,0,0,CC=O
45.033,C2H4OH+,acetaldehyde,75-07-0,45.033,,,,,,,,,,,,,,PTR-MS,2.40,130,29,"Warneke, IJMS 303, 6, 2011",doi.org/10.1016/j.ijms.2010.12.002,"NOAA q-PTRMS, sensitivities taken from Figure 1A with IGORThief, pressure and E/N assumed",4.60E-24,2.75,768.5,,3.09E-09,aldehyde,2,0,0,0,0,0,1,0,0,0,0,0,0,0,0,0,0,0,0,0,CC=O
45.033,C2H4OH+,acetaldehyde,75-07-0,45.033,,,,,,,,,,,,,,PTR-MS,2.20,127,16,"Yanez-Serrano, ACP 15, 3359, 2015",doi.org/10.5194/acp-15-3359-2015,Ionicon q-PTRMS; dry season sensitivity,4.60E-24,2.75,768.5,,3.09E-09,aldehyde,2,0,0,0,0,0,1,0,0,0,0,0,0,0,0,0,0,0,0,0,CC=O
45.033,C2H4OH+,acetaldehyde,75-07-0,45.033,,,,,,,,,,,,,,PTR-TOF,2.40,120,289,"Yuan, AMT 9, 2735, 2016",doi.org/10.5194/amt-9-2735-2016,NOAA PTR-ToF; SONGNEX sensitivities; extraction frequency 25 kHz,4.60E-24,2.75,768.5,,3.09E-09,aldehyde,2,0,0,0,0,0,1,0,0,0,0,0,0,0,0,0,0,0,0,0,CC=O
46.029,CH3NOH+,formamide,75-12-7,46.029,,,,,,,,,,,,,,PTR-TOF,2.40,120,41.06,"Koss, ACP 18, 3299, 2018",doi.org/10.5194/acp-18-3299-2018,"NOAA PTR-ToF; some sensitivities calibrated, some calculated Sekimoto et al 2017; extraction frequency unknown",4.14E-24,3.73,822.2,,3.73E-09,amide,1,0,0,0,0,0,0,0,0,0,0,0,1,0,0,0,0,0,0,0,C(=O)N
46.065,C2H7NH+,dimethylamine,124-40-3,46.065,,,,,,,,,,,,,,PTR-TOF,2.40,120,,"Koss, ACP 18, 3299, 2018",doi.org/10.5194/acp-18-3299-2018,"NOAA PTR-ToF; some sensitivities calibrated, some calculated Sekimoto et al 2017; extraction frequency unknown",6.37E-24,1.01,929.5,,1.85E-09,amine,2,0,0,0,0,0,0,0,0,0,0,1,0,0,0,0,0,0,0,0,CNC
46.065,C2H7NH+,ethylamine,75-04-7,46.065,,,,,,,,,,,,,,PTR-TOF,2.40,120,52.7,"Koss, ACP 18, 3299, 2018",doi.org/10.5194/acp-18-3299-2018,"NOAA PTR-ToF; some sensitivities calibrated, some calculated Sekimoto et al 2017; extraction frequency unknown",7.10E-24,1.22,912.0,,2.04E-09,amine,2,0,0,0,0,0,0,0,0,0,0,1,0,0,0,0,0,0,0,0,CCN
46.065,C2H7NH+,dimethylamine,124-40-3,46.065,100.0,,,,,,,,,,,,,SIFT-MS,0.67,0,,"Spanel, IJMS 176, 203, 1998",doi.org/10.1016/S1387-3806(98)14004-6,0.5 Torr He. Calculated rate coefficient,6.37E-24,1.01,929.5,2.10E-09,1.85E-09,amine,2,0,0,0,0,0,0,0,0,0,0,1,0,0,0,0,0,0,0,0,CNC
47.013,CH2O2H+,formic acid,64-18-6,47.013,,,,,,,,,,,,,,PTR-TOF,2.40,120,24.7,"Koss, ACP 18, 3299, 2018",doi.org/10.5194/acp-18-3299-2018,"NOAA PTR-ToF; some sensitivities calibrated, some calculated Sekimoto et al 2017; extraction frequency unknown",3.40E-24,1.43,742.0,,1.92E-09,acid,1,0,0,0,0,0,0,0,1,0,0,0,0,0,0,0,0,0,0,0,C(=O)O
47.013,CH2O2H+,formic acid,64-18-6,47.013,100.0,,,,,,,,,,,,,PTR-MS,0.40,130,,"Lindinger, IJMSIP 173, 191, 1998",doi.org/10.1016/S0168-1176(97)00281-4,"Pressure ""a few 10^-1 Torr""; E/N ranged 120-140; rate constants measured ",3.40E-24,1.43,742.0,2.70E-09,1.92E-09,acid,1,0,0,0,0,0,0,0,1,0,0,0,0,0,0,0,0,0,0,0,C(=O)O
47.013,CH2O2H+,formic acid,64-18-6,47.013,100.0,,,,,,,,,,,,,SIFT-MS,0.67,0,,"Spanel, IJMSIP 172, 137, 1998",doi.org/10.1016/S0168-1176(97)00246-2,0.5 Torr He. Calculated rate coefficient,3.40E-24,1.43,742.0,2.20E-09,1.92E-09,acid,1,0,0,0,0,0,0,0,1,0,0,0,0,0,0,0,0,0,0,0,C(=O)O
47.013,CH2O2H+,formic acid,64-18-6,47.013,,,,,,,,,,,,,,PTR-MS,2.40,130,20,"Warneke, IJMS 303, 6, 2011",doi.org/10.1016/j.ijms.2010.12.002,"NOAA q-PTRMS, sensitivities taken from Figure 1A with IGORThief, pressure and E/N assumed",3.40E-24,1.43,742.0,,1.92E-09,acid,1,0,0,0,0,0,0,0,1,0,0,0,0,0,0,0,0,0,0,0,C(=O)O
47.049,C2H6OH+,ethanol,64-17-5,47.049,,,,,,,,,,,,,,PTR-MS,2.10,108,1.56,"Inomata, ACP 10, 7085, 2010",doi.org/10.5194/acp-10-7085-2010,Ionicon q-PTRMS; parameterized sensitivity calculated at 0% RH,5.26E-24,1.69,776.4,,2.31E-09,alcohol,2,0,0,0,1,0,0,0,0,0,0,0,0,0,0,0,0,0,0,0,CCO
47.049,C2H6OH+,ethanol,64-17-5,47.049,,,,,,,,,,,,,,PTR-TOF,2.40,120,1.35,"Koss, ACP 18, 3299, 2018",doi.org/10.5194/acp-18-3299-2018,"NOAA PTR-ToF; some sensitivities calibrated, some calculated Sekimoto et al 2017; extraction frequency unknown",5.26E-24,1.69,776.4,,2.31E-09,alcohol,2,0,0,0,1,0,0,0,0,0,0,0,0,0,0,0,0,0,0,0,CCO
47.049,C2H6OH+,ethanol,64-17-5,47.049,100.0,,,,,,,,,,,,,PTR-MS,0.40,130,,"Lindinger, IJMSIP 173, 191, 1998",doi.org/10.1016/S0168-1176(97)00281-4,"Pressure ""a few 10^-1 Torr""; E/N ranged 120-140; rate constants measured ",5.26E-24,1.69,776.4,2.80E-09,2.31E-09,alcohol,2,0,0,0,1,0,0,0,0,0,0,0,0,0,0,0,0,0,0,0,CCO
47.049,C2H6OH+,ethanol,64-17-5,47.049,100.0,,,,,,,,,,,,,SIFT-MS,0.67,0,,"Spanel, IJMS 167/168, 375, 1997",doi.org/10.1016/S0168-1176(97)00085-2,0.5 Torr He. Calculated rate coefficient,5.26E-24,1.69,776.4,2.70E-09,2.31E-09,alcohol,2,0,0,0,1,0,0,0,0,0,0,0,0,0,0,0,0,0,0,0,CCO
47.049,C2H6OH+,ethanol,64-17-5,47.049,100.0,,,,,,,,,,,,,SIFT-MS,0.67,0,,"Spanel, IJMSIP 145, 177, 1995",doi.org/10.1016/0168-1176(95)04164-G,0.5 Torr He. ,5.26E-24,1.69,776.4,2.70E-09,2.31E-09,alcohol,2,0,0,0,1,0,0,0,0,0,0,0,0,0,0,0,0,0,0,0,CCO
47.049,C2H6OH+,ethanol,64-17-5,47.049,50.0,29.039,50.0,,,,,,,,,,,PTR-QMS,2.4,106,3,"Warneke, ES&T 37, 2494, 2003",doi.org/10.1021/es026266i,,5.26E-24,1.69,776.4,,2.31E-09,alcohol,2,0,0,0,1,0,0,0,0,0,0,0,0,0,0,0,0,0,0,0,CCO
47.049,C2H6OH+,ethanol,64-17-5,47.049,70.0,45.033,26.0,65.060,4.0,,,,,,,,,PTR-MS,,,,"Buhr IJMS 221, 1, 2002",doi.org/10.1016/S1387-3806(02)00896-5,"Ionicon qPTRMS, drift tube V=600V, no pressure given",5.26E-24,1.69,776.4,,2.31E-09,alcohol,2,0,0,0,1,0,0,0,0,0,0,0,0,0,0,0,0,0,0,0,CCO
48.008,HNO2H+,nitrous acid,7782-77-6,48.008,2.0,29.997,98.0,,,,,,,,,,,PTR-TOF,2.40,120,0.3,"Koss, ACP 18, 3299, 2018",doi.org/10.5194/acp-18-3299-2018,"NOAA PTR-ToF; some sensitivities calibrated, some calculated Sekimoto et al 2017; extraction frequency unknown",n/a,,n/a,,#VALUE!,HONO,0,0,0,0,0,0,0,0,0,0,0,0,0,0,0,0,0,0,0,0,N(=O)O
49.011,CH4SH+,methane thiol,74-93-1,49.011,,,,,,,,,,,,,,PTR-TOF,2.40,120,57.86,"Koss, ACP 18, 3299, 2018",doi.org/10.5194/acp-18-3299-2018,"NOAA PTR-ToF; some sensitivities calibrated, some calculated Sekimoto et al 2017; extraction frequency unknown",n/a,1.52,773.4,,#VALUE!,sulfide,1,0,0,0,0,0,0,0,0,0,0,0,0,0,0,1,0,0,0,0,CS
49.028,CH4O2H+,methane diol,463-57-0,49.028,,,,,,,,,,,,,,PTR-TOF,2.40,120,62.9,"Koss, ACP 18, 3299, 2018",doi.org/10.5194/acp-18-3299-2018,"NOAA PTR-ToF; some sensitivities calibrated, some calculated Sekimoto et al 2017; extraction frequency unknown",n/a,n/a,n/a,,#VALUE!,diol,1,0,0,0,2,0,0,0,0,0,0,0,0,0,0,0,0,0,0,0,C(O)O
51.000,CH3ClH+,methyl chloride,74-87-3,69.010,100.0,,,,,,,,,,,,,SIFT-MS,0.67,0,,"Spanel, IJMS 189, 213, 1999",doi.org/10.1016/S1387-3806(99)00103-7,0.5 Torr He. Calculated rate coefficient assuming that O2+ reaction in SIFT proceeded at collisional limit,5.04E-24,1.90,647.3,4.00E-11,2.44E-09,halocarbon,1,0,0,0,0,0,0,0,0,0,0,0,0,0,1,0,0,0,0,0,CCl
52.018,C3HNH+,propyne nitrile,NA,52.018,,,,,,,,,,,,,,PTR-TOF,2.40,120,110.51,"Koss, ACP 18, 3299, 2018",doi.org/10.5194/acp-18-3299-2018,"NOAA PTR-ToF; some sensitivities calibrated, some calculated Sekimoto et al 2017; extraction frequency unknown",n/a,3.73,751.2,,#VALUE!,nitrile,3,0,0,0,0,0,0,0,0,0,0,0,0,1,0,0,0,0,0,0,NA
53.039,C4H4H+,1-buten-3-yne,689-97-4,53.039,,,,,,,,,,,,,,PTR-TOF,2.40,120,49.89,"Koss, ACP 18, 3299, 2018",doi.org/10.5194/acp-18-3299-2018,"NOAA PTR-ToF; some sensitivities calibrated, some calculated Sekimoto et al 2017; extraction frequency unknown",n/a,0.22,n/a,,#VALUE!,alkene,4,1,1,0,0,0,0,0,0,0,0,0,0,0,0,0,0,0,0,0,C=CC#C
54.034,C3H3NH+,acrylonitrile,107-13-1,54.034,,,,,,,,,,,,,,PTR-TOF,2.40,120,115.5,"Koss, ACP 18, 3299, 2018",doi.org/10.5194/acp-18-3299-2018,"NOAA PTR-ToF; some sensitivities calibrated, some calculated Sekimoto et al 2017; extraction frequency unknown",8.05E-24,3.92,784.7,,4.16E-09,nitrile,3,1,0,0,0,0,0,0,0,0,0,0,0,1,0,0,0,0,0,0,C=CC#N
55.018,C3H2OH+,2-propynal,624-67-9,55.018,,,,,,,,,,,,,,PTR-TOF,2.40,120,86.95,"Koss, ACP 18, 3299, 2018",doi.org/10.5194/acp-18-3299-2018,"NOAA PTR-ToF; some sensitivities calibrated, some calculated Sekimoto et al 2017; extraction frequency unknown",n/a,2.78,n/a,,#VALUE!,aldehyde,3,0,1,0,0,0,1,0,0,0,0,0,0,0,0,0,0,0,0,0,C#CC=O
55.054,C4H6H+,"1,2-butadiene",590-19-2,55.054,,,,,,,,,,,,,,PTR-TOF,2.40,120,,"Koss, ACP 18, 3299, 2018",doi.org/10.5194/acp-18-3299-2018,"NOAA PTR-ToF; some sensitivities calibrated, some calculated Sekimoto et al 2017; extraction frequency unknown",7.82E-24*,0.40,778.9,,#VALUE!,diene,4,2,0,0,0,0,0,0,0,0,0,0,0,0,0,0,0,0,0,0,CC=C=C
55.054,C4H6H+,"1,3-butadiene",106-99-0,55.054,,,,,,,,,,,,,,PTR-TOF,2.40,120,45.87,"Koss, ACP 18, 3299, 2018",doi.org/10.5194/acp-18-3299-2018,"NOAA PTR-ToF; some sensitivities calibrated, some calculated Sekimoto et al 2017; extraction frequency unknown",8.64E-24,n/a,783.4,,#VALUE!,diene,4,2,0,0,0,0,0,0,0,0,0,0,0,0,0,0,0,0,0,0,C=CC=C
55.054,C4H6H+,"1,2-butadiene",590-19-2,55.054,100.0,,,,,,,,,,,,,PTR-QMS,2.4,106,,"Warneke, ES&T 37, 2494, 2003",doi.org/10.1021/es026266i,,7.82E-24*,0.40,778.9,,#VALUE!,diene,4,2,0,0,0,0,0,0,0,0,0,0,0,0,0,0,0,0,0,0,CC=C=C
55.054,C4H6H+,"1,3-butadiene",106-99-0,55.054,100.0,,,,,,,,,,,,,PTR-QMS,2.4,106,23.4,"Warneke, ES&T 37, 2494, 2003",doi.org/10.1021/es026266i,,8.64E-24,n/a,783.4,,#VALUE!,diene,4,2,0,0,0,0,0,0,0,0,0,0,0,0,0,0,0,0,0,0,C=CC=C
56.049,C3H5NH+,propane nitrile,NA,56.049,,,,,,,,,,,,,,PTR-TOF,2.40,120,103.5,"Koss, ACP 18, 3299, 2018",doi.org/10.5194/acp-18-3299-2018,"NOAA PTR-ToF; some sensitivities calibrated, some calculated Sekimoto et al 2017; extraction frequency unknown",6.47E-24,4.05,794.1,,4.08E-09,nitrile,3,0,0,0,0,0,0,0,0,0,0,0,0,1,0,0,0,0,0,0,NA
57.033,C3H4OH+,acrolein,107-02-8,57.033,100.0,,,,,,,,,,,,,SIFT-MS,0.67,0,,"Spanel, IJMSIP 165/166, 25, 1997",doi.org/10.1016/S0168-1176(97)00166-3,0.5 Torr He. Calculated rate coefficient,n/a,,797.0,4.20E-09,#VALUE!,alkenal,3,1,0,0,0,0,1,0,0,0,0,0,0,0,0,0,0,0,0,0,C=CC=O
57.033,C3H4OH+,acrolein,107-02-8,57.033,,,,,,,,,,,,,,PTR-TOF,2.40,120,38.73,"Koss, ACP 18, 3299, 2018",doi.org/10.5194/acp-18-3299-2018,"NOAA PTR-ToF; some sensitivities calibrated, some calculated Sekimoto et al 2017; extraction frequency unknown",6.38E-24,,797.0,,1.57E-09,alkenal,3,1,0,0,0,0,1,0,0,0,0,0,0,0,0,0,0,0,0,0,C=CC=O
57.070,C4H8H+,1-butene,106-98-9,57.070,100.0,,,,,,,,,,,,,PTR-MS,2.06,80,,"Gueneron, IJMS 379, 97, 2015",doi.org/10.1016/j.ijms.2015.01.001,"Ionicon qPTRMS, drift tube T=65C, dried to dewpoint of -30C",8.25E-24,,n/a,,1.78E-09,alkene,4,1,0,0,0,0,0,0,0,0,0,0,0,0,0,0,0,0,0,0,CCC=C
57.070,C4H8H+,1-butene,106-98-9,57.070,90.0,41.039,10.0,,,,,,,,,,,PTR-MS,2.06,120,,"Gueneron, IJMS 379, 97, 2015",doi.org/10.1016/j.ijms.2015.01.001,"Ionicon qPTRMS, drift tube T=65C, dried to dewpoint of -30C",8.25E-24,,n/a,,1.78E-09,alkene,4,1,0,0,0,0,0,0,0,0,0,0,0,0,0,0,0,0,0,0,CCC=C
57.070,C4H8H+,cis-2-butene,590-18-1,57.070,100.0,,,,,,,,,,,,,PTR-MS,2.06,80,,"Gueneron, IJMS 379, 97, 2015",doi.org/10.1016/j.ijms.2015.01.001,"Ionicon qPTRMS, drift tube T=65C, dried to dewpoint of -30C",7.64E-24*,0.25,n/a,,#VALUE!,alkene,4,1,0,0,0,0,0,0,0,0,0,0,0,0,0,0,0,0,0,0,C/C=C\C
57.070,C4H8H+,cis-2-butene,590-18-1,57.070,89.0,41.039,11.0,,,,,,,,,,,PTR-MS,2.06,120,,"Gueneron, IJMS 379, 97, 2015",doi.org/10.1016/j.ijms.2015.01.001,"Ionicon qPTRMS, drift tube T=65C, dried to dewpoint of -30C",7.64E-24*,0.25,n/a,,#VALUE!,alkene,4,1,0,0,0,0,0,0,0,0,0,0,0,0,0,0,0,0,0,0,C/C=C\C
57.070,C4H8H+,butene,106-98-9,57.070,,,,,,,,,,,,,,PTR-TOF,2.40,120,51.43,"Koss, ACP 18, 3299, 2018",doi.org/10.5194/acp-18-3299-2018,"NOAA PTR-ToF; some sensitivities calibrated, some calculated Sekimoto et al 2017; extraction frequency unknown",n/a,,n/a,,#VALUE!,alkene,4,1,0,0,0,0,0,0,0,0,0,0,0,0,0,0,0,0,0,0,CCC=C
57.070,C4H8H+,cis-2-butene,590-18-1,57.070,100.0,,,,,,,,,,,,,PTR-QMS,2.4,106,,"Warneke, ES&T 37, 2494, 2003",doi.org/10.1021/es026266i,,n/a,0.25,n/a,,#VALUE!,alkene,4,1,0,0,0,0,0,0,0,0,0,0,0,0,0,0,0,0,0,0,C/C=C\C
57.070,C4H8H+,trans-2-butene,624-64-6,57.070,100.0,,,,,,,,,,,,,PTR-QMS,2.4,106,,"Warneke, ES&T 37, 2494, 2003",doi.org/10.1021/es026266i,,8.49E-24,n/a,747.0,,#VALUE!,alkene,4,1,0,0,0,0,0,0,0,0,0,0,0,0,0,0,0,0,0,0,C/C=C/C
58.029,C2H3NOH+,hydroxy acetonitrile,107-16-4,58.029,,,,,,,,,,,,,,PTR-TOF,2.40,120,,"Koss, ACP 18, 3299, 2018",doi.org/10.5194/acp-18-3299-2018,"NOAA PTR-ToF; some sensitivities calibrated, some calculated Sekimoto et al 2017; extraction frequency unknown",n/a,n/a,n/a,,#VALUE!,nitrile,2,0,0,0,1,0,0,0,0,0,0,0,0,1,0,0,0,0,0,0,C(C#N)O
58.029,C2H3NOH+,methyl isocyanate,624-83-9,58.029,,,,,,,,,,,,,,PTR-TOF,2.40,120,32.56,"Koss, ACP 18, 3299, 2018",doi.org/10.5194/acp-18-3299-2018,"NOAA PTR-ToF; some sensitivities calibrated, some calculated Sekimoto et al 2017; extraction frequency unknown",n/a,2.80,764.4,,#VALUE!,nitrile,2,0,0,0,0,1,0,0,0,0,0,0,0,1,0,0,0,0,0,0,CN=C=O
58.065,C3H7NH+,propenamine,107-11-9,58.065,,,,,,,,,,,,,,PTR-TOF,2.40,120,53.54,"Koss, ACP 18, 3299, 2018",doi.org/10.5194/acp-18-3299-2018,"NOAA PTR-ToF; some sensitivities calibrated, some calculated Sekimoto et al 2017; extraction frequency unknown",n/a,1.20,909.5,,#VALUE!,amine,3,1,0,0,0,0,0,0,0,0,0,1,0,0,0,0,0,0,0,0,NA
59.013,C2H2O2H+,glyoxal,107-22-2,59.013,,,,,,,,,,,,,,PTR-TOF,2.40,120,0.5,"Koss, ACP 18, 3299, 2018",doi.org/10.5194/acp-18-3299-2018,"NOAA PTR-ToF; some sensitivities calibrated, some calculated Sekimoto et al 2017; extraction frequency unknown",4.71E-24*,4.80,n/a,,#VALUE!,aldehyde,2,0,0,0,0,0,2,0,0,0,0,0,0,0,0,0,0,0,0,0,C(=O)C=O
59.013,C2H2O2H+,glyoxal,107-22-2,59.013,20.0,31.018,80.0,,,,,,,,,,,PTR-TOF,2.2,137,0.8,"Stönner, JMS 52, 30, 2017",doi.org/10.1002/jms.3893,Ionicon PTR-TOF-MS 8000; Sensitivity and fragmentation vary with RH,4.71E-24*,4.80,n/a,,#VALUE!,aldehyde,2,0,0,0,0,0,2,0,0,0,0,0,0,0,0,0,0,0,0,0,C(=O)C=O
59.049,C3H6OH+,acetone,67-64-1,59.049,,,,,,,,,,,,,,PTR-TOF,2.40,120,354,"Yuan, AMT 9, 2735, 2016",doi.org/10.5194/amt-9-2735-2016,NOAA PTR-ToF; SONGNEX sensitivities; extraction frequency 25 kHz,6.37E-24,2.88,812.0,,3.2328E-09,acetone,3,0,0,0,0,1,0,0,0,0,0,0,0,0,0,0,0,0,0,0,CC(=O)C
59.049,C3H6OH+,propanal,123-38-6,59.049,95.0,41.039,5.0,,,,,,,,,,,PTR-MS,,,,"Buhr IJMS 221, 1, 2002",doi.org/10.1016/S1387-3806(02)00896-5,"Ionicon qPTRMS, drift tube V=600V, no pressure given",6.50E-24,2.72,786.0,,3.13E-09,aldehyde,3,0,0,0,0,0,1,0,0,0,0,0,0,0,0,0,0,0,0,0,CCC=O
59.049,C3H6OH+,propanal,123-38-6,59.049,,,,,,,,,,,,,,PTR-TOF,2.40,120,,"Koss, ACP 18, 3299, 2018",doi.org/10.5194/acp-18-3299-2018,"NOAA PTR-ToF; some sensitivities calibrated, some calculated Sekimoto et al 2017; extraction frequency unknown",6.50E-24,2.72,786.0,,3.13E-09,aldehyde,3,0,0,0,0,0,1,0,0,0,0,0,0,0,0,0,0,0,0,0,CCC=O
59.049,C3H6OH+,propanal,123-38-6,59.049,100.0,,,,,,,,,,,,,PTR-MS,0.40,130,,"Lindinger, IJMSIP 173, 191, 1998",doi.org/10.1016/S0168-1176(97)00281-4,"Pressure ""a few 10^-1 Torr""; E/N ranged 120-140; rate constants measured ",6.50E-24,2.72,786.0,,3.13E-09,aldehyde,3,0,0,0,0,0,1,0,0,0,0,0,0,0,0,0,0,0,0,0,CCC=O
59.049,C3H6OH+,propanal,123-38-6,59.049,100.0,,,,,,,,,,,,,SIFT-MS,0.67,0,,"Spanel, IJMSIP 165/166, 25, 1997",doi.org/10.1016/S0168-1176(97)00166-3,0.5 Torr He. Calculated rate coefficient,6.50E-24,2.72,786.0,3.60E-09,3.13E-09,aldehyde,3,0,0,0,0,0,1,0,0,0,0,0,0,0,0,0,0,0,0,0,CCC=O
59.049,C3H6OH+,propanal,123-38-6,59.049,100.0,,,,,,,,,,,,,PTR-QMS,2.4,106,,"Warneke, ES&T 37, 2494, 2003",doi.org/10.1021/es026266i,,6.50E-24,2.72,786.0,,3.13E-09,aldehyde,3,0,0,0,0,0,1,0,0,0,0,0,0,0,0,0,0,0,0,0,CCC=O
59.049,C3H6OH+,acetone,67-64-1,59.049,,,,,,,,,,,,,,PTR-MS,2.40,110,64,"de Gouw, JGR 108, 4682, 2003",doi.org/10.1029/2003JD003863,"NOAA q-PTRMS, NEAQS sensitivities, E/N assumed based on Warneke 2003 ES&T ",6.37E-24,2.88,812.0,,3.23E-09,ketone,3,0,0,0,0,1,0,0,0,0,0,0,0,0,0,0,0,0,0,0,CC(=O)C
59.049,C3H6OH+,acetone,67-64-1,59.049,,,,,,,,,,,,,,PTR-MS,2.40,110,63.8,"de Gouw, JGR 111, D10303, 2006",doi.org/10.1029/2005JD006175,"NOAA q-PTRMS; NEAQS-ITCT sensitivities; E/N and Pdrift not reported, taken from Warneke 2003 ES&T ",6.37E-24,2.88,812.0,,3.23E-09,ketone,3,0,0,0,0,1,0,0,0,0,0,0,0,0,0,0,0,0,0,0,CC(=O)C
59.049,C3H6OH+,acetone,67-64-1,59.049,,,,,,,,,,,,,,PTR-MS,2.16,100,24,"Dunne, AMT 11, 141, 2018",doi.org/10.5194/amt-11-141-2018,Ionicon q-PTRMS,6.37E-24,2.88,812.0,,3.23E-09,ketone,3,0,0,0,0,1,0,0,0,0,0,0,0,0,0,0,0,0,0,0,CC(=O)C
59.049,C3H6OH+,acetone,67-64-1,59.049,,,,,,,,,,,,,,PTR-MS,2.20,,18,"Hu, ACP 13, 3379, 2013",doi.org/10.5194/acp-13-3379-2013,"Ionicon q-PTRMS, no E/N reported; drift tube voltage = 600V",6.37E-24,2.88,812.0,,3.23E-09,ketone,3,0,0,0,0,1,0,0,0,0,0,0,0,0,0,0,0,0,0,0,CC(=O)C
59.049,C3H6OH+,acetone,67-64-1,59.049,,,,,,,,,,,,,,PTR-MS,2.10,108,13.9,"Inomata, ACP 10, 7085, 2010",doi.org/10.5194/acp-10-7085-2010,Ionicon q-PTRMS; parameterized sensitivity calculated at 0% RH,6.37E-24,2.88,812.0,,3.23E-09,ketone,3,0,0,0,0,1,0,0,0,0,0,0,0,0,0,0,0,0,0,0,CC(=O)C
59.049,C3H6OH+,acetone,67-64-1,59.049,,,,,,,,,,,,,,PTR-MS,2.20,136,17,"Kajos, AMT 8, 4453, 2015",doi.org/10.5194/amt-8-4453-2015,"Ionicon q-PTRMS, automated calibration sensitivity",6.37E-24,2.88,812.0,,3.23E-09,ketone,3,0,0,0,0,1,0,0,0,0,0,0,0,0,0,0,0,0,0,0,CC(=O)C
59.049,C3H6OH+,acetone,67-64-1,59.049,,,,,,,,,,,,,,PTR-MS,2.00,120,18.2,"Kajos, AMT 8, 4453, 2015",doi.org/10.5194/amt-8-4453-2015,"Ionicon q-PTRMS, automated calibration sensitivity",6.37E-24,2.88,812.0,,3.23E-09,ketone,3,0,0,0,0,1,0,0,0,0,0,0,0,0,0,0,0,0,0,0,CC(=O)C
59.049,C3H6OH+,acetone,67-64-1,59.049,,,,,,,,,,,,,,PTR-MS,2.00,120,19,"Karl, ACP 7, 5883, 2007",doi.org/10.5194/acp-7-5883-2007,Ionicon q-PTRMS; TROFFEE sensitivities,6.37E-24,2.88,812.0,,3.23E-09,ketone,3,0,0,0,0,1,0,0,0,0,0,0,0,0,0,0,0,0,0,0,CC(=O)C
59.049,C3H6OH+,acetone,67-64-1,59.049,,,,,,,,,,,,,,PTR-MS,2.30,110,26,"Kaser, ACP 13, 2893, 2013",doi.org/10.5194/acp-13-2893-2013,"Ionicon q-PTRMS, BEACHON sensitivities",6.37E-24,2.88,812.0,,3.23E-09,ketone,3,0,0,0,0,1,0,0,0,0,0,0,0,0,0,0,0,0,0,0,CC(=O)C
59.049,C3H6OH+,acetone,67-64-1,59.049,,,,,,,,,,,,,,PTR-TOF,2.40,120,89.21,"Koss, ACP 18, 3299, 2018",doi.org/10.5194/acp-18-3299-2018,"NOAA PTR-ToF; some sensitivities calibrated, some calculated Sekimoto et al 2017; extraction frequency unknown",6.37E-24,2.88,812.0,,3.23E-09,ketone,3,0,0,0,0,1,0,0,0,0,0,0,0,0,0,0,0,0,0,0,CC(=O)C
59.049,C3H6OH+,acetone,67-64-1,59.049,100.0,,,,,,,,,,,,,PTR-MS,0.40,130,,"Lindinger, IJMSIP 173, 191, 1998",doi.org/10.1016/S0168-1176(97)00281-4,"Pressure ""a few 10^-1 Torr""; E/N ranged 120-140; rate constants measured ",6.37E-24,2.88,812.0,3.90E-09,3.23E-09,ketone,3,0,0,0,0,1,0,0,0,0,0,0,0,0,0,0,0,0,0,0,CC(=O)C
59.049,C3H6OH+,acetone,67-64-1,59.049,100.0,,,,,,,,,,,,,SIFT-MS,0.93,0,,"Smith, RCMS 17, 2655, 2003",doi.org/10.1002/rcm.1244,0.7 Torr He. Calculated rate coefficient,6.37E-24,2.88,812.0,3.90E-09,3.23E-09,ketone,3,0,0,0,0,1,0,0,0,0,0,0,0,0,0,0,0,0,0,0,CC(=O)C
59.049,C3H6OH+,acetone,67-64-1,59.049,100.0,,,,,,,,,,,,,SIFT-MS,0.67,0,,"Spanel, IJMSIP 145, 177, 1995",doi.org/10.1016/0168-1176(95)04164-G,0.5 Torr He. ,6.37E-24,2.88,812.0,4.10E-09,3.23E-09,ketone,3,0,0,0,0,1,0,0,0,0,0,0,0,0,0,0,0,0,0,0,CC(=O)C
59.049,C3H6OH+,acetone,67-64-1,59.049,100.0,,,,,,,,,,,,,SIFT-MS,0.67,0,,"Spanel, IJMSIP 165/166, 25, 1997",doi.org/10.1016/S0168-1176(97)00166-3,0.5 Torr He. Calculated rate coefficient,6.37E-24,2.88,812.0,3.90E-09,3.23E-09,ketone,3,0,0,0,0,1,0,0,0,0,0,0,0,0,0,0,0,0,0,0,CC(=O)C
59.049,C3H6OH+,acetone,67-64-1,59.049,,,,,,,,,,,,,,PTR-MS,2.20,138,26,"Sprung, JGRA 106, 28511, 2001",doi.org/10.1029/2000JD900599,"Ionicon q-PTRMS, measured rate constant",6.37E-24,2.88,812.0,2.40E-09,3.23E-09,ketone,3,0,0,0,0,1,0,0,0,0,0,0,0,0,0,0,0,0,0,0,CC(=O)C
59.049,C3H6OH+,acetone,67-64-1,59.049,,,,,,,,,,,,,,PTR-TOF,2.30,136,4.6,"Stockwell, ACP 15, 845, 2015",doi.org/10.5194/acp-15-845-2015,Ionicon PTR-TOF 8000; m/z range 10-600; sensitivites taken from Fig. 1A using IGORThief,6.37E-24,2.88,812.0,,3.23E-09,ketone,3,0,0,0,0,1,0,0,0,0,0,0,0,0,0,0,0,0,0,0,CC(=O)C
59.049,C3H6OH+,acetone,67-64-1,59.049,,,,,,,,,,,,,,PTR-MS,2.40,130,33.3,"Warneke, AMT 4, 2345, 2011",doi.org/10.5194/amt-4-2345-2011,"NOAA q-PTRMS, CalNex sensitivities",6.37E-24,2.88,812.0,,3.23E-09,ketone,3,0,0,0,0,1,0,0,0,0,0,0,0,0,0,0,0,0,0,0,CC(=O)C
59.049,C3H6OH+,acetone,67-64-1,59.049,,,,,,,,,,,,,,PTR-MS,2.40,125,33,"Warneke, AMT 8, 411, 2015",doi.org/10.5194/amt-8-411-2015,NOAA q-PTRMS; UBWOS13 sensitivities; from figure using igorthief,6.37E-24,2.88,812.0,,3.23E-09,ketone,3,0,0,0,0,1,0,0,0,0,0,0,0,0,0,0,0,0,0,0,CC(=O)C
59.049,C3H6OH+,acetone,67-64-1,59.049,,,,,,,,,,,,,,PTR-MS,2.20,130,17,"Warneke, AMT 8, 411, 2015",doi.org/10.5194/amt-8-411-2015,Ionicon PTR=ToF; UBWOS13 sensitivities; exctraction freq 25 kHz (mz1-500); from figure using igorthief,6.37E-24,2.88,812.0,,3.23E-09,ketone,3,0,0,0,0,1,0,0,0,0,0,0,0,0,0,0,0,0,0,0,CC(=O)C
59.049,C3H6OH+,acetone,67-64-1,59.049,90.0,43.018,10.0,,,,,,,,,,,PTR-QMS,2.4,106,41.5,"Warneke, ES&T 37, 2494, 2003",doi.org/10.1021/es026266i,,6.37E-24,2.88,812.0,,3.23E-09,ketone,3,0,0,0,0,1,0,0,0,0,0,0,0,0,0,0,0,0,0,0,CC(=O)C
59.049,C3H6OH+,acetone,67-64-1,59.049,,,,,,,,,,,,,,PTR-MS,2.40,130,34,"Warneke, IJMS 303, 6, 2011",doi.org/10.1016/j.ijms.2010.12.002,"NOAA q-PTRMS, sensitivities taken from Figure 1A with IGORThief, pressure and E/N assumed",6.37E-24,2.88,812.0,,3.23E-09,ketone,3,0,0,0,0,1,0,0,0,0,0,0,0,0,0,0,0,0,0,0,CC(=O)C
59.049,C3H6OH+,acetone,67-64-1,59.049,,,,,,,,,,,,,,PTR-MS,2.20,127,17,"Yanez-Serrano, ACP 15, 3359, 2015",doi.org/10.5194/acp-15-3359-2015,Ionicon q-PTRMS; dry season sensitivity,6.37E-24,2.88,812.0,,3.23E-09,ketone,3,0,0,0,0,1,0,0,0,0,0,0,0,0,0,0,0,0,0,0,CC(=O)C
60.044,C2H5NOH+,acetamide,60-35-5,60.044,,,,,,,,,,,,,,PTR-TOF,2.40,120,40.65,"Koss, ACP 18, 3299, 2018",doi.org/10.5194/acp-18-3299-2018,"NOAA PTR-ToF; some sensitivities calibrated, some calculated Sekimoto et al 2017; extraction frequency unknown",5.67E-24,3.68,863.6,,3.70E-09,amide,2,0,0,0,0,0,0,0,0,0,0,0,1,0,0,0,0,0,0,0,CC(=O)N
60.081,C3H9NH+,trimethylamine,75-50-3,60.081,,,,,,,,,,,,,,PTR-TOF,2.40,120,49.26,"Koss, ACP 18, 3299, 2018",doi.org/10.5194/acp-18-3299-2018,"NOAA PTR-ToF; some sensitivities calibrated, some calculated Sekimoto et al 2017; extraction frequency unknown",8.15E-24,0.61,948.9,,1.81E-09,amine,3,0,0,0,0,0,0,0,0,0,0,1,0,0,0,0,0,0,0,0,CN(C)C
60.081,C3H9NH+,1-propylamine,107-10-8,60.081,90.0,18.034,10.0,,,,,,,,,,,SIFT-MS,0.67,0,,"Spanel, IJMS 176, 203, 1998",doi.org/10.1016/S1387-3806(98)14004-6,0.5 Torr He. Calculated rate coefficient,8.45E-24,1.17,917.8,2.40E-09,2.04E-09,amine,3,0,0,0,0,0,0,0,0,0,0,1,0,0,0,0,0,0,0,0,CCCN
60.081,C3H9NH+,isopropylamine,75-31-0,60.081,65.0,18.034,35.0,,,,,,,,,,,SIFT-MS,0.67,0,,"Spanel, IJMS 176, 203, 1998",doi.org/10.1016/S1387-3806(98)14004-6,0.5 Torr He. Calculated rate coefficient,7.77E-24,1.19,923.8,2.40E-09,1.99E-09,amine,3,0,0,0,0,0,0,0,0,0,0,1,0,0,0,0,0,0,0,0,CC(C)N
60.081,C3H9NH+,methylethylamine,624-78-2,60.081,95.0,58.065,5.0,,,,,,,,,,,SIFT-MS,0.67,0,,"Spanel, IJMS 176, 203, 1998",doi.org/10.1016/S1387-3806(98)14004-6,0.5 Torr He. Calculated rate coefficient,n/a,n/a,942.2,2.30E-09,#VALUE!,amine,3,0,0,0,0,0,0,0,0,0,0,1,0,0,0,0,0,0,0,0,CCNC
60.081,C3H9NH+,trimethylamine,75-50-3,60.081,90.0,58.065,10.0,,,,,,,,,,,SIFT-MS,0.67,0,,"Spanel, IJMS 176, 203, 1998",doi.org/10.1016/S1387-3806(98)14004-6,0.5 Torr He. Calculated rate coefficient,8.15E-24,0.61,948.9,2.00E-09,1.81E-09,amine,3,0,0,0,0,0,0,0,0,0,0,1,0,0,0,0,0,0,0,0,CN(C)C
61.028,C2H4O2H+,acetic acid,64-19-7,61.028,,,,,,,,,,,,,,PTR-MS,2.40,110,8,"de Gouw, JGR 108, 4682, 2003",doi.org/10.1029/2003JD003863,"NOAA q-PTRMS, NEAQS sensitivities, E/N assumed based on Warneke 2003 ES&T ",5.10E-24,1.70,783.7,,2.20E-09,acid,2,0,0,0,0,0,0,0,1,0,0,0,0,0,0,0,0,0,0,0,CC(=O)O
61.028,C2H4O2H+,acetic acid,64-19-7,61.028,,,,,,,,,,,,,,PTR-MS,2.40,110,41.4,"de Gouw, JGR 111, D10303, 2006",doi.org/10.1029/2005JD006175,"NOAA q-PTRMS; NEAQS-ITCT sensitivities; E/N and Pdrift not reported, taken from Warneke 2003 ES&T ",5.10E-24,1.70,783.7,,2.20E-09,acid,2,0,0,0,0,0,0,0,1,0,0,0,0,0,0,0,0,0,0,0,CC(=O)O
61.028,C2H4O2H+,acetic acid,64-19-7,61.028,47.0,43.018,53.0,,,,,,,,,,,PTR-MS,2.00,132,7,"Haase, AMT 5, 2739, 2012",doi.org/10.5194/amt-5-2739-2012,Ionicon q-PTRMS;,5.10E-24,1.70,783.7,,2.20E-09,acid,2,0,0,0,0,0,0,0,1,0,0,0,0,0,0,0,0,0,0,0,CC(=O)O
61.028,C2H4O2H+,acetic acid,64-19-7,61.028,51.0,43.018,49.0,,,,,,,,,,,PTR-MS,2.00,132,6.9,"Haase, AMT 5, 2739, 2012",doi.org/10.5194/amt-5-2739-2012,Ionicon q-PTRMS;,5.10E-24,1.70,783.7,,2.20E-09,acid,2,0,0,0,0,0,0,0,1,0,0,0,0,0,0,0,0,0,0,0,CC(=O)O
61.028,C2H4O2H+,acetic acid,64-19-7,61.028,60.0,43.018,40.0,,,,,,,,,,,PTR-MS,2.00,132,8.5,"Haase, AMT 5, 2739, 2012",doi.org/10.5194/amt-5-2739-2012,Ionicon q-PTRMS; high-sensitivity model,5.10E-24,1.70,783.7,,2.20E-09,acid,2,0,0,0,0,0,0,0,1,0,0,0,0,0,0,0,0,0,0,0,CC(=O)O
61.028,C2H4O2H+,acetic acid,64-19-7,61.028,66.0,43.018,34.0,,,,,,,,,,,PTR-MS,2.00,132,10.9,"Haase, AMT 5, 2739, 2012",doi.org/10.5194/amt-5-2739-2012,Ionicon q-PTRMS; high-sensitivity model,5.10E-24,1.70,783.7,,2.20E-09,acid,2,0,0,0,0,0,0,0,1,0,0,0,0,0,0,0,0,0,0,0,CC(=O)O
61.028,C2H4O2H+,acetic acid,64-19-7,61.028,74.0,43.018,26.0,,,,,,,,,,,PTR-MS,2.00,116,14.3,"Haase, AMT 5, 2739, 2012",doi.org/10.5194/amt-5-2739-2012,Ionicon q-PTRMS; high-sensitivity model,5.10E-24,1.70,783.7,,2.20E-09,acid,2,0,0,0,0,0,0,0,1,0,0,0,0,0,0,0,0,0,0,0,CC(=O)O
61.028,C2H4O2H+,acetic acid,64-19-7,61.028,79.0,43.018,21.0,,,,,,,,,,,PTR-MS,2.00,106,17.9,"Haase, AMT 5, 2739, 2012",doi.org/10.5194/amt-5-2739-2012,Ionicon q-PTRMS; high-sensitivity model,5.10E-24,1.70,783.7,,2.20E-09,acid,2,0,0,0,0,0,0,0,1,0,0,0,0,0,0,0,0,0,0,0,CC(=O)O
61.028,C2H4O2H+,acetic acid,64-19-7,61.028,82.0,43.018,18.0,,,,,,,,,,,PTR-MS,2.00,95,23,"Haase, AMT 5, 2739, 2012",doi.org/10.5194/amt-5-2739-2012,Ionicon q-PTRMS; high-sensitivity model,5.10E-24,1.70,783.7,,2.20E-09,acid,2,0,0,0,0,0,0,0,1,0,0,0,0,0,0,0,0,0,0,0,CC(=O)O
61.028,C2H4O2H+,acetic acid,64-19-7,61.028,86.0,43.018,14.0,,,,,,,,,,,PTR-MS,2.00,88,31,"Haase, AMT 5, 2739, 2012",doi.org/10.5194/amt-5-2739-2012,Ionicon q-PTRMS; high-sensitivity model,5.10E-24,1.70,783.7,,2.20E-09,acid,2,0,0,0,0,0,0,0,1,0,0,0,0,0,0,0,0,0,0,0,CC(=O)O
61.028,C2H4O2H+,acetic acid,64-19-7,61.028,,,,,,,,,,,,,,PTR-MS,2.00,120,17,"Karl, ACP 7, 5883, 2007",doi.org/10.5194/acp-7-5883-2007,Ionicon q-PTRMS; TROFFEE sensitivities,5.10E-24,1.70,783.7,,2.20E-09,acid,2,0,0,0,0,0,0,0,1,0,0,0,0,0,0,0,0,0,0,0,CC(=O)O
61.028,C2H4O2H+,acetic acid,64-19-7,61.028,,43.018,,,,,,,,,,,,PTR-TOF,2.40,120,54.66,"Koss, ACP 18, 3299, 2018",doi.org/10.5194/acp-18-3299-2018,"NOAA PTR-ToF; some sensitivities calibrated, some calculated Sekimoto et al 2017; extraction frequency unknown",5.10E-24,1.70,783.7,,2.20E-09,acid,2,0,0,0,0,0,0,0,1,0,0,0,0,0,0,0,0,0,0,0,CC(=O)O
61.028,C2H4O2H+,acetic acid,64-19-7,61.028,100.0,,,,,,,,,,,,,PTR-MS,0.40,130,,"Lindinger, IJMSIP 173, 191, 1998",doi.org/10.1016/S0168-1176(97)00281-4,"Pressure ""a few 10^-1 Torr""; E/N ranged 120-140; rate constants measured ",5.10E-24,1.70,783.7,3.00E-09,2.20E-09,acid,2,0,0,0,0,0,0,0,1,0,0,0,0,0,0,0,0,0,0,0,CC(=O)O
61.028,C2H4O2H+,acetic acid,64-19-7,61.028,100.0,,,,,,,,,,,,,SIFT-MS,0.67,0,,"Spanel, IJMSIP 172, 137, 1998",doi.org/10.1016/S0168-1176(97)00246-2,0.5 Torr He. Calculated rate coefficient,5.10E-24,1.70,783.7,2.60E-09,2.20E-09,acid,2,0,0,0,0,0,0,0,1,0,0,0,0,0,0,0,0,0,0,0,CC(=O)O
61.028,C2H4O2H+,acetic acid,64-19-7,61.028,,,,,,,,,,,,,,PTR-MS,2.40,130,20,"Warneke, IJMS 303, 6, 2011",doi.org/10.1016/j.ijms.2010.12.002,"NOAA q-PTRMS, sensitivities taken from Figure 1A with IGORThief, pressure and E/N assumed",5.10E-24,1.70,783.7,,2.20E-09,acid,2,0,0,0,0,0,0,0,1,0,0,0,0,0,0,0,0,0,0,0,CC(=O)O
61.028,C2H4O2H+,acetic acid,64-19-7,61.028,,,,,,,,,,,,,,PTR-TOF,2.40,120,209,"Yuan, AMT 9, 2735, 2016",doi.org/10.5194/amt-9-2735-2016,NOAA PTR-ToF; SONGNEX sensitivities; extraction frequency 25 kHz,5.10E-24,1.70,783.7,,2.20E-09,acid,2,0,0,0,0,0,0,0,1,0,0,0,0,0,0,0,0,0,0,0,CC(=O)O
61.028,C2H4O2H+,glycolaldehyde,141-46-8,61.028,,,,,,,,,,,,,,PTR-TOF,2.40,120,,"Koss, ACP 18, 3299, 2018",doi.org/10.5194/acp-18-3299-2018,"NOAA PTR-ToF; some sensitivities calibrated, some calculated Sekimoto et al 2017; extraction frequency unknown",n/a,2.73,n/a,,#VALUE!,aldehyde,2,0,0,0,1,0,1,0,0,0,0,0,0,0,0,0,0,0,0,0,C(C=O)O
61.028,C2H4O2H+,methyl formate,107-31-3,61.028,,,,,,,,,,,,,,PTR-TOF,2.40,120,,"Koss, ACP 18, 3299, 2018",doi.org/10.5194/acp-18-3299-2018,"NOAA PTR-ToF; some sensitivities calibrated, some calculated Sekimoto et al 2017; extraction frequency unknown",5.05E-24,1.77,782.5,,2.26E-09,ester,2,0,0,0,0,0,0,1,0,0,0,0,0,0,0,0,0,0,0,0,COC=O
61.028,C2H4O2H+,methyl formate,107-31-3,61.028,95.0,33.033,5.0,,,,,,,,,,,SIFT-MS,0.67,0,,"Spanel, IJMSIP 172, 137, 1998",doi.org/10.1016/S0168-1176(97)00246-2,0.5 Torr He. Calculated rate coefficient,5.05E-24,1.77,782.5,2.90E-09,2.26E-09,ester,2,0,0,0,0,0,0,1,0,0,0,0,0,0,0,0,0,0,0,0,COC=O
61.065,C3H8OH+,1-propanol,71-23-8,43.054,73.0,41.039,27.0,,,,,,,,,,,PTR-MS,,,,"Buhr IJMS 221, 1, 2002",doi.org/10.1016/S1387-3806(02)00896-5,"Ionicon qPTRMS, drift tube V=600V, no pressure given",6.74E-24,1.55,786.5,,2.16E-09,alcohol,3,0,0,0,1,0,0,0,0,0,0,0,0,0,0,0,0,0,0,0,CCCO
61.065,C3H8OH+,2-propanol,67-63-0,43.054,73.0,41.039,27.0,,,,,,,,,,,PTR-MS,,,,"Buhr IJMS 221, 1, 2002",doi.org/10.1016/S1387-3806(02)00896-5,"Ionicon qPTRMS, drift tube V=600V, no pressure given",7.29E-24,1.58,793.0,,2.22E-09,alcohol,3,0,0,0,1,0,0,0,0,0,0,0,0,0,0,0,0,0,0,0,CC(C)O
61.065,C3H8OH+,propanol,71-23-8,61.065,,,,,,,,,,,,,,PTR-TOF,2.40,120,,"Koss, ACP 18, 3299, 2018",doi.org/10.5194/acp-18-3299-2018,"NOAA PTR-ToF; some sensitivities calibrated, some calculated Sekimoto et al 2017; extraction frequency unknown",n/a,1.55,786.5,,#VALUE!,alcohol,3,0,0,0,1,0,0,0,0,0,0,0,0,0,0,0,0,0,0,0,CCCO
61.065,C3H8OH+,1-propanol,71-23-8,61.065,20.0,43.054,80.0,,,,,,,,,,,PTR-MS,0.40,130,,"Lindinger, IJMSIP 173, 191, 1998",doi.org/10.1016/S0168-1176(97)00281-4,"Pressure ""a few 10^-1 Torr""; E/N ranged 120-140; rate constants measured ",6.74E-24,1.55,786.5,2.30E-09,2.16E-09,alcohol,3,0,0,0,1,0,0,0,0,0,0,0,0,0,0,0,0,0,0,0,CCCO
61.065,C3H8OH+,2-propanol,67-63-0,61.065,10.0,43.054,90.0,,,,,,,,,,,PTR-MS,0.40,130,,"Lindinger, IJMSIP 173, 191, 1998",doi.org/10.1016/S0168-1176(97)00281-4,"Pressure ""a few 10^-1 Torr""; E/N ranged 120-140; rate constants measured ",7.29E-24,1.58,793.0,2.80E-09,2.22E-09,alcohol,3,0,0,0,1,0,0,0,0,0,0,0,0,0,0,0,0,0,0,0,CC(C)O
61.065,C3H8OH+,1-propanol,71-23-8,61.065,10.0,43.054,90.0,,,,,,,,,,,SIFT-MS,0.67,0,,"Spanel, IJMS 167/168, 375, 1997",doi.org/10.1016/S0168-1176(97)00085-2,0.5 Torr He. Calculated rate coefficient,6.74E-24,1.55,786.5,2.70E-09,2.16E-09,alcohol,3,0,0,0,1,0,0,0,0,0,0,0,0,0,0,0,0,0,0,0,CCCO
61.065,C3H8OH+,2-propanol,67-63-0,61.065,20.0,43.054,80.0,,,,,,,,,,,SIFT-MS,0.67,0,,"Spanel, IJMS 167/168, 375, 1997",doi.org/10.1016/S0168-1176(97)00085-2,0.5 Torr He. Calculated rate coefficient,7.29E-24,1.58,793.0,2.70E-09,2.22E-09,alcohol,3,0,0,0,1,0,0,0,0,0,0,0,0,0,0,0,0,0,0,0,CC(C)O
61.065,C3H8OH+,2-propanol,67-63-0,43.054,100.0,,,,,,,,,,,,,PTR-QMS,2.4,106,,"Warneke, ES&T 37, 2494, 2003",doi.org/10.1021/es026266i,,7.29E-24,1.58,793.0,,2.22E-09,alcohol,3,0,0,0,1,0,0,0,0,0,0,0,0,0,0,0,0,0,0,0,CC(C)O
62.024,CH3NO2H+,nitromethane,75-52-5,62.024,100.0,,,,,,,,,,,,,SIFT-MS,1,0,,"Dryahina, IJMS 239, 57, 2004",doi.org/10.1016/j.ijms.2004.09.007,100 Pa He. Calculated rate coefficient,7.37E-24,3.46,754.6,4.60E-09,3.70E-09,nitroalkane,1,0,0,0,0,0,0,0,0,0,0,0,0,0,0,0,0,1,0,0,C[N+](=O)[O-]
62.024,CH3NO2H+,nitromethane,75-52-5,62.024,,,,,,,,,,,,,,PTR-TOF,2.40,120,46.2,"Koss, ACP 18, 3299, 2018",doi.org/10.5194/acp-18-3299-2018,"NOAA PTR-ToF; some sensitivities calibrated, some calculated Sekimoto et al 2017; extraction frequency unknown",7.37E-24,3.46,754.6,,3.70E-09,nitroalkane,1,0,0,0,0,0,0,0,0,0,0,0,0,0,0,0,0,1,0,0,C[N+](=O)[O-]
63.026,C2H6SH+,dimethyl sulfide,75-18-3,63.026,,,,,,,,,,,,,,PTR-TOF,2.40,120,59.02,"Koss, ACP 18, 3299, 2018",doi.org/10.5194/acp-18-3299-2018,"NOAA PTR-ToF; some sensitivities calibrated, some calculated Sekimoto et al 2017; extraction frequency unknown",n/a,1.55,830.9,,#VALUE!,sulfide,2,0,0,0,0,0,0,0,0,0,0,0,0,0,0,1,0,0,0,0,CSC
63.026,C2H6SH+,dimethyl sulfide,75-18-3,63.026,100.0,,,,,,,,,,,,,PTR-MS,0.40,130,,"Lindinger, IJMSIP 173, 191, 1998",doi.org/10.1016/S0168-1176(97)00281-4,"Pressure ""a few 10^-1 Torr""; E/N ranged 120-140; rate constants measured ",6.8E-24*,1.55,830.9,2.10E-09,#VALUE!,sulfide,2,0,0,0,0,0,0,0,0,0,0,0,0,0,0,1,0,0,0,0,CSC
63.026,C2H6SH+,dimethyl sulfide,75-18-3,63.026,100.0,,,,,,,,,,,,,SIFT-MS,0.67,0,,"Spanel, IJMS 176, 167, 1998",doi.org/10.1016/S1387-3806(98)14004-6,0.5 Torr He. Calculated rate coefficient,n/a,1.55,830.9,2.50E-09,#VALUE!,sulfide,2,0,0,0,0,0,0,0,0,0,0,0,0,0,0,1,0,0,0,0,CSC
63.026,C2H6SH+,ethanethiol,75-08-1,63.026,100.0,,,,,,,,,,,,,SIFT-MS,0.67,0,,"Spanel, IJMS 176, 167, 1998",doi.org/10.1016/S1387-3806(98)14004-6,0.5 Torr He. Calculated rate coefficient,n/a,1.58,789.6,2.60E-09,#VALUE!,sulfide,2,0,0,0,0,0,0,0,0,0,0,0,0,0,0,1,0,0,0,0,CCS
63.026,C2H6SH+,dimethyl sulfide,75-18-3,63.026,,,,,,,,,,,,,,PTR-TOF,2.30,136,3,"Stockwell, ACP 15, 845, 2015",doi.org/10.5194/acp-15-845-2015,Ionicon PTR-TOF 8000; m/z range 10-600; sensitivites taken from Fig. 1A using IGORThief,n/a,1.55,830.9,,#VALUE!,sulfide,2,0,0,0,0,0,0,0,0,0,0,0,0,0,0,1,0,0,0,0,CSC
63.026,C2H6SH+,dimethyl sulfide,75-18-3,63.026,100.0,,,,,,,,,,,,,PTR-QMS,2.4,106,30,"Warneke, ES&T 37, 2494, 2003",doi.org/10.1021/es026266i,,6.80E-24*,1.55,830.9,,#VALUE!,sulfide,2,0,0,0,0,0,0,0,0,0,0,0,0,0,0,1,0,0,0,0,CSC
63.044,C2H6O2H+,"1,2-ethanediol",107-21-1,63.044,35.0,45.033,65.0,,,,,,,,,,,SIFT-MS,0.93,0,,"Spanel, IJMS 218, 227, 2002",doi.org/10.1016/S1387-3806(02)00724-8,0.7 Torr He. Calculated rate coefficient,n/a,2.36,815.9,3.20E-09,#VALUE!,diol,2,0,0,0,2,0,0,0,0,0,0,0,0,0,0,0,0,0,0,0,C(CO)O
65.015,C2H5ClH+,ethyl chloride,75-00-3,83.026,50.0,47.049,50.0,,,,,,,,,,,SIFT-MS,0.67,0,,"Spanel, IJMS 189, 213, 1999",doi.org/10.1016/S1387-3806(99)00103-7,0.5 Torr He. Calculated rate coefficient assuming that O2+ reaction in SIFT proceeded at collisional limit,7.32E-24,2.05,693.4,1.60E-09,2.62E-09,halocarbon,2,0,0,0,0,0,0,0,0,0,0,0,0,0,1,0,0,0,0,0,CCCl
66.034,C4H3NH+,cyanoallene,1001-56-5,66.034,,,,,,,,,,,,,,PTR-TOF,2.40,120,111.02,"Koss, ACP 18, 3299, 2018",doi.org/10.5194/acp-18-3299-2018,"NOAA PTR-ToF; some sensitivities calibrated, some calculated Sekimoto et al 2017; extraction frequency unknown",n/a,n/a,n/a,,#VALUE!,nitrile,4,2,0,0,0,0,0,0,0,0,0,0,0,1,0,0,0,0,0,0,C=C=CC#N
67.054,C5H6H+,"1,3-cyclopentadiene",542-92-7,67.054,,,,,,,,,,,,,,PTR-TOF,2.40,120,193.18,"Koss, ACP 18, 3299, 2018",doi.org/10.5194/acp-18-3299-2018,"NOAA PTR-ToF; some sensitivities calibrated, some calculated Sekimoto et al 2017; extraction frequency unknown",8.64E-24,0.42,821.6,,1.81E-09,cycloalkene,5,2,0,1,0,0,0,0,0,0,0,0,0,0,0,0,0,0,0,0,C1C=CC=C1
68.049,C4H5NH+,pyrrole,109-97-7,68.049,,,,,,,,,,,,,,PTR-TOF,2.40,120,53.38,"Koss, ACP 18, 3299, 2018",doi.org/10.5194/acp-18-3299-2018,"NOAA PTR-ToF; some sensitivities calibrated, some calculated Sekimoto et al 2017; extraction frequency unknown",n/a,1.77,875.4,,#VALUE!,N-heterocycle,4,0,0,1,0,0,0,0,0,0,0,1,0,0,0,0,0,0,1,0,C1=CNC=C1
68.049,C4H5NH+,pyrrole,109-97-7,68.049,100.0,,,,,,,,,,,,,SIFT-MS,0.67,0,,"Spanel, IJMS 176, 203, 1998",doi.org/10.1016/S1387-3806(98)14004-6,0.5 Torr He. Calculated rate coefficient,n/a,1.77,875.4,3.00E-09,#VALUE!,N-heterocycle,4,0,0,1,0,0,0,0,0,0,0,1,0,0,0,0,0,0,1,0,C1=CNC=C1
68.049,C4H5NH+,pyrrole,109-97-7,68.049,100.0,,,,,,,,,,,,,SIFT-MS,1,0,,"Wang, IJMS 237, 167, 2004",doi.org/10.1016/j.ijms.2004.07.009,100 Pa He. Calculated rate coefficient,n/a,1.77,875.4,3.00E-09,#VALUE!,N-heterocycle,4,0,0,1,0,0,0,0,0,0,0,1,0,0,0,0,0,0,1,0,C1=CNC=C1
68.049,C4H5NH+,butene nitrile,NA,68.049,,,,,,,,,,,,,,PTR-TOF,2.40,120,,"Koss, ACP 18, 3299, 2018",doi.org/10.5194/acp-18-3299-2018,"NOAA PTR-ToF; some sensitivities calibrated, some calculated Sekimoto et al 2017; extraction frequency unknown",n/a,n/a,n/a,,#VALUE!,nitrile,4,1,0,0,0,0,0,0,0,0,0,0,0,1,0,0,0,0,0,0,NA
68.997,C3O2H+,carbon suboxide,504-64-3,68.997,,,,,,,,,,,,,,PTR-TOF,2.40,120,66.29,"Koss, ACP 18, 3299, 2018",doi.org/10.5194/acp-18-3299-2018,"NOAA PTR-ToF; some sensitivities calibrated, some calculated Sekimoto et al 2017; extraction frequency unknown",n/a,n/a,n/a,,#VALUE!,ketone,3,0,0,0,0,2,0,0,0,0,0,0,0,0,0,0,0,0,0,0,C(=C=O)=C=O
69.033,C4H4OH+,furan,110-00-9,69.033,,,,,,,,,,,,,,PTR-TOF,2.40,120,51.9,"Koss, ACP 18, 3299, 2018",doi.org/10.5194/acp-18-3299-2018,"NOAA PTR-ToF; some sensitivities calibrated, some calculated Sekimoto et al 2017; extraction frequency unknown",n/a,0.66,803.4,,#VALUE!,furan,4,0,0,1,0,0,0,0,0,0,1,0,0,0,0,0,0,0,1,0,C1=COC=C1
69.033,C4H4OH+,furan,110-00-9,69.033,100.0,,,,,,,,,,,,,SIFT-MS,1,0,,"Wang, IJMS 237, 167, 2004",doi.org/10.1016/j.ijms.2004.07.009,100 Pa He. Calculated rate coefficient,n/a,0.66,803.4,2.00E-09,#VALUE!,furan,4,0,0,1,0,0,0,0,0,0,1,0,0,0,0,0,0,0,1,0,C1=COC=C1
69.033,C4H4OH+,furan,110-00-9,69.033,,,,,,,,,,,,,,PTR-MS,2.40,130,28,"Warneke, IJMS 303, 6, 2011",doi.org/10.1016/j.ijms.2010.12.002,"NOAA q-PTRMS, sensitivities taken from Figure 1A with IGORThief, pressure and E/N assumed",7.21E-24*,0.66,803.4,,#VALUE!,furan,4,0,0,1,0,0,0,0,0,0,1,0,0,0,0,0,0,0,1,0,C1=COC=C1
69.033,C4H4OH+,furan,110-00-9,69.033,,,,,,,,,,,,,,PTR-TOF,2.40,120,168,"Yuan, AMT 9, 2735, 2016",doi.org/10.5194/amt-9-2735-2016,NOAA PTR-ToF; SONGNEX sensitivities; extraction frequency 25 kHz,n/a,0.66,803.4,,#VALUE!,furan,4,0,0,1,0,0,0,0,0,0,1,0,0,0,0,0,0,0,1,0,C1=COC=C1
69.070,C5H8H+,cyclopentene,142-29-0,69.070,100.0,,,,,,,,,,,,,PTR-QMS,2.4,106,,"Warneke, ES&T 37, 2494, 2003",doi.org/10.1021/es026266i,,8.84E-24,0.20,766.3,,1.81E-09,cycloalkene,5,1,0,1,0,0,0,0,0,0,0,0,0,0,0,0,0,0,0,0,C1CC=CC1
69.070,C5H8H+,isoprene,78-79-5,69.070,86.0,41.039,14.0,,,,,,,,,,,PTR-MS,2.00,130,,"Ammann, IJMS 239, 87, 2004",doi.org/10.1016/j.ijms.2004.08.012,Ionicon q-PTRMS,9.99E-24,0.25,826.4,,1.92E-09,diene,5,2,0,0,0,0,0,0,0,0,0,0,0,0,0,0,0,0,0,0,CC(=C)C=C
69.070,C5H8H+,isoprene,78-79-5,69.070,,,,,,,,,,,,,,PTR-MS,2.16,100,8.8,"Dunne, AMT 11, 141, 2018",doi.org/10.5194/amt-11-141-2018,Ionicon q-PTRMS,9.99E-24,0.25,826.4,,1.92E-09,diene,5,2,0,0,0,0,0,0,0,0,0,0,0,0,0,0,0,0,0,0,CC(=C)C=C
69.070,C5H8H+,isoprene,78-79-5,69.070,,,,,,,,,,,,,,PTR-MS,2.10,108,6.5,"Inomata, ACP 10, 7085, 2010",doi.org/10.5194/acp-10-7085-2010,Ionicon q-PTRMS;,9.99E-24,0.25,826.4,,1.92E-09,diene,5,2,0,0,0,0,0,0,0,0,0,0,0,0,0,0,0,0,0,0,CC(=C)C=C
69.070,C5H8H+,isoprene,78-79-5,69.070,,,,,,,,,,,,,,PTR-MS,2.20,136,8.7,"Kajos, AMT 8, 4453, 2015",doi.org/10.5194/amt-8-4453-2015,"Ionicon q-PTRMS, automated calibration sensitivity",9.99E-24,0.25,826.4,,1.92E-09,diene,5,2,0,0,0,0,0,0,0,0,0,0,0,0,0,0,0,0,0,0,CC(=C)C=C
69.070,C5H8H+,isoprene,78-79-5,69.070,,,,,,,,,,,,,,PTR-MS,2.00,120,5.9,"Kajos, AMT 8, 4453, 2015",doi.org/10.5194/amt-8-4453-2015,"Ionicon q-PTRMS, automated calibration sensitivity",9.99E-24,0.25,826.4,,1.92E-09,diene,5,2,0,0,0,0,0,0,0,0,0,0,0,0,0,0,0,0,0,0,CC(=C)C=C
69.070,C5H8H+,isoprene,78-79-5,69.070,,,,,,,,,,,,,,PTR-MS,2.00,120,10,"Karl, ACP 7, 5883, 2007",doi.org/10.5194/acp-7-5883-2007,Ionicon q-PTRMS; TROFFEE sensitivities,9.99E-24,0.25,826.4,,1.92E-09,diene,5,2,0,0,0,0,0,0,0,0,0,0,0,0,0,0,0,0,0,0,CC(=C)C=C
69.070,C5H8H+,isoprene,78-79-5,69.070,,67.054,,51.023,,,,,,,,,,PTR-TOF,2.40,120,48.29,"Koss, ACP 18, 3299, 2018",doi.org/10.5194/acp-18-3299-2018,"NOAA PTR-ToF; some sensitivities calibrated, some calculated Sekimoto et al 2017; extraction frequency unknown",9.99E-24,0.25,826.4,,1.92E-09,diene,5,2,0,0,0,0,0,0,0,0,0,0,0,0,0,0,0,0,0,0,CC(=C)C=C
69.070,C5H8H+,isoprene,78-79-5,69.070,100.0,,,,,,,,,,,,,PTR-MS,0.40,130,,"Lindinger, IJMSIP 173, 191, 1998",doi.org/10.1016/S0168-1176(97)00281-4,"Pressure ""a few 10^-1 Torr""; E/N ranged 120-140; rate constants measured ",9.99E-24,0.25,826.4,1.30E-09,1.92E-09,diene,5,2,0,0,0,0,0,0,0,0,0,0,0,0,0,0,0,0,0,0,CC(=C)C=C
69.070,C5H8H+,isoprene,78-79-5,69.070,100.0,,,,,,,,,,,,,SIFT-MS,0.93,0,,"Spanel, IJMS 181, 1, 1998",doi.org/10.1016/S1387-3806(98)14114-3,0.7 Torr He ?,9.99E-24,0.25,826.4,2.00E-09,1.92E-09,diene,5,2,0,0,0,0,0,0,0,0,0,0,0,0,0,0,0,0,0,0,CC(=C)C=C
69.070,C5H8H+,isoprene,78-79-5,69.070,100.0,,,,,,,,,,,,,SIFT-MS,0.67,0,,"Spanel, IJMSIP 145, 177, 1995",doi.org/10.1016/0168-1176(95)04164-G,0.5 Torr He. ,9.99E-24,0.25,826.4,2.00E-09,1.92E-09,diene,5,2,0,0,0,0,0,0,0,0,0,0,0,0,0,0,0,0,0,0,CC(=C)C=C
69.070,C5H8H+,isoprene,78-79-5,69.070,,,,,,,,,,,,,,PTR-TOF,2.30,136,1.9,"Stockwell, ACP 15, 845, 2015",doi.org/10.5194/acp-15-845-2015,Ionicon PTR-TOF 8000; m/z range 10-600; sensitivites taken from Fig. 1A using IGORThief,9.99E-24,0.25,826.4,,1.92E-09,diene,5,2,0,0,0,0,0,0,0,0,0,0,0,0,0,0,0,0,0,0,CC(=C)C=C
69.070,C5H8H+,isoprene,78-79-5,69.070,,,,,,,,,,,,,,PTR-MS,2.40,125,15,"Warneke, AMT 8, 411, 2015",doi.org/10.5194/amt-8-411-2015,NOAA q-PTRMS; UBWOS13 sensitivities; from figure using igorthief,9.99E-24,0.25,826.4,,1.92E-09,diene,5,2,0,0,0,0,0,0,0,0,0,0,0,0,0,0,0,0,0,0,CC(=C)C=C
69.070,C5H8H+,isoprene,78-79-5,69.070,,,,,,,,,,,,,,PTR-MS,2.20,130,6.2,"Warneke, AMT 8, 411, 2015",doi.org/10.5194/amt-8-411-2015,Ionicon PTR=ToF; UBWOS13 sensitivities; exctraction freq 25 kHz (mz1-500); from figure using igorthief,9.99E-24,0.25,826.4,,1.92E-09,diene,5,2,0,0,0,0,0,0,0,0,0,0,0,0,0,0,0,0,0,0,CC(=C)C=C
69.070,C5H8H+,isoprene,78-79-5,69.070,100.0,,,,,,,,,,,,,PTR-QMS,2.4,106,25.8,"Warneke, ES&T 37, 2494, 2003",doi.org/10.1021/es026266i,,9.99E-24,0.25,826.4,,1.92E-09,diene,5,2,0,0,0,0,0,0,0,0,0,0,0,0,0,0,0,0,0,0,CC(=C)C=C
69.070,C5H8H+,isoprene,78-79-5,69.070,,,,,,,,,,,,,,PTR-MS,2.40,130,16,"Warneke, IJMS 303, 6, 2011",doi.org/10.1016/j.ijms.2010.12.002,"NOAA q-PTRMS, sensitivities taken from Figure 1A with IGORThief, pressure and E/N assumed",9.99E-24,0.25,826.4,,1.92E-09,diene,5,2,0,0,0,0,0,0,0,0,0,0,0,0,0,0,0,0,0,0,CC(=C)C=C
69.070,C5H8H+,isoprene,78-79-5,69.070,,,,,,,,,,,,,,PTR-MS,2.20,127,6.8,"Yanez-Serrano, ACP 15, 3359, 2015",doi.org/10.5194/acp-15-3359-2015,Ionicon q-PTRMS; dry season sensitivity,9.99E-24,0.25,826.4,,1.92E-09,diene,5,2,0,0,0,0,0,0,0,0,0,0,0,0,0,0,0,0,0,0,CC(=C)C=C
69.070,C5H8H+,isoprene,78-79-5,69.070,,,,,,,,,,,,,,PTR-TOF,2.40,120,73,"Yuan, AMT 9, 2735, 2016",doi.org/10.5194/amt-9-2735-2016,NOAA PTR-ToF; SONGNEX sensitivities; extraction frequency 25 kHz,9.99E-24,0.25,826.4,,1.92E-09,diene,5,2,0,0,0,0,0,0,0,0,0,0,0,0,0,0,0,0,0,0,CC(=C)C=C
70.065,C4H7NH+,dihydropyrrole,28350-87-0,70.065,,,,,,,,,,,,,,PTR-TOF,2.40,120,65.25,"Koss, ACP 18, 3299, 2018",doi.org/10.5194/acp-18-3299-2018,"NOAA PTR-ToF; some sensitivities calibrated, some calculated Sekimoto et al 2017; extraction frequency unknown",n/a,n/a,n/a,,#VALUE!,N-heterocycle,4,0,0,1,0,0,0,0,0,0,0,1,0,0,0,0,0,0,0,0,C1CNC=C1
70.065,C4H7NH+,butane nitrile,109-74-0,70.065,,,,,,,,,,,,,,PTR-TOF,2.40,120,,"Koss, ACP 18, 3299, 2018",doi.org/10.5194/acp-18-3299-2018,"NOAA PTR-ToF; some sensitivities calibrated, some calculated Sekimoto et al 2017; extraction frequency unknown",8.40E-24,3.73,798.4,,3.91E-09,nitrile,4,0,0,0,0,0,0,0,0,0,0,0,0,1,0,0,0,0,0,0,CCCC#N
71.013,C3H2O2H+,propiolic acid,471-25-0,71.013,,,,,,,,,,,,,,PTR-TOF,2.40,120,53.22,"Koss, ACP 18, 3299, 2018",doi.org/10.5194/acp-18-3299-2018,"NOAA PTR-ToF; some sensitivities calibrated, some calculated Sekimoto et al 2017; extraction frequency unknown",n/a,n/a,n/a,,#VALUE!,acid,3,0,1,0,0,0,0,0,1,0,0,0,0,0,0,0,0,0,0,0,C#CC(=O)O
71.049,C4H6OH+,methacrolein,78-85-3,71.049,100.0,,,,,,,,,,,,,PTR-QMS,2.4,106,,"Warneke, ES&T 37, 2494, 2003",doi.org/10.1021/es026266i,,8.30E-24,0.00,808.7,,1.74E-09,aldehyde,4,1,0,0,0,0,1,0,0,0,0,0,0,0,0,0,0,0,0,0,CC(=C)C=O
71.049,C4H6OH+,2-butenal,123-73-9,71.049,,,,,,,,,,,,,,PTR-TOF,2.40,120,,"Koss, ACP 18, 3299, 2018",doi.org/10.5194/acp-18-3299-2018,"NOAA PTR-ToF; some sensitivities calibrated, some calculated Sekimoto et al 2017; extraction frequency unknown",8.50E-24,3.67,830.9,,3.87E-09,alkenal,4,1,0,0,0,0,1,0,0,0,0,0,0,0,0,0,0,0,0,0,C/C=C/C=O
71.049,C4H6OH+,methacrolein,78-85-3,71.049,,,,,,,,,,,,,,PTR-TOF,2.40,120,,"Koss, ACP 18, 3299, 2018",doi.org/10.5194/acp-18-3299-2018,"NOAA PTR-ToF; some sensitivities calibrated, some calculated Sekimoto et al 2017; extraction frequency unknown",8.30E-24,n/a,808.7,,#VALUE!,alkenal,4,1,0,0,0,0,1,0,0,0,0,0,0,0,0,0,0,0,0,0,CC(=C)C=O
71.049,C4H6OH+,2-butenal,123-73-9,71.049,100.0,,,,,,,,,,,,,SIFT-MS,0.93,0,,"Spanel, IJMS 213, 163, 2002",doi.org/10.1016/S1387-3806(01)00531-0,0.7 Torr He. Calculated rate coefficient,8.50E-24,3.67,830.9,4.80E-09,3.87E-09,alkenal,4,1,0,0,0,0,1,0,0,0,0,0,0,0,0,0,0,0,0,0,C/C=C/C=O
71.049,C4H6OH+,methyl vinyl ketone,78-94-4,71.049,,,,,,,,,,,,,,PTR-MS,2.20,136,10.3,"Kajos, AMT 8, 4453, 2015",doi.org/10.5194/amt-8-4453-2015,"Ionicon q-PTRMS, automated calibration sensitivity",8.19E-24*,n/a,834.7,,#VALUE!,ketone,4,1,0,0,0,1,0,0,0,0,0,0,0,0,0,0,0,0,0,0,CC(=O)C=C
71.049,C4H6OH+,methyl vinyl ketone,78-94-4,71.049,,,,,,,,,,,,,,PTR-MS,2.00,120,9.1,"Kajos, AMT 8, 4453, 2015",doi.org/10.5194/amt-8-4453-2015,"Ionicon q-PTRMS, automated calibration sensitivity",8.19E-24*,n/a,834.7,,#VALUE!,ketone,4,1,0,0,0,1,0,0,0,0,0,0,0,0,0,0,0,0,0,0,CC(=O)C=C
71.049,C4H6OH+,methyl vinyl ketone,78-94-4,71.049,,,,,,,,,,,,,,PTR-MS,2.00,120,16,"Karl, ACP 7, 5883, 2007",doi.org/10.5194/acp-7-5883-2007,Ionicon q-PTRMS; TROFFEE sensitivities,8.19E-24*,n/a,834.7,,#VALUE!,ketone,4,1,0,0,0,1,0,0,0,0,0,0,0,0,0,0,0,0,0,0,CC(=O)C=C
71.049,C4H6OH+,methyl vinyl ketone,78-94-4,71.049,,,,,,,,,,,,,,PTR-TOF,2.40,120,63.6,"Koss, ACP 18, 3299, 2018",doi.org/10.5194/acp-18-3299-2018,"NOAA PTR-ToF; some sensitivities calibrated, some calculated Sekimoto et al 2017; extraction frequency unknown",8.19E-24*,n/a,834.7,,#VALUE!,ketone,4,1,0,0,0,1,0,0,0,0,0,0,0,0,0,0,0,0,0,0,CC(=O)C=C
71.049,C4H6OH+,methyl vinyl ketone,78-94-4,71.049,,,,,,,,,,,,,,PTR-TOF,2.30,136,4.6,"Stockwell, ACP 15, 845, 2015",doi.org/10.5194/acp-15-845-2015,Ionicon PTR-TOF 8000; m/z range 10-600; sensitivites taken from Fig. 1A using IGORThief,8.19E-24*,n/a,834.7,,#VALUE!,ketone,4,1,0,0,0,1,0,0,0,0,0,0,0,0,0,0,0,0,0,0,CC(=O)C=C
71.049,C4H6OH+,methacrolein,78-85-3,71.049,,,,,,,,,,,,,,PTR-MS,2.40,125,22,"Warneke, AMT 8, 411, 2015",doi.org/10.5194/amt-8-411-2015,NOAA q-PTRMS; UBWOS13 sensitivities; from figure using igorthief,8.30E-24,n/a,808.7,,#VALUE!,ketone,4,1,0,0,0,1,0,0,0,0,0,0,0,0,0,0,0,0,0,0,CC(=C)C=O
71.049,C4H6OH+,methacrolein,78-85-3,71.049,,,,,,,,,,,,,,PTR-MS,2.20,130,9.1,"Warneke, AMT 8, 411, 2015",doi.org/10.5194/amt-8-411-2015,Ionicon PTR=ToF; UBWOS13 sensitivities; exctraction freq 25 kHz (mz1-500); from figure using igorthief,8.30E-24,n/a,808.7,,#VALUE!,ketone,4,1,0,0,0,1,0,0,0,0,0,0,0,0,0,0,0,0,0,0,CC(=C)C=O
71.049,C4H6OH+,methyl vinyl ketone,78-94-4,71.049,100.0,,,,,,,,,,,,,PTR-QMS,2.4,106,,"Warneke, ES&T 37, 2494, 2003",doi.org/10.1021/es026266i,,8.19E-24*,n/a,834.7,,#VALUE!,ketone,4,1,0,0,0,1,0,0,0,0,0,0,0,0,0,0,0,0,0,0,CC(=O)C=C
71.049,C4H6OH+,methyl vinyl ketone,78-94-4,71.049,,,,,,,,,,,,,,PTR-TOF,2.40,120,160,"Yuan, AMT 9, 2735, 2016",doi.org/10.5194/amt-9-2735-2016,NOAA PTR-ToF; SONGNEX sensitivities; extraction frequency 25 kHz,8.19E-24*,n/a,834.7,,#VALUE!,ketone,4,1,0,0,0,1,0,0,0,0,0,0,0,0,0,0,0,0,0,0,CC(=O)C=C
71.086,C5H10H+,1-pentene,109-67-1,71.086,100.0,,,,,,,,,,,,,SIFT-MS,0.93,0,,"Diskin, IJMS 218, 87, 2002",doi.org/10.1016/S1387-3806(02)00662-0,0.7 Torr He. Calculated rate coefficient,9.65E-24,0.50,n/a,2.00E-09,1.91E-09,alkene,5,1,0,0,0,0,0,0,0,0,0,0,0,0,0,0,0,0,0,0,CCCC=C
71.086,C5H10H+,trans-2-pentene,646-04-8,71.086,100.0,,,,,,,,,,,,,SIFT-MS,0.93,0,,"Diskin, IJMS 218, 87, 2002",doi.org/10.1016/S1387-3806(02)00662-0,0.7 Torr He. Calculated rate coefficient,9.84E-24,n/a,n/a,1.90E-09,#VALUE!,alkene,5,1,0,0,0,0,0,0,0,0,0,0,0,0,0,0,0,0,0,0,CC/C=C/C
71.086,C5H10H+,1-pentene,109-67-1,71.086,100.0,,,,,,,,,,,,,PTR-MS,2.06,80,,"Gueneron, IJMS 379, 97, 2015",doi.org/10.1016/j.ijms.2015.01.001,"Ionicon qPTRMS, drift tube T=65C, dried to dewpoint of -30C",9.65E-24,0.50,n/a,,1.91E-09,alkene,5,1,0,0,0,0,0,0,0,0,0,0,0,0,0,0,0,0,0,0,CCCC=C
71.086,C5H10H+,1-pentene,109-67-1,71.086,41.0,43.054,49.0,41.039,10.0,,,,,,,,,PTR-MS,2.06,120,,"Gueneron, IJMS 379, 97, 2015",doi.org/10.1016/j.ijms.2015.01.001,"Ionicon qPTRMS, drift tube T=65C, dried to dewpoint of -30C",9.65E-24,0.50,n/a,,1.91E-09,alkene,5,1,0,0,0,0,0,0,0,0,0,0,0,0,0,0,0,0,0,0,CCCC=C
71.086,C5H10H+,2-methyl-1-butene,563-46-2,71.086,100.0,,,,,,,,,,,,,PTR-MS,2.06,80,,"Gueneron, IJMS 379, 97, 2015",doi.org/10.1016/j.ijms.2015.01.001,"Ionicon qPTRMS, drift tube T=65C, dried to dewpoint of -30C",9.47E-24*,0.32,n/a,,#VALUE!,alkene,5,1,0,0,0,0,0,0,0,0,0,0,0,0,0,0,0,0,0,0,CCC(=C)C
71.086,C5H10H+,2-methyl-1-butene,563-46-2,71.086,44.0,43.054,46.0,41.039,10.0,,,,,,,,,PTR-MS,2.06,120,,"Gueneron, IJMS 379, 97, 2015",doi.org/10.1016/j.ijms.2015.01.001,"Ionicon qPTRMS, drift tube T=65C, dried to dewpoint of -30C",9.47E-24*,0.32,n/a,,#VALUE!,alkene,5,1,0,0,0,0,0,0,0,0,0,0,0,0,0,0,0,0,0,0,CCC(=C)C
71.086,C5H10H+,2-methyl-2-butene,513-35-9,71.086,100.0,,,,,,,,,,,,,PTR-MS,2.06,80,,"Gueneron, IJMS 379, 97, 2015",doi.org/10.1016/j.ijms.2015.01.001,"Ionicon qPTRMS, drift tube T=65C, dried to dewpoint of -30C",n/a,n/a,808.8,,#VALUE!,alkene,5,1,0,0,0,0,0,0,0,0,0,0,0,0,0,0,0,0,0,0,CC=C(C)C
71.086,C5H10H+,2-methyl-2-butene,513-35-9,71.086,44.0,43.054,47.0,41.039,9.0,,,,,,,,,PTR-MS,2.06,120,,"Gueneron, IJMS 379, 97, 2015",doi.org/10.1016/j.ijms.2015.01.001,"Ionicon qPTRMS, drift tube T=65C, dried to dewpoint of -30C",n/a,n/a,808.8,,#VALUE!,alkene,5,1,0,0,0,0,0,0,0,0,0,0,0,0,0,0,0,0,0,0,CC=C(C)C
71.086,C5H10H+,trans-2-pentene,646-04-8,71.086,100.0,,,,,,,,,,,,,PTR-MS,2.06,80,,"Gueneron, IJMS 379, 97, 2015",doi.org/10.1016/j.ijms.2015.01.001,"Ionicon qPTRMS, drift tube T=65C, dried to dewpoint of -30C",9.84E-24,n/a,n/a,,#VALUE!,alkene,5,1,0,0,0,0,0,0,0,0,0,0,0,0,0,0,0,0,0,0,CC/C=C/C
71.086,C5H10H+,trans-2-pentene,646-04-8,71.086,42.0,43.054,48.0,41.039,10.0,,,,,,,,,PTR-MS,2.06,120,,"Gueneron, IJMS 379, 97, 2015",doi.org/10.1016/j.ijms.2015.01.001,"Ionicon qPTRMS, drift tube T=65C, dried to dewpoint of -30C",9.84E-24,n/a,n/a,,#VALUE!,alkene,5,1,0,0,0,0,0,0,0,0,0,0,0,0,0,0,0,0,0,0,CC/C=C/C
71.086,C5H10H+,methyl butene,513-35-9,71.086,,,,,,,,,,,,,,PTR-TOF,2.40,120,74.01,"Koss, ACP 18, 3299, 2018",doi.org/10.5194/acp-18-3299-2018,"NOAA PTR-ToF; some sensitivities calibrated, some calculated Sekimoto et al 2017; extraction frequency unknown",n/a,n/a,808.8,,#VALUE!,alkene,5,1,0,0,0,0,0,0,0,0,0,0,0,0,0,0,0,0,0,0,CC=C(C)C
71.086,C5H10H+,pentene,109-67-1,71.086,,,,,,,,,,,,,,PTR-TOF,2.40,120,74.01,"Koss, ACP 18, 3299, 2018",doi.org/10.5194/acp-18-3299-2018,"NOAA PTR-ToF; some sensitivities calibrated, some calculated Sekimoto et al 2017; extraction frequency unknown",n/a,n/a,n/a,,#VALUE!,alkene,5,1,0,0,0,0,0,0,0,0,0,0,0,0,0,0,0,0,0,0,CCCC=C
71.086,C5H10H+,1-pentene,109-67-1,71.086,100.0,,,,,,,,,,,,,SIFT-MS,0.93,0,,"Spanel, IJMS 181, 1, 1998",doi.org/10.1016/S1387-3806(98)14114-3,0.7 Torr He ?,9.65E-24,0.50,n/a,1.90E-09,1.91E-09,alkene,5,1,0,0,0,0,0,0,0,0,0,0,0,0,0,0,0,0,0,0,CCCC=C
71.086,C5H10H+,2-methyl-2-butene,513-35-9,71.086,100.0,,,,,,,,,,,,,SIFT-MS,0.93,0,,"Spanel, IJMS 181, 1, 1998",doi.org/10.1016/S1387-3806(98)14114-3,0.7 Torr He ?,9.72E-24*,n/a,808.8,1.90E-09,#VALUE!,alkene,5,1,0,0,0,0,0,0,0,0,0,0,0,0,0,0,0,0,0,0,CC=C(C)C
71.086,C5H10H+,1-pentene,109-67-1,71.086,85.0,43.054,15.0,,,,,,,,,,,PTR-QMS,2.4,106,,"Warneke, ES&T 37, 2494, 2003",doi.org/10.1021/es026266i,,9.65E-24,0.50,n/a,,1.91E-09,alkene,5,1,0,0,0,0,0,0,0,0,0,0,0,0,0,0,0,0,0,0,CCCC=C
71.086,C5H10H+,2-methyl-1-butene,563-46-2,71.086,80.0,43.054,20.0,,,,,,,,,,,PTR-QMS,2.4,106,,"Warneke, ES&T 37, 2494, 2003",doi.org/10.1021/es026266i,,9.47E-24*,0.32,n/a,,#VALUE!,alkene,5,1,0,0,0,0,0,0,0,0,0,0,0,0,0,0,0,0,0,0,CCC(=C)C
71.086,C5H10H+,2-methyl-2-butene,513-35-9,71.086,79.0,43.054,21.0,,,,,,,,,,,PTR-QMS,2.4,106,,"Warneke, ES&T 37, 2494, 2003",doi.org/10.1021/es026266i,,9.72E-24*,n/a,808.8,,#VALUE!,alkene,5,1,0,0,0,0,0,0,0,0,0,0,0,0,0,0,0,0,0,0,CC=C(C)C
71.086,C5H10H+,3-methyl-1-butene,563-45-1,71.086,80.0,43.054,20.0,,,,,,,,,,,PTR-QMS,2.4,106,,"Warneke, ES&T 37, 2494, 2003",doi.org/10.1021/es026266i,,9.38E-24*,0.32,n/a,,#VALUE!,alkene,5,1,0,0,0,0,0,0,0,0,0,0,0,0,0,0,0,0,0,0,CC(C)C=C
71.086,C5H10H+,cis-2-pentene,627-20-3,71.086,80.0,43.054,20.0,,,,,,,,,,,PTR-QMS,2.4,106,,"Warneke, ES&T 37, 2494, 2003",doi.org/10.1021/es026266i,,9.84E-24,n/a,n/a,,#VALUE!,alkene,5,1,0,0,0,0,0,0,0,0,0,0,0,0,0,0,0,0,0,0,CC/C=C\C
71.086,C5H10H+,trans-2-pentene,646-04-8,71.086,80.0,43.054,20.0,,,,,,,,,,,PTR-QMS,2.4,106,,"Warneke, ES&T 37, 2494, 2003",doi.org/10.1021/es026266i,,9.84E-24,n/a,n/a,,#VALUE!,alkene,5,1,0,0,0,0,0,0,0,0,0,0,0,0,0,0,0,0,0,0,CC/C=C/C
71.086,C5H10H+,cyclopentane,287-92-3,71.086,78.0,57.070,22.0,,,,,,,,,,,PTR-MS,2.06,80,,"Gueneron, IJMS 379, 97, 2015",doi.org/10.1016/j.ijms.2015.01.001,"Ionicon qPTRMS, drift tube T=65C, dried to dewpoint of -30C",9.15E-24,0.00,n/a,,1.83E-09,cycloalkane,5,0,0,1,0,0,0,0,0,0,0,0,0,0,0,0,0,0,0,1,C1CCCC1
71.086,C5H10H+,cyclopentane,287-92-3,71.086,34.0,57.070,19.0,43.054,37.0,41.039,10.0,,,,,,,PTR-MS,2.06,120,,"Gueneron, IJMS 379, 97, 2015",doi.org/10.1016/j.ijms.2015.01.001,"Ionicon qPTRMS, drift tube T=65C, dried to dewpoint of -30C",9.15E-24,0.00,n/a,,1.83E-09,cycloalkane,5,0,0,1,0,0,0,0,0,0,0,0,0,0,0,0,0,0,0,1,C1CCCC1
72.081,C4H9NH+,butenamine,NA,72.081,,,,,,,,,,,,,,PTR-TOF,2.40,120,56.74,"Koss, ACP 18, 3299, 2018",doi.org/10.5194/acp-18-3299-2018,"NOAA PTR-ToF; some sensitivities calibrated, some calculated Sekimoto et al 2017; extraction frequency unknown",n/a,n/a,n/a,,#VALUE!,amine,4,1,0,0,0,0,0,0,0,0,0,1,0,0,0,0,0,0,0,0,NA
72.081,C4H9NH+,pyrrolidine,123-75-1,72.081,95.0,70.065,5.0,,,,,,,,,,,SIFT-MS,1,0,,"Wang, IJMS 237, 167, 2004",doi.org/10.1016/j.ijms.2004.07.009,100 Pa He. Calculated rate coefficient,n/a,1.57,948.3,3.40E-09,#VALUE!,N-heterocycle,4,0,0,1,0,0,0,0,0,0,0,1,0,0,0,0,0,0,0,0,C1CCNC1
73.028,C3H4O2H+,acrylic acid,79-10-7,73.028,,,,,,,,,,,,,,PTR-TOF,2.40,120,,"Koss, ACP 18, 3299, 2018",doi.org/10.5194/acp-18-3299-2018,"NOAA PTR-ToF; some sensitivities calibrated, some calculated Sekimoto et al 2017; extraction frequency unknown",n/a,n/a,n/a,,#VALUE!,acid,3,1,0,0,0,0,0,0,1,0,0,0,0,0,0,0,0,0,0,0,C=CC(=O)O
73.028,C3H4O2H+,acrylic acid,79-10-7,73.028,95.0,55.018,5.0,,,,,,,,,,,SIFT-MS,0.67,0,,"Spanel, IJMSIP 172, 137, 1998",doi.org/10.1016/S0168-1176(97)00246-2,0.5 Torr He. Calculated rate coefficient,n/a,n/a,n/a,2.70E-09,#VALUE!,acid,3,1,0,0,0,0,0,0,1,0,0,0,0,0,0,0,0,0,0,0,C=CC(=O)O
73.028,C3H4O2H+,methyl glyoxal,78-98-8,73.028,,,,,,,,,,,,,,PTR-TOF,2.40,120,59.39,"Koss, ACP 18, 3299, 2018",doi.org/10.5194/acp-18-3299-2018,"NOAA PTR-ToF; some sensitivities calibrated, some calculated Sekimoto et al 2017; extraction frequency unknown",n/a,n/a,n/a,,#VALUE!,aldehyde,3,0,0,0,0,1,1,0,0,0,0,0,0,0,0,0,0,0,0,0,CC(=O)C=O
73.065,C4H8OH+,butanal,123-72-8,73.065,7.0,55.054,93.0,,,,,,,,,,,PTR-MS,,,,"Buhr IJMS 221, 1, 2002",doi.org/10.1016/S1387-3806(02)00896-5,"Ionicon qPTRMS, drift tube V=600V, no pressure given",8.20E-24,2.72,792.7,,3.17E-09,aldehyde,4,0,0,0,0,0,1,0,0,0,0,0,0,0,0,0,0,0,0,0,CCCC=O
73.065,C4H8OH+,2-methylpropanal,78-84-2,73.065,,,,,,,,,,,,,,PTR-TOF,2.40,120,,"Koss, ACP 18, 3299, 2018",doi.org/10.5194/acp-18-3299-2018,"NOAA PTR-ToF; some sensitivities calibrated, some calculated Sekimoto et al 2017; extraction frequency unknown",n/a,2.86,797.3,,#VALUE!,aldehyde,4,0,0,0,0,0,1,0,0,0,0,0,0,0,0,0,0,0,0,0,CC(C)C=O
73.065,C4H8OH+,butanal,123-72-8,73.065,,,,,,,,,,,,,,PTR-TOF,2.40,120,,"Koss, ACP 18, 3299, 2018",doi.org/10.5194/acp-18-3299-2018,"NOAA PTR-ToF; some sensitivities calibrated, some calculated Sekimoto et al 2017; extraction frequency unknown",8.20E-24,2.72,792.7,,3.17E-09,aldehyde,4,0,0,0,0,0,1,0,0,0,0,0,0,0,0,0,0,0,0,0,CCCC=O
73.065,C4H8OH+,butanal,123-72-8,73.065,65.0,55.054,35.0,,,,,,,,,,,PTR-MS,0.40,130,,"Lindinger, IJMSIP 173, 191, 1998",doi.org/10.1016/S0168-1176(97)00281-4,"Pressure ""a few 10^-1 Torr""; E/N ranged 120-140; rate constants measured ",8.20E-24,2.72,792.7,,3.17E-09,aldehyde,4,0,0,0,0,0,1,0,0,0,0,0,0,0,0,0,0,0,0,0,CCCC=O
73.065,C4H8OH+,2-methylpropanal,78-84-2,73.065,100.0,,,,,,,,,,,,,SIFT-MS,0.93,0,,"Spanel, IJMS 213, 163, 2002",doi.org/10.1016/S1387-3806(01)00531-0,0.7 Torr He. Calculated rate coefficient,n/a,2.86,797.3,3.80E-09,#VALUE!,aldehyde,4,0,0,0,0,0,1,0,0,0,0,0,0,0,0,0,0,0,0,0,CC(C)C=O
73.065,C4H8OH+,butanal,123-72-8,73.065,95.0,55.054,5.0,,,,,,,,,,,SIFT-MS,0.93,0,,"Spanel, IJMS 213, 163, 2002",doi.org/10.1016/S1387-3806(01)00531-0,0.7 Torr He. Calculated rate coefficient,8.20E-24,2.72,792.7,3.80E-09,3.17E-09,aldehyde,4,0,0,0,0,0,1,0,0,0,0,0,0,0,0,0,0,0,0,0,CCCC=O
73.065,C4H8OH+,butanal,123-72-8,73.065,95.0,55.054,5.0,,,,,,,,,,,SIFT-MS,0.67,0,,"Spanel, IJMSIP 165/166, 25, 1997",doi.org/10.1016/S0168-1176(97)00166-3,0.5 Torr He. Calculated rate coefficient,8.20E-24,2.72,792.7,3.80E-09,3.17E-09,aldehyde,4,0,0,0,0,0,1,0,0,0,0,0,0,0,0,0,0,0,0,0,CCCC=O
73.065,C4H8OH+,n-butanal,123-72-8,73.065,43.0,55.054,57.0,,,,,,,,,,,PTR-QMS,2.4,106,,"Warneke, ES&T 37, 2494, 2003",doi.org/10.1021/es026266i,,8.20E-24,2.72,792.7,,3.17E-09,aldehyde,4,0,0,0,0,0,1,0,0,0,0,0,0,0,0,0,0,0,0,0,CCCC=O
73.065,C4H8OH+,2-butanone,78-93-3,73.065,100.0,,,,,,,,,,,,,PTR-MS,,,,"Buhr IJMS 221, 1, 2002",doi.org/10.1016/S1387-3806(02)00896-5,"Ionicon qPTRMS, drift tube V=600V, no pressure given",8.13E-24,2.78,827.3,,3.21E-09,ketone,4,0,0,0,0,1,0,0,0,0,0,0,0,0,0,0,0,0,0,0,CCC(=O)C
73.065,C4H8OH+,2-butanone,78-93-3,73.065,,,,,,,,,,,,,,PTR-MS,2.40,110,70,"de Gouw, JGR 111, D10303, 2006",doi.org/10.1029/2005JD006175,"NOAA q-PTRMS; NEAQS-ITCT sensitivities; E/N and Pdrift not reported, taken from Warneke 2003 ES&T ",8.13E-24,2.78,827.3,,3.21E-09,ketone,4,0,0,0,0,1,0,0,0,0,0,0,0,0,0,0,0,0,0,0,CCC(=O)C
73.065,C4H8OH+,2-butanone,78-93-3,73.065,,,,,,,,,,,,,,PTR-MS,2.20,136,15,"Kajos, AMT 8, 4453, 2015",doi.org/10.5194/amt-8-4453-2015,"Ionicon q-PTRMS, automated calibration sensitivity",8.13E-24,2.78,827.3,,3.21E-09,ketone,4,0,0,0,0,1,0,0,0,0,0,0,0,0,0,0,0,0,0,0,CCC(=O)C
73.065,C4H8OH+,2-butanone,78-93-3,73.065,,,,,,,,,,,,,,PTR-MS,2.00,120,16.4,"Kajos, AMT 8, 4453, 2015",doi.org/10.5194/amt-8-4453-2015,"Ionicon q-PTRMS, automated calibration sensitivity",8.13E-24,2.78,827.3,,3.21E-09,ketone,4,0,0,0,0,1,0,0,0,0,0,0,0,0,0,0,0,0,0,0,CCC(=O)C
73.065,C4H8OH+,2-butanone,78-93-3,73.065,,,,,,,,,,,,,,PTR-TOF,2.40,120,82.49,"Koss, ACP 18, 3299, 2018",doi.org/10.5194/acp-18-3299-2018,"NOAA PTR-ToF; some sensitivities calibrated, some calculated Sekimoto et al 2017; extraction frequency unknown",8.13E-24,2.78,827.3,,3.21E-09,ketone,4,0,0,0,0,1,0,0,0,0,0,0,0,0,0,0,0,0,0,0,CCC(=O)C
73.065,C4H8OH+,2-butanone,78-93-3,73.065,100.0,,,,,,,,,,,,,SIFT-MS,0.93,0,,"Smith, RCMS 17, 2655, 2003",doi.org/10.1002/rcm.1244,0.7 Torr He. Calculated rate coefficient,8.13E-24,2.78,827.3,3.90E-09,3.21E-09,ketone,4,0,0,0,0,1,0,0,0,0,0,0,0,0,0,0,0,0,0,0,CCC(=O)C
73.065,C4H8OH+,2-butanone,78-93-3,73.065,100.0,,,,,,,,,,,,,SIFT-MS,0.67,0,,"Spanel, IJMSIP 165/166, 25, 1997",doi.org/10.1016/S0168-1176(97)00166-3,0.5 Torr He. Calculated rate coefficient,8.13E-24,2.78,827.3,3.90E-09,3.21E-09,ketone,4,0,0,0,0,1,0,0,0,0,0,0,0,0,0,0,0,0,0,0,CCC(=O)C
73.065,C4H8OH+,2-butanone,78-93-3,73.065,,,,,,,,,,,,,,PTR-TOF,2.30,136,4.7,"Stockwell, ACP 15, 845, 2015",doi.org/10.5194/acp-15-845-2015,Ionicon PTR-TOF 8000; m/z range 10-600; sensitivites taken from Fig. 1A using IGORThief,8.13E-24,2.78,827.3,,3.21E-09,ketone,4,0,0,0,0,1,0,0,0,0,0,0,0,0,0,0,0,0,0,0,CCC(=O)C
73.065,C4H8OH+,2-butanone,78-93-3,73.065,,,,,,,,,,,,,,PTR-MS,2.40,125,34,"Warneke, AMT 8, 411, 2015",doi.org/10.5194/amt-8-411-2015,NOAA q-PTRMS; UBWOS13 sensitivities; from figure using igorthief,8.13E-24,2.78,827.3,,3.21E-09,ketone,4,0,0,0,0,1,0,0,0,0,0,0,0,0,0,0,0,0,0,0,CCC(=O)C
73.065,C4H8OH+,2-butanone,78-93-3,73.065,,,,,,,,,,,,,,PTR-MS,2.20,130,17,"Warneke, AMT 8, 411, 2015",doi.org/10.5194/amt-8-411-2015,Ionicon PTR=ToF; UBWOS13 sensitivities; exctraction freq 25 kHz (mz1-500); from figure using igorthief,8.13E-24,2.78,827.3,,3.21E-09,ketone,4,0,0,0,0,1,0,0,0,0,0,0,0,0,0,0,0,0,0,0,CCC(=O)C
73.065,C4H8OH+,2-butanone,78-93-3,73.065,100.0,,,,,,,,,,,,,PTR-QMS,2.4,106,34.1,"Warneke, ES&T 37, 2494, 2003",doi.org/10.1021/es026266i,,8.13E-24,2.78,827.3,,3.21E-09,ketone,4,0,0,0,0,1,0,0,0,0,0,0,0,0,0,0,0,0,0,0,CCC(=O)C
73.065,C4H8OH+,2-butanone,78-93-3,73.065,,,,,,,,,,,,,,PTR-MS,2.40,130,36,"Warneke, IJMS 303, 6, 2011",doi.org/10.1016/j.ijms.2010.12.002,"NOAA q-PTRMS, sensitivities taken from Figure 1A with IGORThief, pressure and E/N assumed",8.13E-24,2.78,827.3,,3.21E-09,ketone,4,0,0,0,0,1,0,0,0,0,0,0,0,0,0,0,0,0,0,0,CCC(=O)C
73.065,C4H8OH+,2-butanone,78-93-3,73.065,,,,,,,,,,,,,,PTR-MS,2.20,127,14,"Yanez-Serrano, ACP 15, 3359, 2015",doi.org/10.5194/acp-15-3359-2015,Ionicon q-PTRMS; dry season sensitivity,8.13E-24,2.78,827.3,,3.21E-09,ketone,4,0,0,0,0,1,0,0,0,0,0,0,0,0,0,0,0,0,0,0,CCC(=O)C
73.065,C4H8OH+,2-butanone,78-93-3,73.065,,,,,,,,,,,,,,PTR-TOF,2.40,120,308,"Yuan, AMT 9, 2735, 2016",doi.org/10.5194/amt-9-2735-2016,NOAA PTR-ToF; SONGNEX sensitivities; extraction frequency 25 kHz,8.13E-24,2.78,827.3,,3.21E-09,ketone,4,0,0,0,0,1,0,0,0,0,0,0,0,0,0,0,0,0,0,0,CCC(=O)C
73.065,C4H8OH+,tetrahydrofuran,109-99-9,73.065,100.0,,,,,,,,,,,,,SIFT-MS,0.67,0,,"Spanel, IJMSIP 172, 239, 1998",doi.org/10.1016/S0168-1176(97)00277-2,0.5 Torr He. Calculated rate coefficient,n/a,1.75,822.1,2.80E-09,#VALUE!,O-heterocycle,4,0,0,1,0,0,0,0,0,0,1,0,0,0,0,0,0,0,0,0,C1CCOC1
73.065,C4H8OH+,tetrahydrofuran,109-99-9,73.065,100.0,,,,,,,,,,,,,SIFT-MS,1,0,,"Wang, IJMS 237, 167, 2004",doi.org/10.1016/j.ijms.2004.07.009,100 Pa He. Calculated rate coefficient,n/a,1.75,822.1,2.80E-09,#VALUE!,O-heterocycle,4,0,0,1,0,0,0,0,0,0,1,0,0,0,0,0,0,0,0,0,C1CCOC1
74.024,C2H3NO2H+,nitroethene,3638-64-0,74.024,,,,,,,,,,,,,,PTR-TOF,2.40,120,105.1,"Koss, ACP 18, 3299, 2018",doi.org/10.5194/acp-18-3299-2018,"NOAA PTR-ToF; some sensitivities calibrated, some calculated Sekimoto et al 2017; extraction frequency unknown",n/a,n/a,n/a,,#VALUE!,nitroalkane,2,1,0,0,0,0,0,0,0,0,0,0,0,0,0,0,0,1,0,0,C=C[N+](=O)[O-]
74.096,C4H11NH+,butylamine,109-73-9,74.096,98.0,18.034,2.0,,,,,,,,,,,SIFT-MS,0.67,0,,"Spanel, IJMS 176, 203, 1998",doi.org/10.1016/S1387-3806(98)14031-9,0.5 Torr He. Calculated rate coefficient,1.35E-23,1.20,921.5,2.70E-09,2.39E-09,amine,4,0,0,0,0,0,0,0,0,0,0,1,0,0,0,0,0,0,0,0,CCCCN
74.096,C4H11NH+,diethylamine,109-89-7,74.096,95.0,72.081,5.0,,,,,,,,,,,SIFT-MS,0.67,0,,"Spanel, IJMS 176, 203, 1998",doi.org/10.1016/S1387-3806(98)14031-9,0.5 Torr He. Calculated rate coefficient,9.91E-24,0.92,952.4,2.30E-09,2.01E-09,amine,4,0,0,0,0,0,0,0,0,0,0,1,0,0,0,0,0,0,0,0,CCNCC
75.044,C3H6O2H+,propanoic acid,79-09-4,75.044,90.0,57.033,10.0,,,,,,,,,,,SIFT-MS,0.67,0,,"Spanel, IJMSIP 172, 137, 1998",doi.org/10.1016/S0168-1176(97)00246-2,0.5 Torr He. Calculated rate coefficient,6.90E-24,1.75,797.2,2.70E-09,2.28E-09,acid,3,0,0,0,0,0,0,0,1,0,0,0,0,0,0,0,0,0,0,0,CCC(=O)O
75.044,C3H6O2H+,methyl acetate,79-20-9,75.044,92.0,43.018,8.0,,,,,,,,,,,PTR-MS,,,,"Buhr IJMS 221, 1, 2002",doi.org/10.1016/S1387-3806(02)00896-5,"Ionicon qPTRMS, drift tube V=600V, no pressure given",6.88E-24,1.72,821.6,,2.25E-09,ester,3,0,0,0,0,0,0,1,0,0,0,0,0,0,0,0,0,0,0,0,CC(=O)OC
75.044,C3H6O2H+,ethyl formate,109-94-4,75.044,,,,,,,,,,,,,,PTR-TOF,2.40,120,,"Koss, ACP 18, 3299, 2018",doi.org/10.5194/acp-18-3299-2018,"NOAA PTR-ToF; some sensitivities calibrated, some calculated Sekimoto et al 2017; extraction frequency unknown",7.45E-24,1.93,799.4,,2.47E-09,ester,3,0,0,0,0,0,0,1,0,0,0,0,0,0,0,0,0,0,0,0,CCOC=O
75.044,C3H6O2H+,methyl acetate,79-20-9,75.044,,,,,,,,,,,,,,PTR-TOF,2.40,120,64.67,"Koss, ACP 18, 3299, 2018",doi.org/10.5194/acp-18-3299-2018,"NOAA PTR-ToF; some sensitivities calibrated, some calculated Sekimoto et al 2017; extraction frequency unknown",6.88E-24,1.72,821.6,,2.25E-09,ester,3,0,0,0,0,0,0,1,0,0,0,0,0,0,0,0,0,0,0,0,CC(=O)OC
75.044,C3H6O2H+,ethyl formate,109-94-4,75.044,95.0,47.049,5.0,,,,,,,,,,,SIFT-MS,0.67,0,,"Spanel, IJMSIP 172, 137, 1998",doi.org/10.1016/S0168-1176(97)00246-2,0.5 Torr He. Calculated rate coefficient,7.45E-24,1.93,799.4,3.00E-09,2.47E-09,ester,3,0,0,0,0,0,0,1,0,0,0,0,0,0,0,0,0,0,0,0,CCOC=O
75.044,C3H6O2H+,methyl acetate,79-20-9,75.044,100.0,,,,,,,,,,,,,SIFT-MS,0.67,0,,"Spanel, IJMSIP 172, 137, 1998",doi.org/10.1016/S0168-1176(97)00246-2,0.5 Torr He. Calculated rate coefficient,6.88E-24,1.72,821.6,2.80E-09,2.25E-09,ester,3,0,0,0,0,0,0,1,0,0,0,0,0,0,0,0,0,0,0,0,CC(=O)OC
75.044,C3H6O2H+,hydroxyacetone,116-09-6,75.044,,,,,,,,,,,,,,PTR-TOF,2.40,120,,"Koss, ACP 18, 3299, 2018",doi.org/10.5194/acp-18-3299-2018,"NOAA PTR-ToF; some sensitivities calibrated, some calculated Sekimoto et al 2017; extraction frequency unknown",n/a,n/a,n/a,,#VALUE!,ketone,3,0,0,0,1,1,0,0,0,0,0,0,0,0,0,0,0,0,0,0,CC(=O)CO
75.080,C4H10OH+,1-butanol,71-36-3,57.070,94.0,41.039,6.0,,,,,,,,,,,PTR-MS,,,,"Buhr IJMS 221, 1, 2002",doi.org/10.1016/S1387-3806(02)00896-5,"Ionicon qPTRMS, drift tube V=600V, no pressure given",8.88E-24,1.66,789.2,,2.31E-09,alcohol,4,0,0,0,1,0,0,0,0,0,0,0,0,0,0,0,0,0,0,0,CCCCO
75.080,C4H10OH+,2-butanol,78-92-2,57.070,93.0,41.039,7.0,,,,,,,,,,,PTR-MS,,,,"Buhr IJMS 221, 1, 2002",doi.org/10.1016/S1387-3806(02)00896-5,"Ionicon qPTRMS, drift tube V=600V, no pressure given",n/a,1.80,815.0,,#VALUE!,alcohol,4,0,0,0,1,0,0,0,0,0,0,0,0,0,0,0,0,0,0,0,CCC(C)O
75.080,C4H10OH+,2-methyl-2-propanol,75-65-0,57.070,94.0,41.039,6.0,,,,,,,,,,,PTR-MS,,,,"Buhr IJMS 221, 1, 2002",doi.org/10.1016/S1387-3806(02)00896-5,"Ionicon qPTRMS, drift tube V=600V, no pressure given",8.92E-24,1.66,802.6,,2.31E-09,alcohol,4,0,0,0,1,0,0,0,0,0,0,0,0,0,0,0,0,0,0,0,CC(C)(C)O
75.080,C4H10OH+,1-butanol,71-36-3,75.080,5.0,57.070,95.0,,,,,,,,,,,SIFT-MS,0.67,0,,"Spanel, IJMS 167/168, 375, 1997",doi.org/10.1016/S0168-1176(97)00085-2,0.5 Torr He. Calculated rate coefficient,8.88E-24,1.66,789.2,2.80E-09,2.31E-09,alcohol,4,0,0,0,1,0,0,0,0,0,0,0,0,0,0,0,0,0,0,0,CCCCO
75.080,C4H10OH+,2-butanol,78-92-2,75.080,5.0,57.070,95.0,,,,,,,,,,,SIFT-MS,0.67,0,,"Spanel, IJMS 167/168, 375, 1997",doi.org/10.1016/S0168-1176(97)00085-2,0.5 Torr He. Calculated rate coefficient,n/a,1.80,815.0,2.70E-09,#VALUE!,alcohol,4,0,0,0,1,0,0,0,0,0,0,0,0,0,0,0,0,0,0,0,CCC(C)O
75.080,C4H10OH+,2-methyl-1-propanol,78-83-1,57.070,100.0,,,,,,,,,,,,,SIFT-MS,0.67,0,,"Spanel, IJMS 167/168, 375, 1997",doi.org/10.1016/S0168-1176(97)00085-2,0.5 Torr He. Calculated rate coefficient,n/a,1.66,793.7,2.70E-09,#VALUE!,alcohol,4,0,0,0,1,0,0,0,0,0,0,0,0,0,0,0,0,0,0,0,CC(C)CO
75.080,C4H10OH+,2-methyl-2-propanol,75-65-0,57.070,100.0,,,,,,,,,,,,,SIFT-MS,0.67,0,,"Spanel, IJMS 167/168, 375, 1997",doi.org/10.1016/S0168-1176(97)00085-2,0.5 Torr He. Calculated rate coefficient,8.92E-24,1.66,802.6,2.70E-09,2.31E-09,alcohol,4,0,0,0,1,0,0,0,0,0,0,0,0,0,0,0,0,0,0,0,CC(C)(C)O
75.080,C4H10OH+,diethyl ether,60-29-7,75.080,100.0,,,,,,,,,,,,,SIFT-MS,0.67,0,,"Spanel, IJMSIP 145, 177, 1995",doi.org/10.1016/0168-1176(95)04164-G,0.5 Torr He. ,9.47E-24,1.15,828.4,2.00E-09,2.05E-09,ether,4,0,0,0,0,0,0,0,0,0,1,0,0,0,0,0,0,0,0,0,CCOCC
75.080,C4H10OH+,diethyl ether,60-29-7,75.080,100.0,,,,,,,,,,,,,SIFT-MS,0.67,0,,"Spanel, IJMSIP 172, 239, 1998",doi.org/10.1016/S0168-1176(97)00277-2,0.5 Torr He. Calculated rate coefficient,9.47E-24,1.15,828.4,2.40E-09,2.05E-09,ether,4,0,0,0,0,0,0,0,0,0,1,0,0,0,0,0,0,0,0,0,CCOCC
76.039,C2H5NO2H+,nitroethane,79-24-3,76.039,100.0,,,,,,,,,,,,,SIFT-MS,1,0,,"Dryahina, IJMS 239, 57, 2004",doi.org/10.1016/j.ijms.2004.09.007,100 Pa He. Calculated rate coefficient,9.63E-24,3.23,765.7,4.80E-09,3.63E-09,nitroalkane,2,0,0,0,0,0,0,0,0,0,0,0,0,0,0,0,0,1,0,0,CC[N+](=O)[O-]
76.951,CS2H+,carbon disulfide,75-15-0,76.951,100.0,,,,,,,,,,,,,SIFT-MS,0.67,0,,"Spanel, IJMS 176, 167, 1998",doi.org/10.1016/S1387-3806(98)14004-6,0.5 Torr He. Calculated rate coefficient,n/a,0.00,681.9,2.50E-10,#VALUE!,sulfide,2,0,0,0,0,0,0,0,0,0,0,0,0,0,0,2,0,0,0,0,C(=S)=S
77.006,C2H4OSH+,thioacetic acid,507-09-5,77.006,80.0,43.018,20.0,,,,,,,,,,,SIFT-MS,0.67,0,,"Spanel, IJMS 176, 167, 1998",doi.org/10.1016/S1387-3806(98)14004-6,0.5 Torr He. Calculated rate coefficient,n/a,1.70,n/a,2.80E-09,#VALUE!,sulfide,2,0,0,0,0,0,0,0,0,0,0,0,0,0,0,1,0,0,0,0,CC(=O)S
77.023,C2H4O3H+,peracetic acid,79-21-0,77.023,10.0,61.028,90.0,,,,,,,,,,,SIFT-MS,0.93,0,,"Spanel, IJMS 228, 269, 2003",doi.org/10.1016/S1387-3806(03)00214-8,0.7 Torr He. Calculated rate coefficient. Note unusual H2O2 product,n/a,2.40,n/a,3.20E-09,#VALUE!,peracid,2,0,0,0,0,0,0,0,0,0,0,0,0,0,0,0,1,0,0,0,CC(=O)OO
77.060,C3H8O2H+,"1,2-propanediol",57-55-6,77.060,5.0,59.049,95.0,,,,,,,,,,,SIFT-MS,0.93,0,,"Spanel, IJMS 218, 227, 2002",doi.org/10.1016/S1387-3806(02)00724-8,0.7 Torr He. Calculated rate coefficient,n/a,2.25,n/a,3.50E-09,#VALUE!,diol,3,0,0,0,2,0,0,0,0,0,0,0,0,0,0,0,0,0,0,0,CC(CO)O
77.060,C3H8O2H+,"1,3-propanediol",504-63-2,77.060,30.0,59.049,70.0,,,,,,,,,,,SIFT-MS,0.93,0,,"Spanel, IJMS 218, 227, 2002",doi.org/10.1016/S1387-3806(02)00724-8,0.7 Torr He. Calculated rate coefficient,n/a,2.55,876.2,3.50E-09,#VALUE!,diol,3,0,0,0,2,0,0,0,0,0,0,0,0,0,0,0,0,0,0,0,C(CO)CO
78.001,CH3NOSH+,n-sulfinyl methanamine,NA,78.001,,,,,,,,,,,,,,PTR-TOF,2.40,120,53.11,"Koss, ACP 18, 3299, 2018",doi.org/10.5194/acp-18-3299-2018,"NOAA PTR-ToF; some sensitivities calibrated, some calculated Sekimoto et al 2017; extraction frequency unknown",n/a,n/a,n/a,,#VALUE!,sulfoxide,1,0,0,0,0,0,0,0,0,0,0,1,0,0,0,1,0,0,0,0,CN=S=O
79.021,C2H6OSH+,2-thioethanol,60-24-2,79.021,5.0,61.011,95.0,,,,,,,,,,,SIFT-MS,0.93,0,,"Spanel, IJMS 218, 227, 2002",doi.org/10.1016/S1387-3806(02)00724-8,0.7 Torr He. Calculated rate coefficient,n/a,2.20,n/a,3.20E-09,#VALUE!,alcohol,2,0,0,0,1,0,0,0,0,0,0,0,0,0,0,1,0,0,0,0,C(CS)O
79.054,C6H6H+,benzene,71-43-2,79.054,,,,,,,,,,,,,,PTR-MS,2.20,136,20,"Cui, AMT 9, 5763, 2016",doi.org/10.5194/amt-9-5763-2016,Ionicon q-PTRMS,1.04E-23,0.00,750.4,,1.93E-09,aromatic,6,0,0,1,0,0,0,0,0,0,0,0,0,0,0,0,0,0,1,0,C1=CC=CC=C1
79.054,C6H6H+,benzene,71-43-2,79.054,,,,,,,,,,,,,,PTR-MS,2.40,110,33.8,"de Gouw, JGR 108, 4682, 2003",doi.org/10.1029/2003JD003863,"NOAA q-PTRMS, NEAQS sensitivities, E/N assumed based on Warneke 2003 ES&T ",1.04E-23,0.00,750.4,,1.93E-09,aromatic,6,0,0,1,0,0,0,0,0,0,0,0,0,0,0,0,0,0,1,0,C1=CC=CC=C1
79.054,C6H6H+,benzene,71-43-2,79.054,,,,,,,,,,,,,,PTR-MS,2.40,110,31.4,"de Gouw, JGR 111, D10303, 2006",doi.org/10.1029/2005JD006175,"NOAA q-PTRMS; NEAQS-ITCT sensitivities; E/N and Pdrift not reported, taken from Warneke 2003 ES&T ",1.04E-23,0.00,750.4,,1.93E-09,aromatic,6,0,0,1,0,0,0,0,0,0,0,0,0,0,0,0,0,0,1,0,C1=CC=CC=C1
79.054,C6H6H+,benzene,71-43-2,79.054,,,,,,,,,,,,,,PTR-MS,2.16,100,17,"Dunne, AMT 11, 141, 2018",doi.org/10.5194/amt-11-141-2018,Ionicon q-PTRMS,1.04E-23,0.00,750.4,,1.93E-09,aromatic,6,0,0,1,0,0,0,0,0,0,0,0,0,0,0,0,0,0,1,0,C1=CC=CC=C1
79.054,C6H6H+,benzene,71-43-2,79.054,,,,,,,,,,,,,,PTR-MS,2.10,108,7.1,"Inomata, ACP 10, 7085, 2010",doi.org/10.5194/acp-10-7085-2010,Ionicon q-PTRMS;,1.04E-23,0.00,750.4,,1.93E-09,aromatic,6,0,0,1,0,0,0,0,0,0,0,0,0,0,0,0,0,0,1,0,C1=CC=CC=C1
79.054,C6H6H+,benzene,71-43-2,79.054,,,,,,,,,,,,,,PTR-MS,2.20,136,8.3,"Kajos, AMT 8, 4453, 2015",doi.org/10.5194/amt-8-4453-2015,"Ionicon q-PTRMS, automated calibration sensitivity",1.04E-23,0.00,750.4,,1.93E-09,aromatic,6,0,0,1,0,0,0,0,0,0,0,0,0,0,0,0,0,0,1,0,C1=CC=CC=C1
79.054,C6H6H+,benzene,71-43-2,79.054,,,,,,,,,,,,,,PTR-MS,2.00,120,9.3,"Kajos, AMT 8, 4453, 2015",doi.org/10.5194/amt-8-4453-2015,"Ionicon q-PTRMS, automated calibration sensitivity",1.04E-23,0.00,750.4,,1.93E-09,aromatic,6,0,0,1,0,0,0,0,0,0,0,0,0,0,0,0,0,0,1,0,C1=CC=CC=C1
79.054,C6H6H+,benzene,71-43-2,79.054,,,,,,,,,,,,,,PTR-MS,2.00,120,11,"Karl, ACP 7, 5883, 2007",doi.org/10.5194/acp-7-5883-2007,Ionicon q-PTRMS; TROFFEE sensitivities,1.04E-23,0.00,750.4,,1.93E-09,aromatic,6,0,0,1,0,0,0,0,0,0,0,0,0,0,0,0,0,0,1,0,C1=CC=CC=C1
79.054,C6H6H+,benzene,71-43-2,79.054,,,,,,,,,,,,,,PTR-MS,2.30,110,11,"Kaser, ACP 13, 2893, 2013",doi.org/10.5194/acp-13-2893-2013,"Ionicon q-PTRMS, BEACHON sensitivities",1.04E-23,0.00,750.4,,1.93E-09,aromatic,6,0,0,1,0,0,0,0,0,0,0,0,0,0,0,0,0,0,1,0,C1=CC=CC=C1
79.054,C6H6H+,benzene,71-43-2,79.054,,,,,,,,,,,,,,PTR-TOF,2.40,120,55.23,"Koss, ACP 18, 3299, 2018",doi.org/10.5194/acp-18-3299-2018,"NOAA PTR-ToF; some sensitivities calibrated, some calculated Sekimoto et al 2017; extraction frequency unknown",1.04E-23,0.00,750.4,,1.93E-09,aromatic,6,0,0,1,0,0,0,0,0,0,0,0,0,0,0,0,0,0,1,0,C1=CC=CC=C1
79.054,C6H6H+,benzene,71-43-2,79.054,100.0,,,,,,,,,,,,,PTR-MS,0.40,130,,"Lindinger, IJMSIP 173, 191, 1998",doi.org/10.1016/S0168-1176(97)00281-4,"Pressure ""a few 10^-1 Torr""; E/N ranged 120-140; rate constants measured ",1.04E-23,0.00,750.4,2.10E-09,1.929727E-09,aromatic,6,0,0,1,0,0,0,0,0,0,0,0,0,0,0,0,0,0,1,0,C1=CC=CC=C1
79.054,C6H6H+,benzene,71-43-2,79.054,,,,,,,,,,,,,,PTR-MS,2.00,108,41,"Ma, AMT 9, 6101, 2016",doi.org/10.5194/amt-9-6101-2016,Nanjing University quadrupole PTR-ID-CIMS (very similar to Ionicon q-PTRMS),1.04E-23,0.00,750.4,,1.93E-09,aromatic,6,0,0,1,0,0,0,0,0,0,0,0,0,0,0,0,0,0,1,0,C1=CC=CC=C1
79.054,C6H6H+,benzene,71-43-2,79.054,100.0,,,,,,,,,,,,,SIFT-MS,0.93,0,,"Spanel, IJMS 181, 1, 1998",doi.org/10.1016/S1387-3806(98)14114-3,0.7 Torr He ?,1.04E-23,0.00,750.4,1.90E-09,1.93E-09,aromatic,6,0,0,1,0,0,0,0,0,0,0,0,0,0,0,0,0,0,1,0,C1=CC=CC=C1
79.054,C6H6H+,benzene,71-43-2,79.054,100.0,,,,,,,,,,,,,SIFT-MS,0.67,0,,"Spanel, IJMSIP 145, 177, 1995",doi.org/10.1016/0168-1176(95)04164-G,0.5 Torr He. ,1.04E-23,0.00,750.4,1.80E-09,1.93E-09,aromatic,6,0,0,1,0,0,0,0,0,0,0,0,0,0,0,0,0,0,1,0,C1=CC=CC=C1
79.054,C6H6H+,benzene,71-43-2,79.054,,,,,,,,,,,,,,PTR-MS,2.00,137,15,"Steinbacher, IJMS 239, 117, 2004",doi.org/10.1016/j.ijms.2004.07.015,Ionicon q-PTRMS,1.04E-23,0.00,750.4,,1.93E-09,aromatic,6,0,0,1,0,0,0,0,0,0,0,0,0,0,0,0,0,0,1,0,C1=CC=CC=C1
79.054,C6H6H+,benzene,71-43-2,79.054,,,,,,,,,,,,,,PTR-TOF,2.30,136,3.6,"Stockwell, ACP 15, 845, 2015",doi.org/10.5194/acp-15-845-2015,Ionicon PTR-TOF 8000; m/z range 10-600; sensitivites taken from Fig. 1A using IGORThief,1.04E-23,0.00,750.4,,1.93E-09,aromatic,6,0,0,1,0,0,0,0,0,0,0,0,0,0,0,0,0,0,1,0,C1=CC=CC=C1
79.054,C6H6H+,benzene,71-43-2,79.054,,,,,,,,,,,,,,PTR-MS,2.40,125,18,"Warneke, AMT 8, 411, 2015",doi.org/10.5194/amt-8-411-2015,NOAA q-PTRMS; UBWOS13 sensitivities; from figure using igorthief,1.04E-23,0.00,750.4,,1.93E-09,aromatic,6,0,0,1,0,0,0,0,0,0,0,0,0,0,0,0,0,0,1,0,C1=CC=CC=C1
79.054,C6H6H+,benzene,71-43-2,79.054,,,,,,,,,,,,,,PTR-MS,2.20,130,10,"Warneke, AMT 8, 411, 2015",doi.org/10.5194/amt-8-411-2015,Ionicon PTR=ToF; UBWOS13 sensitivities; exctraction freq 25 kHz (mz1-500); from figure using igorthief,1.04E-23,0.00,750.4,,1.93E-09,aromatic,6,0,0,1,0,0,0,0,0,0,0,0,0,0,0,0,0,0,1,0,C1=CC=CC=C1
79.054,C6H6H+,benzene,71-43-2,79.054,100.0,,,,,,,,,,,,,PTR-QMS,2.4,106,25,"Warneke, ES&T 37, 2494, 2003",doi.org/10.1021/es026266i,,1.04E-23,0.00,750.4,,1.93E-09,aromatic,6,0,0,1,0,0,0,0,0,0,0,0,0,0,0,0,0,0,1,0,C1=CC=CC=C1
79.054,C6H6H+,benzene,71-43-2,79.054,,,,,,,,,,,,,,PTR-MS,2.50,140,42,"Warneke, IJMS 207, 167, 2001",doi.org/10.1016/S1387-3806(01)00366-9,Ionicon q-PTRMS; 0% RH,1.04E-23,0.00,750.4,,1.93E-09,aromatic,6,0,0,1,0,0,0,0,0,0,0,0,0,0,0,0,0,0,1,0,C1=CC=CC=C1
79.054,C6H6H+,benzene,71-43-2,79.054,,,,,,,,,,,,,,PTR-MS,2.40,130,20,"Warneke, IJMS 303, 6, 2011",doi.org/10.1016/j.ijms.2010.12.002,"NOAA q-PTRMS, sensitivities taken from Figure 1A with IGORThief, pressure and E/N assumed",1.04E-23,0.00,750.4,,1.93E-09,aromatic,6,0,0,1,0,0,0,0,0,0,0,0,0,0,0,0,0,0,1,0,C1=CC=CC=C1
79.054,C6H6H+,benzene,71-43-2,79.054,,,,,,,,,,,,,,PTR-TOF,2.40,120,165,"Yuan, AMT 9, 2735, 2016",doi.org/10.5194/amt-9-2735-2016,NOAA PTR-ToF; SONGNEX sensitivities; extraction frequency 25 kHz,1.04E-23,0.00,750.4,,1.93E-09,aromatic,6,0,0,1,0,0,0,0,0,0,0,0,0,0,0,0,0,0,1,0,C1=CC=CC=C1
79.054,C6H6H+,benzene,71-43-2,79.054,100.0,,,,,,,,,,,,,PTR-MS,2.06,80,,"Gueneron, IJMS 379, 97, 2015",doi.org/10.1016/j.ijms.2015.01.001,"Ionicon qPTRMS, drift tube T=65C, dried to dewpoint of -30C",1.04E-23,0.00,750.4,,1.93E-09,aromatic,6,0,0,1,0,0,0,0,0,0,0,0,0,0,0,0,0,0,1,0,C1=CC=CC=C1
79.054,C6H6H+,benzene,71-43-2,79.054,100.0,,,,,,,,,,,,,PTR-MS,2.06,120,,"Gueneron, IJMS 379, 97, 2015",doi.org/10.1016/j.ijms.2015.01.001,"Ionicon qPTRMS, drift tube T=65C, dried to dewpoint of -30C",1.04E-23,0.00,750.4,,1.93E-09,aromatic,6,0,0,1,0,0,0,0,0,0,0,0,0,0,0,0,0,0,1,0,C1=CC=CC=C1
80.049,C5H5NH+,pyridine,110-86-1,80.049,,,,,,,,,,,,,,PTR-TOF,2.40,120,92.33,"Koss, ACP 18, 3299, 2018",doi.org/10.5194/acp-18-3299-2018,"NOAA PTR-ToF; some sensitivities calibrated, some calculated Sekimoto et al 2017; extraction frequency unknown",9.34E-24,2.22,930.0,,2.79E-09,N-heterocycle,5,0,0,1,0,0,0,0,0,0,0,1,0,0,0,0,0,0,1,0,C1=CC=NC=C1
80.049,C5H5NH+,pyridine,110-86-1,80.049,100.0,,,,,,,,,,,,,SIFT-MS,0.67,0,,"Spanel, IJMS 176, 203, 1998",doi.org/10.1016/S1387-3806(98)14004-6,0.5 Torr He. Calculated rate coefficient,9.34E-24,2.22,930.0,3.30E-09,2.79E-09,N-heterocycle,5,0,0,1,0,0,0,0,0,0,0,1,0,0,0,0,0,0,1,0,C1=CC=NC=C1
80.049,C5H5NH+,pyridine,110-86-1,80.049,100.0,,,,,,,,,,,,,SIFT-MS,1,0,,"Wang, IJMS 237, 167, 2004",doi.org/10.1016/j.ijms.2004.07.009,100 Pa He. Calculated rate coefficient,9.34E-24,2.22,930.0,3.30E-09,2.79E-09,N-heterocycle,5,0,0,1,0,0,0,0,0,0,0,1,0,0,0,0,0,0,1,0,C1=CC=NC=C1
80.049,C5H5NH+,pentadienenitriles,NA,80.049,,,,,,,,,,,,,,PTR-TOF,2.40,120,,"Koss, ACP 18, 3299, 2018",doi.org/10.5194/acp-18-3299-2018,"NOAA PTR-ToF; some sensitivities calibrated, some calculated Sekimoto et al 2017; extraction frequency unknown",n/a,n/a,n/a,,#VALUE!,nitrile,5,2,0,0,0,0,0,0,0,0,0,0,0,2,0,0,0,0,0,0,NA
81.033,C5H4OH+,"2,4-cyclopentadiene-1-one",13177-38-3,81.033,,,,,,,,,,,,,,PTR-TOF,2.40,120,73.3,"Koss, ACP 18, 3299, 2018",doi.org/10.5194/acp-18-3299-2018,"NOAA PTR-ToF; some sensitivities calibrated, some calculated Sekimoto et al 2017; extraction frequency unknown",n/a,3.13,n/a,,#VALUE!,ketone,5,2,0,1,0,1,0,0,0,0,0,0,0,0,0,0,0,0,0,0,C1=CC(=O)C=C1
82.065,C5H7NH+,methyl pyrrole isomers,96-54-8,82.065,,,,,,,,,,,,,,PTR-TOF,2.40,120,95.49,"Koss, ACP 18, 3299, 2018",doi.org/10.5194/acp-18-3299-2018,"NOAA PTR-ToF; some sensitivities calibrated, some calculated Sekimoto et al 2017; extraction frequency unknown",n/a,n/a,n/a,,#VALUE!,N-heterocycle,5,0,0,1,0,0,0,0,0,0,0,1,0,0,0,0,0,0,1,0,CN1C=CC=C1
82.065,C5H7NH+,pentene nitrile,NA,82.065,,,,,,,,,,,,,,PTR-TOF,2.40,120,,"Koss, ACP 18, 3299, 2018",doi.org/10.5194/acp-18-3299-2018,"NOAA PTR-ToF; some sensitivities calibrated, some calculated Sekimoto et al 2017; extraction frequency unknown",n/a,n/a,n/a,,#VALUE!,nitrile,5,1,0,0,0,0,0,0,0,0,0,0,0,1,0,0,0,0,0,0,NA
83.049,C5H6OH+,2-methyl furan,534-22-5,83.049,,,,,,,,,,,,,,PTR-TOF,2.40,120,56.43,"Koss, ACP 18, 3299, 2018",doi.org/10.5194/acp-18-3299-2018,"NOAA PTR-ToF; some sensitivities calibrated, some calculated Sekimoto et al 2017; extraction frequency unknown",n/a,0.65,865.9,,#VALUE!,furan,5,0,0,1,0,0,0,0,0,0,1,0,0,0,0,0,0,0,1,0,CC1=CC=CO1
83.049,C5H6OH+,3-methyl furan,930-27-8,83.049,,,,,,,,,,,,,,PTR-TOF,2.40,120,,"Koss, ACP 18, 3299, 2018",doi.org/10.5194/acp-18-3299-2018,"NOAA PTR-ToF; some sensitivities calibrated, some calculated Sekimoto et al 2017; extraction frequency unknown",n/a,1.03,854.0,,#VALUE!,furan,5,0,0,1,0,0,0,0,0,0,1,0,0,0,0,0,0,0,1,0,CC1=COC=C1
83.049,C5H6OH+,methyl furan,534-22-5,83.049,100.0,,,,,,,,,,,,,PTR-QMS,2.4,106,,"Warneke, ES&T 37, 2494, 2003",doi.org/10.1021/es026266i,,n/a,0.65,865.9,,#VALUE!,furan,5,0,0,1,0,0,0,0,0,0,1,0,0,0,0,0,0,0,1,0,CC1=CC=CO1
83.086,C6H10H+,cyclohexene,110-83-8,83.086,100.0,,,,,,,,,,,,,PTR-QMS,2.4,106,23.7,"Warneke, ES&T 37, 2494, 2003",doi.org/10.1021/es026266i,,1.07E-23,0.33,832.4,,1.96E-09,cycloalkene,6,1,0,1,0,0,0,0,0,0,0,0,0,0,0,0,0,0,0,0,C1CCC=CC1
83.086,C6H10H+,"1,3-hexadiene",592-48-3,83.086,100.0,,,,,,,,,,,,,PTR-QMS,2.4,106,,"Warneke, ES&T 37, 2494, 2003",doi.org/10.1021/es026266i,,n/a,n/a,n/a,,#VALUE!,diene,6,2,0,0,0,0,0,0,0,0,0,0,0,0,0,0,0,0,0,0,CC/C=C/C=C
84.081,C5H9NH+,pentanenitrile,110-59-8,84.081,,,,,,,,,,,,,,PTR-TOF,2.40,120,114.9,"Koss, ACP 18, 3299, 2018",doi.org/10.5194/acp-18-3299-2018,"NOAA PTR-ToF; some sensitivities calibrated, some calculated Sekimoto et al 2017; extraction frequency unknown",n/a,4.12,802.4,,#VALUE!,nitrile,5,0,0,0,0,0,0,0,0,0,0,0,0,1,0,0,0,0,0,0,CCCCC#N
85.011,C4H4SH+,thiophene,110-02-1,85.011,,,,,,,,,,,,,,PTR-TOF,2.40,120,51.1,"Koss, ACP 18, 3299, 2018",doi.org/10.5194/acp-18-3299-2018,"NOAA PTR-ToF; some sensitivities calibrated, some calculated Sekimoto et al 2017; extraction frequency unknown",9.67E-24,0.55,815.0,,1.88E-09,S-heterocycle,4,0,0,1,0,0,0,0,0,0,0,0,0,0,0,1,0,0,1,0,C1=CSC=C1
85.028,C4H4O2H+,2-(3H)furanone,20825-71-2,85.028,,,,,,,,,,,,,,PTR-TOF,2.40,120,70.82,"Koss, ACP 18, 3299, 2018",doi.org/10.5194/acp-18-3299-2018,"NOAA PTR-ToF; some sensitivities calibrated, some calculated Sekimoto et al 2017; extraction frequency unknown",n/a,n/a,n/a,,#VALUE!,ester,4,1,0,1,0,0,0,1,0,0,0,0,0,0,0,0,0,0,0,0,C1C=COC1=O
85.065,C5H8OH+,trans-2-methyl-2-butenal,497-03-0,85.065,100.0,,,,,,,,,,,,,SIFT-MS,0.93,0,,"Spanel, IJMS 213, 163, 2002",doi.org/10.1016/S1387-3806(01)00531-0,0.7 Torr He. Calculated rate coefficient,n/a,3.50,n/a,4.60E-09,#VALUE!,alkenal,5,1,0,0,0,0,1,0,0,0,0,0,0,0,0,0,0,0,0,0,C/C=C(\C)/C=O
85.065,C5H8OH+,trans-2-pentenal,1576-87-0,85.065,100.0,,,,,,,,,,,,,SIFT-MS,0.93,0,,"Spanel, IJMS 213, 163, 2002",doi.org/10.1016/S1387-3806(01)00531-0,0.7 Torr He. Calculated rate coefficient,n/a,3.50,839.0,4.60E-09,#VALUE!,alkenal,5,1,0,0,0,0,1,0,0,0,0,0,0,0,0,0,0,0,0,0,CC/C=C/C=O
85.065,C5H8OH+,cyclopentanone,120-92-3,85.065,,,,,,,,,,,,,,PTR-TOF,2.40,120,74.31,"Koss, ACP 18, 3299, 2018",doi.org/10.5194/acp-18-3299-2018,"NOAA PTR-ToF; some sensitivities calibrated, some calculated Sekimoto et al 2017; extraction frequency unknown",n/a,3.30,823.7,,#VALUE!,ketone,5,0,0,1,0,0,0,1,0,0,0,0,0,0,0,0,0,0,0,0,C1CCC(=O)C1
85.065,C5H8OH+,3-methyl-3-buten-2-one,814-78-8,85.065,,,,,,,,,,,,,,PTR-TOF,2.40,120,,"Koss, ACP 18, 3299, 2018",doi.org/10.5194/acp-18-3299-2018,"NOAA PTR-ToF; some sensitivities calibrated, some calculated Sekimoto et al 2017; extraction frequency unknown",n/a,n/a,843.1,,#VALUE!,ketone,5,1,0,0,0,1,0,0,0,0,0,0,0,0,0,0,0,0,0,0,CC(=C)C(=O)C
85.101,C6H12H+,1-hexene,592-41-6,85.101,100.0,,,,,,,,,,,,,SIFT-MS,0.93,0,,"Diskin, IJMS 218, 87, 2002",doi.org/10.1016/S1387-3806(02)00662-0,0.7 Torr He. Calculated rate coefficient,1.17E-23,0.40,805.2,2.10E-09,2.05E-09,alkene,6,1,0,0,0,0,0,0,0,0,0,0,0,0,0,0,0,0,0,0,CCCCC=C
85.101,C6H12H+,trans-2-hexene,4050-45-7,85.101,100.0,,,,,,,,,,,,,SIFT-MS,0.93,0,,"Diskin, IJMS 218, 87, 2002",doi.org/10.1016/S1387-3806(02)00662-0,0.7 Torr He. Calculated rate coefficient,1.153E-23*,0.05,n/a,2.00E-09,#VALUE!,alkene,6,1,0,0,0,0,0,0,0,0,0,0,0,0,0,0,0,0,0,0,CCC/C=C/C
85.101,C6H12H+,2-methyl-2-pentene,625-27-4,85.101,100.0,,,,,,,,,,,,,PTR-MS,2.06,80,,"Gueneron, IJMS 379, 97, 2015",doi.org/10.1016/j.ijms.2015.01.001,"Ionicon qPTRMS, drift tube T=65C, dried to dewpoint of -30C",n/a,n/a,812.0,,#VALUE!,alkene,6,1,0,0,0,0,0,0,0,0,0,0,0,0,0,0,0,0,0,0,CCC=C(C)C
85.101,C6H12H+,2-methyl-2-pentene,625-27-4,85.101,29.0,57.070,12.0,43.054,48.0,41.039,11.0,,,,,,,PTR-MS,2.06,120,,"Gueneron, IJMS 379, 97, 2015",doi.org/10.1016/j.ijms.2015.01.001,"Ionicon qPTRMS, drift tube T=65C, dried to dewpoint of -30C",n/a,n/a,812.0,,#VALUE!,alkene,6,1,0,0,0,0,0,0,0,0,0,0,0,0,0,0,0,0,0,0,CCC=C(C)C
85.101,C6H12H+,trans-2-hexene,4050-45-7,85.101,87.0,57.070,13.0,,,,,,,,,,,PTR-MS,2.06,80,,"Gueneron, IJMS 379, 97, 2015",doi.org/10.1016/j.ijms.2015.01.001,"Ionicon qPTRMS, drift tube T=65C, dried to dewpoint of -30C",1.153E-23*,0.05,n/a,,#VALUE!,alkene,6,1,0,0,0,0,0,0,0,0,0,0,0,0,0,0,0,0,0,0,CCC/C=C/C
85.101,C6H12H+,trans-2-hexene,4050-45-7,85.101,27.0,57.070,13.0,43.054,48.0,41.039,12.0,,,,,,,PTR-MS,2.06,120,,"Gueneron, IJMS 379, 97, 2015",doi.org/10.1016/j.ijms.2015.01.001,"Ionicon qPTRMS, drift tube T=65C, dried to dewpoint of -30C",1.153E-23*,0.05,n/a,,#VALUE!,alkene,6,1,0,0,0,0,0,0,0,0,0,0,0,0,0,0,0,0,0,0,CCC/C=C/C
85.101,C6H12H+,trans-4-methyl-2-pentene,674-76-0,85.101,100.0,,,,,,,,,,,,,PTR-MS,2.06,80,,"Gueneron, IJMS 379, 97, 2015",doi.org/10.1016/j.ijms.2015.01.001,"Ionicon qPTRMS, drift tube T=65C, dried to dewpoint of -30C",n/a,n/a,n/a,,#VALUE!,alkene,6,1,0,0,0,0,0,0,0,0,0,0,0,0,0,0,0,0,0,0,C/C=C/C(C)C
85.101,C6H12H+,trans-4-methyl-2-pentene,674-76-0,85.101,31.0,57.070,12.0,43.054,48.0,41.039,9.0,,,,,,,PTR-MS,2.06,120,,"Gueneron, IJMS 379, 97, 2015",doi.org/10.1016/j.ijms.2015.01.001,"Ionicon qPTRMS, drift tube T=65C, dried to dewpoint of -30C",n/a,n/a,n/a,,#VALUE!,alkene,6,1,0,0,0,0,0,0,0,0,0,0,0,0,0,0,0,0,0,0,C/C=C/C(C)C
85.101,C6H12H+,cyclohexane,110-82-7,85.101,73.0,83.086,23.0,,,,,,,,,,,PTR-MS,2.06,80,0.04,"Gueneron, IJMS 379, 97, 2015",doi.org/10.1016/j.ijms.2015.01.001,"Ionicon qPTRMS, drift tube T=65C, dried to dewpoint of -30C. percentages don't add to 100, leaving as-is.",1.09E-23,0.00,686.9,,1.96E-09,cycloalkane,6,0,0,1,0,0,0,0,0,0,0,0,0,0,0,0,0,0,0,1,C1CCCCC1
85.101,C6H12H+,cyclohexane,110-82-7,85.101,15.0,83.086,24.0,57.070,10.0,43.054,38.0,41.039,13.0,,,,,PTR-MS,2.06,120,0.063,"Gueneron, IJMS 379, 97, 2015",doi.org/10.1016/j.ijms.2015.01.001,"Ionicon qPTRMS, drift tube T=65C, dried to dewpoint of -30C",1.09E-23,0.00,686.9,,1.96E-09,cycloalkane,6,0,0,1,0,0,0,0,0,0,0,0,0,0,0,0,0,0,0,1,C1CCCCC1
85.101,C6H12H+,methylcyclopentane,96-37-7,85.101,95.0,83.086,5.0,,,,,,,,,,,PTR-MS,2.06,80,,"Gueneron, IJMS 379, 97, 2015",doi.org/10.1016/j.ijms.2015.01.001,"Ionicon qPTRMS, drift tube T=65C, dried to dewpoint of -30C",10.78E-24*,n/a,n/a,,#VALUE!,cycloalkane,6,0,0,1,0,0,0,0,0,0,0,0,0,0,0,0,0,0,0,1,CC1CCCC1
85.101,C6H12H+,methylcyclopentane,96-37-7,85.101,28.0,83.086,4.0,57.070,12.0,43.054,45.0,41.039,11.0,,,,,PTR-MS,2.06,120,,"Gueneron, IJMS 379, 97, 2015",doi.org/10.1016/j.ijms.2015.01.001,"Ionicon qPTRMS, drift tube T=65C, dried to dewpoint of -30C",10.78E-24*,n/a,n/a,,#VALUE!,cycloalkane,6,0,0,1,0,0,0,0,0,0,0,0,0,0,0,0,0,0,0,1,CC1CCCC1
85.101,C6H12H+,methyl cyclopentane,96-37-7,85.101,100.0,,,,,,,,,,,,,PTR-QMS,2.4,106,,"Warneke, ES&T 37, 2494, 2003",doi.org/10.1021/es026266i,,n/a,n/a,n/a,,#VALUE!,cycloalkane,6,0,0,1,0,0,0,0,0,0,0,0,0,0,0,0,0,0,0,1,CC1CCCC1
86.060,C4H7NOH+,2-pyrrolidinone,616-45-5,86.060,100.0,,,,,,,,,,,,,SIFT-MS,1,0,,"Wang, IJMS 237, 167, 2004",doi.org/10.1016/j.ijms.2004.07.009,100 Pa He. Calculated rate coefficient,n/a,3.50,n/a,4.50E-09,#VALUE!,N-heterocycle,4,0,0,1,0,0,0,0,0,0,0,0,1,0,0,0,0,0,0,0,C1CC(=O)NC1
86.096,C5H11NH+,1-methylpyrrolidine,120-94-5,86.096,75.0,84.081,25.0,,,,,,,,,,,SIFT-MS,1,0,,"Wang, IJMS 237, 167, 2004",doi.org/10.1016/j.ijms.2004.07.009,100 Pa He. Calculated rate coefficient,n/a,2.30,965.6,3.40E-09,#VALUE!,N-heterocycle,5,0,0,1,0,0,0,0,0,0,0,1,0,0,0,0,0,0,0,0,CN1CCCC1
86.096,C5H11NH+,piperidine,110-89-4,86.096,90.0,84.081,10.0,,,,,,,,,,,SIFT-MS,1,0,,"Wang, IJMS 237, 167, 2004",doi.org/10.1016/j.ijms.2004.07.009,100 Pa He. Calculated rate coefficient,n/a,2.30,954.0,3.40E-09,#VALUE!,N-heterocycle,5,0,0,1,0,0,0,0,0,0,0,1,0,0,0,0,0,0,0,0,C1CCNCC1
87.044,C4H6O2H+,cyclopropanecarboxylic acid,1759-53-1,87.044,90.0,69.033,10.0,,,,,,,,,,,SIFT-MS,1.33,0,,"Smith, IJMS 303, 81, 2011",doi.org/10.1016/j.ijms.2011.01.005,1 Torr He? Calculated rate coefficient,n/a,1.80,821.4,3.00E-09,#VALUE!,acid,4,0,0,1,0,0,0,0,1,0,0,0,0,0,0,0,0,0,0,0,C1CC1C(=O)O
87.044,C4H6O2H+,"2,3-butanedione",431-03-8,87.044,93.0,59.049,7.0,,,,,,,,,,,PTR-MS,,,,"Buhr IJMS 221, 1, 2002",doi.org/10.1016/S1387-3806(02)00896-5,"Ionicon qPTRMS, drift tube V=600V, no pressure given",8.20E-24,0.00,801.9,,1.70E-09,dione,4,0,0,0,0,2,0,0,0,0,0,0,0,0,0,0,0,0,0,0,CC(=O)C(=O)C
87.044,C4H6O2H+,"2,3-butanedione",431-03-8,87.044,,,,,,,,,,,,,,PTR-TOF,2.40,120,55.9,"Koss, ACP 18, 3299, 2018",doi.org/10.5194/acp-18-3299-2018,"NOAA PTR-ToF; some sensitivities calibrated, some calculated Sekimoto et al 2017; extraction frequency unknown",8.20E-24,0.00,801.9,,1.70E-09,dione,4,0,0,0,0,2,0,0,0,0,0,0,0,0,0,0,0,0,0,0,CC(=O)C(=O)C
87.044,C4H6O2H+,"2,3-butanedione",431-03-8,87.044,100.0,,,,,,,,,,,,,SIFT-MS,1.33,0,,"Smith, IJMS 303, 81, 2011",doi.org/10.1016/j.ijms.2011.01.005,1 Torr He? Calculated rate coefficient,8.20E-24,0.00,801.9,1.70E-09,1.70E-09,dione,4,0,0,0,0,2,0,0,0,0,0,0,0,0,0,0,0,0,0,0,CC(=O)C(=O)C
87.044,C4H6O2H+,"2,3-butanedione",431-03-8,87.044,100.0,,,,,,,,,,,,,SIFT-MS,0.67,0,,"Spanel, IJMSIP 165/166, 25, 1997",doi.org/10.1016/S0168-1176(97)00166-3,0.5 Torr He. Calculated rate coefficient,8.20E-24,0.00,801.9,1.70E-09,1.70E-09,dione,4,0,0,0,0,2,0,0,0,0,0,0,0,0,0,0,0,0,0,0,CC(=O)C(=O)C
87.044,C4H6O2H+,methyl acrylate,96-33-3,87.044,,,,,,,,,,,,,,PTR-TOF,2.40,120,,"Koss, ACP 18, 3299, 2018",doi.org/10.5194/acp-18-3299-2018,"NOAA PTR-ToF; some sensitivities calibrated, some calculated Sekimoto et al 2017; extraction frequency unknown",n/a,1.77,825.8,,#VALUE!,ester,4,1,0,0,0,0,0,1,0,0,0,0,0,0,0,0,0,0,0,0,COC(=O)C=C
87.044,C4H6O2H+,y-butyrolactone,96-48-0,87.044,100.0,,,,,,,,,,,,,SIFT-MS,1.33,0,,"Smith, IJMS 303, 81, 2011",doi.org/10.1016/j.ijms.2011.01.005,1 Torr He? Calculated rate coefficient,n/a,4.27,840.0,4.10E-09,#VALUE!,ester,4,0,0,1,0,0,0,1,0,0,0,0,0,0,0,0,0,0,0,0,C1CC(=O)OC1
87.044,C4H6O2H+,y-butyrolactone,96-48-0,87.044,100.0,,,,,,,,,,,,,SIFT-MS,1,0,,"Wang, IJMS 237, 167, 2004",doi.org/10.1016/j.ijms.2004.07.009,100 Pa He. Calculated rate coefficient,n/a,3.00,840.0,4.00E-09,#VALUE!,O-heterocycle,4,0,0,1,0,0,0,1,0,0,0,0,0,0,0,0,0,0,0,0,C1CC(=O)OC1
87.080,C5H10OH+,2-methyl-3-buten-1-ol,4516-90-9,87.080,19.0,69.070,71.0,,,,,,,,,,,PTR-QMS,2.4,106,31.4,"Warneke, ES&T 37, 2494, 2003",doi.org/10.1021/es026266i,,n/a,n/a,n/a,,#VALUE!,alcohol,5,1,0,1,0,0,0,0,0,0,0,0,0,0,0,0,0,0,0,0,CC(CO)C=C
87.080,C5H10OH+,pentanal,110-62-3,87.080,5.0,69.070,75.0,57.070,4.0,41.039,16.0,,,,,,,PTR-MS,,,,"Buhr IJMS 221, 1, 2002",doi.org/10.1016/S1387-3806(02)00896-5,"Ionicon qPTRMS, drift tube V=600V, no pressure given",9.84E-24*,2.50,796.6,,#VALUE!,aldehyde,5,0,0,0,0,0,1,0,0,0,0,0,0,0,0,0,0,0,0,0,CCCCC=O
87.080,C5H10OH+,methylbutanal,NA,87.080,,,,,,,,,,,,,,PTR-TOF,2.40,120,57.13,"Koss, ACP 18, 3299, 2018",doi.org/10.5194/acp-18-3299-2018,"NOAA PTR-ToF; some sensitivities calibrated, some calculated Sekimoto et al 2017; extraction frequency unknown",n/a,n/a,n/a,,#VALUE!,aldehyde,5,0,0,0,0,0,1,0,0,0,0,0,0,0,0,0,0,0,0,0,NA
87.080,C5H10OH+,3-methylbutanal,590-86-3,87.080,70.0,69.070,30.0,,,,,,,,,,,SIFT-MS,0.93,0,,"Spanel, IJMS 213, 163, 2002",doi.org/10.1016/S1387-3806(01)00531-0,0.7 Torr He. Calculated rate coefficient,n/a,2.50,n/a,3.60E-09,#VALUE!,aldehyde,5,0,0,0,0,0,1,0,0,0,0,0,0,0,0,0,0,0,0,0,CC(C)CC=O
87.080,C5H10OH+,pentanal,110-62-3,87.080,75.0,69.070,25.0,,,,,,,,,,,SIFT-MS,0.67,0,,"Spanel, IJMSIP 165/166, 25, 1997",doi.org/10.1016/S0168-1176(97)00166-3,0.5 Torr He. Calculated rate coefficient,9.84E-24*,2.50,796.6,3.60E-09,#VALUE!,aldehyde,5,0,0,0,0,0,1,0,0,0,0,0,0,0,0,0,0,0,0,0,CCCCC=O
87.080,C5H10OH+,pentanal,110-62-3,87.080,22.0,69.070,78.0,,,,,,,,,,,PTR-QMS,2.4,106,,"Warneke, ES&T 37, 2494, 2003",doi.org/10.1021/es026266i,,9.84E-24*,2.50,796.6,,#VALUE!,aldehyde,5,0,0,0,0,0,1,0,0,0,0,0,0,0,0,0,0,0,0,0,CCCCC=O
87.080,C5H10OH+,allyl ethyl ether,557-31-3,87.080,75.0,59.049,15.0,45.033,10.0,,,,,,,,,SIFT-MS,1.33,0,,"Smith, IJMS 303, 81, 2011",doi.org/10.1016/j.ijms.2011.01.005,1 Torr He? Calculated rate coefficient,n/a,1.20,833.7,2.50E-09,#VALUE!,ether,5,1,0,0,0,0,0,0,0,0,1,0,0,0,0,0,0,0,0,0,CCOCC=C
87.080,C5H10OH+,allyl ethyl ether,557-31-3,87.080,60.0,59.049,20.0,45.033,20.0,,,,,,,,,SIFT-MS,0.67,0,,"Spanel, IJMSIP 172, 239, 1998",doi.org/10.1016/S0168-1176(97)00277-2,0.5 Torr He. Calculated rate coefficient,n/a,1.20,833.7,2.50E-09,#VALUE!,ether,5,1,0,0,0,0,0,0,0,0,1,0,0,0,0,0,0,0,0,0,CCOCC=C
87.080,C5H10OH+,2-pentanone,107-87-9,87.080,92.0,45.033,8.0,,,,,,,,,,,PTR-MS,,,,"Buhr IJMS 221, 1, 2002",doi.org/10.1016/S1387-3806(02)00896-5,"Ionicon qPTRMS, drift tube V=600V, no pressure given",9.93E-24,2.70,832.7,,3.19E-09,ketone,5,0,0,0,0,1,0,0,0,0,0,0,0,0,0,0,0,0,0,0,CCCC(=O)C
87.080,C5H10OH+,2-pentanone,107-87-9,87.080,,,,,,,,,,,,,,PTR-MS,2.00,120,10,"Karl, ACP 7, 5883, 2007",doi.org/10.5194/acp-7-5883-2007,Ionicon q-PTRMS; TROFFEE sensitivities,9.93E-24,2.70,832.7,,3.19E-09,ketone,5,0,0,0,0,1,0,0,0,0,0,0,0,0,0,0,0,0,0,0,CCCC(=O)C
87.080,C5H10OH+,2-pentanone,107-87-9,87.080,,,,,,,,,,,,,,PTR-TOF,2.40,120,,"Koss, ACP 18, 3299, 2018",doi.org/10.5194/acp-18-3299-2018,"NOAA PTR-ToF; some sensitivities calibrated, some calculated Sekimoto et al 2017; extraction frequency unknown",9.93E-24,2.70,832.7,,3.19E-09,ketone,5,0,0,0,0,1,0,0,0,0,0,0,0,0,0,0,0,0,0,0,CCCC(=O)C
87.080,C5H10OH+,3-methyl-2-butanone,563-80-4,87.080,,,,,,,,,,,,,,PTR-TOF,2.40,120,,"Koss, ACP 18, 3299, 2018",doi.org/10.5194/acp-18-3299-2018,"NOAA PTR-ToF; some sensitivities calibrated, some calculated Sekimoto et al 2017; extraction frequency unknown",n/a,n/a,836.3,,#VALUE!,ketone,5,0,0,0,0,1,0,0,0,0,0,0,0,0,0,0,0,0,0,0,CC(C)C(=O)C
87.080,C5H10OH+,3-pentanone,96-22-0,87.080,,,,,,,,,,,,,,PTR-TOF,2.40,120,,"Koss, ACP 18, 3299, 2018",doi.org/10.5194/acp-18-3299-2018,"NOAA PTR-ToF; some sensitivities calibrated, some calculated Sekimoto et al 2017; extraction frequency unknown",9.93E-24,2.82,836.8,,3.29E-09,ketone,5,0,0,0,0,1,0,0,0,0,0,0,0,0,0,0,0,0,0,0,CCC(=O)CC
87.080,C5H10OH+,2-pentanone,107-87-9,87.080,100.0,,,,,,,,,,,,,SIFT-MS,0.93,0,,"Smith, RCMS 17, 2655, 2003",doi.org/10.1002/rcm.1244,0.7 Torr He. Calculated rate coefficient,9.93E-24,2.70,832.7,3.90E-09,3.19E-09,ketone,5,0,0,0,0,1,0,0,0,0,0,0,0,0,0,0,0,0,0,0,CCCC(=O)C
87.080,C5H10OH+,3-pentanone,96-22-0,87.080,100.0,,,,,,,,,,,,,SIFT-MS,0.93,0,,"Smith, RCMS 17, 2655, 2003",doi.org/10.1002/rcm.1244,0.7 Torr He. Calculated rate coefficient,9.93E-24,2.82,836.8,3.90E-09,3.29E-09,ketone,5,0,0,0,0,1,0,0,0,0,0,0,0,0,0,0,0,0,0,0,CCC(=O)CC
87.080,C5H10OH+,2-pentanone,107-87-9,87.080,100.0,,,,,,,,,,,,,SIFT-MS,0.67,0,,"Spanel, IJMSIP 165/166, 25, 1997",doi.org/10.1016/S0168-1176(97)00166-3,0.5 Torr He. Calculated rate coefficient,9.93E-24,2.70,832.7,3.90E-09,3.19E-09,ketone,5,0,0,0,0,1,0,0,0,0,0,0,0,0,0,0,0,0,0,0,CCCC(=O)C
87.080,C5H10OH+,3-pentanone,96-22-0,87.080,100.0,,,,,,,,,,,,,SIFT-MS,0.67,0,,"Spanel, IJMSIP 165/166, 25, 1997",doi.org/10.1016/S0168-1176(97)00166-3,0.5 Torr He. Calculated rate coefficient,9.93E-24,2.82,836.8,3.90E-09,3.29E-09,ketone,5,0,0,0,0,1,0,0,0,0,0,0,0,0,0,0,0,0,0,0,CCC(=O)CC
87.080,C5H10OH+,2-pentanone,107-87-9,87.080,100.0,,,,,,,,,,,,,PTR-QMS,2.4,106,,"Warneke, ES&T 37, 2494, 2003",doi.org/10.1021/es026266i,,9.93E-24,2.70,832.7,,3.19E-09,ketone,5,0,0,0,0,1,0,0,0,0,0,0,0,0,0,0,0,0,0,0,CCCC(=O)C
87.080,C5H10OH+,3-methyl-2-butanone,563-80-4,87.080,100.0,,,,,,,,,,,,,PTR-QMS,2.4,106,,"Warneke, ES&T 37, 2494, 2003",doi.org/10.1021/es026266i,,n/a,n/a,836.3,,#VALUE!,ketone,5,0,0,0,0,1,0,0,0,0,0,0,0,0,0,0,0,0,0,0,CC(C)C(=O)C
87.080,C5H10OH+,3-pentanone,96-22-0,87.080,100.0,,,,,,,,,,,,,PTR-QMS,2.4,106,,"Warneke, ES&T 37, 2494, 2003",doi.org/10.1021/es026266i,,9.93E-24,2.82,836.8,,3.29E-09,ketone,5,0,0,0,0,1,0,0,0,0,0,0,0,0,0,0,0,0,0,0,CCC(=O)CC
87.117,C6H14H+,n-hexane,110-54-3,105.127,100.0,,,,,,,,,,,,,SIFT-MS,0.93,0,,"Spanel, IJMS 181, 1, 1998",doi.org/10.1016/S1387-3806(98)14114-3,0.7 Torr He ? Cluster formation. k upper limit,1.19E-23,0.00,n/a,1.00E-10,2.05E-09,alkane,6,0,0,0,0,0,0,0,0,0,0,0,0,0,0,0,0,0,0,1,CCCCCC
88.112,C5H13NH+,1-pentylamine,110-58-7,88.112,100.0,,,,,,,,,,,,,SIFT-MS,0.67,0,,"Spanel, IJMS 176, 203, 1998",doi.org/10.1016/S1387-3806(98)14004-6,0.5 Torr He. Calculated rate coefficient,n/a,1.20,923.5,2.70E-09,#VALUE!,amine,5,0,0,0,0,0,0,0,0,0,0,1,0,0,0,0,0,0,0,0,CCCCCN
88.112,C5H13NH+,1-pentylamine,110-58-7,88.112,100.0,,,,,,,,,,,,,SIFT-MS,0.67,0,,"Spanel, IJMS 185/186/187, 139, 1999",doi.org/10.1016/S1387-3806(98)14099-X,0.5 Torr He. Calculated rate coefficient,n/a,1.20,923.5,2.70E-09,#VALUE!,amine,5,0,0,0,0,0,0,0,0,0,0,1,0,0,0,0,0,0,0,0,CCCCCN
88.112,C5H13NH+,2-methyl-2-butylamine,594-39-8,88.112,5.0,71.086,5.0,18.034,90.0,,,,,,,,,SIFT-MS,0.67,0,,"Spanel, IJMS 185/186/187, 139, 1999",doi.org/10.1016/S1387-3806(98)14099-X,0.5 Torr He. Calculated rate coefficient,n/a,1.20,937.8,2.70E-09,#VALUE!,amine,5,0,0,0,0,0,0,0,0,0,0,1,0,0,0,0,0,0,0,0,CCC(C)(C)N
88.112,C5H13NH+,2-methylbutylamine,96-15-1,88.112,50.0,18.034,50.0,,,,,,,,,,,SIFT-MS,0.67,0,,"Spanel, IJMS 185/186/187, 139, 1999",doi.org/10.1016/S1387-3806(98)14099-X,0.5 Torr He. Calculated rate coefficient,n/a,1.20,n/a,2.70E-09,#VALUE!,amine,5,0,0,0,0,0,0,0,0,0,0,1,0,0,0,0,0,0,0,0,CCC(C)CN
88.112,C5H13NH+,2-pentylamine,63493-28-7,88.112,40.0,18.034,60.0,,,,,,,,,,,SIFT-MS,0.67,0,,"Spanel, IJMS 185/186/187, 139, 1999",doi.org/10.1016/S1387-3806(98)14099-X,0.5 Torr He. Calculated rate coefficient,n/a,1.20,n/a,2.70E-09,#VALUE!,amine,5,0,0,0,0,0,0,0,0,0,0,1,0,0,0,0,0,0,0,0,CCCC(C)N
88.112,C5H13NH+,3-methyl-2-butylamine,598-74-3,88.112,30.0,71.086,5.0,18.034,65.0,,,,,,,,,SIFT-MS,0.67,0,,"Spanel, IJMS 185/186/187, 139, 1999",doi.org/10.1016/S1387-3806(98)14099-X,0.5 Torr He. Calculated rate coefficient,n/a,1.20,n/a,2.70E-09,#VALUE!,amine,5,0,0,0,0,0,0,0,0,0,0,1,0,0,0,0,0,0,0,0,CC(C)C(C)N
88.112,C5H13NH+,3-methylbutylamine,107-85-7,88.112,95.0,18.034,5.0,,,,,,,,,,,SIFT-MS,0.67,0,,"Spanel, IJMS 185/186/187, 139, 1999",doi.org/10.1016/S1387-3806(98)14099-X,0.5 Torr He. Calculated rate coefficient,n/a,1.20,n/a,2.70E-09,#VALUE!,amine,5,0,0,0,0,0,0,0,0,0,0,1,0,0,0,0,0,0,0,0,CC(C)CCN
88.112,C5H13NH+,3-pentylamine,616-24-0,88.112,30.0,18.034,70.0,,,,,,,,,,,SIFT-MS,0.67,0,,"Spanel, IJMS 185/186/187, 139, 1999",doi.org/10.1016/S1387-3806(98)14099-X,0.5 Torr He. Calculated rate coefficient,n/a,1.20,n/a,2.70E-09,#VALUE!,amine,5,0,0,0,0,0,0,0,0,0,0,1,0,0,0,0,0,0,0,0,CCC(CC)N
88.112,C5H13NH+,N-ethyl-2-propanamine,19961-27-4,88.112,90.0,86.096,10.0,,,,,,,,,,,SIFT-MS,0.67,0,,"Spanel, IJMS 185/186/187, 139, 1999",doi.org/10.1016/S1387-3806(98)14099-X,0.5 Torr He. Calculated rate coefficient,n/a,1.00,960.0,2.60E-09,#VALUE!,amine,5,0,0,0,0,0,0,0,0,0,0,1,0,0,0,0,0,0,0,0,CCNC(C)C
88.112,C5H13NH+,N-methylbutylamine,110-68-9,88.112,90.0,86.096,10.0,,,,,,,,,,,SIFT-MS,0.67,0,,"Spanel, IJMS 185/186/187, 139, 1999",doi.org/10.1016/S1387-3806(98)14099-X,0.5 Torr He. Calculated rate coefficient,n/a,1.00,n/a,2.60E-09,#VALUE!,amine,5,0,0,0,0,0,0,0,0,0,0,1,0,0,0,0,0,0,0,0,CCCCNC
88.112,C5H13NH+,"N,N-diethylmethylamine",616-39-7,88.112,70.0,86.096,30.0,,,,,,,,,,,SIFT-MS,0.67,0,,"Spanel, IJMS 185/186/187, 139, 1999",doi.org/10.1016/S1387-3806(98)14099-X,0.5 Torr He. Calculated rate coefficient,n/a,0.70,971.0,2.50E-09,#VALUE!,amine,5,0,0,0,0,0,0,0,0,0,0,1,0,0,0,0,0,0,0,0,CCN(C)CC
88.112,C5H13NH+,"N,N-dimethyl-2-propanamine",996-35-0,88.112,80.0,86.096,20.0,,,,,,,,,,,SIFT-MS,0.67,0,,"Spanel, IJMS 185/186/187, 139, 1999",doi.org/10.1016/S1387-3806(98)14099-X,0.5 Torr He. Calculated rate coefficient,n/a,0.70,970.6,2.50E-09,#VALUE!,amine,5,0,0,0,0,0,0,0,0,0,0,1,0,0,0,0,0,0,0,0,CC(C)N(C)C
89.023,C3H4O3H+,pyruvic acid,127-17-3,89.023,,,,,,,,,,,,,,PTR-TOF,2.40,120,77.31,"Koss, ACP 18, 3299, 2018",doi.org/10.5194/acp-18-3299-2018,"NOAA PTR-ToF; some sensitivities calibrated, some calculated Sekimoto et al 2017; extraction frequency unknown",n/a,2.30,n/a,,#VALUE!,acid,3,0,0,0,0,0,0,0,1,0,0,0,0,0,0,0,0,0,0,0,CC(=O)C(=O)O
89.023,C3H4O3H+,pyruvic acid,127-17-3,89.023,80.0,43.018,20.0,,,,,,,,,,,SIFT-MS,1.33,0,,"Smith, IJMS 303, 81, 2011",doi.org/10.1016/j.ijms.2011.01.005,1 Torr He? Calculated rate coefficient,n/a,2.30,n/a,3.20E-09,#VALUE!,acid,3,0,0,0,0,1,0,0,1,0,0,0,0,0,0,0,0,0,0,0,CC(=O)C(=O)O
89.060,C4H8O2H+,butanoic acid,107-92-6,89.060,95.0,71.049,5.0,,,,,,,,,,,SIFT-MS,1.33,0,,"Smith, IJMS 303, 81, 2011",doi.org/10.1016/j.ijms.2011.01.005,1 Torr He? Calculated rate coefficient,8.58E-24,1.65,n/a,3.00E-09,2.23E-09,acid,4,0,0,0,0,0,0,0,1,0,0,0,0,0,0,0,0,0,0,0,CCCC(=O)O
89.060,C4H8O2H+,butanoic acid,107-92-6,89.060,90.0,71.049,10.0,,,,,,,,,,,SIFT-MS,0.67,0,,"Spanel, IJMSIP 172, 137, 1998",doi.org/10.1016/S0168-1176(97)00246-2,0.5 Torr He. Calculated rate coefficient,8.58E-24,1.65,n/a,2.90E-09,2.23E-09,acid,4,0,0,0,0,0,0,0,1,0,0,0,0,0,0,0,0,0,0,0,CCCC(=O)O
89.060,C4H8O2H+,isobutanoic acid,79-31-2,89.060,90.0,71.049,10.0,,,,,,,,,,,SIFT-MS,0.67,0,,"Spanel, IJMSIP 172, 137, 1998",doi.org/10.1016/S0168-1176(97)00246-2,0.5 Torr He. Calculated rate coefficient,n/a,1.08,n/a,2.90E-09,#VALUE!,acid,4,0,0,0,0,0,0,0,1,0,0,0,0,0,0,0,0,0,0,0,CC(C)C(=O)O
89.060,C4H8O2H+,methyl propanoate,554-12-1,89.060,100.0,,,,,,,,,,,,,PTR-MS,2.03,120,,"Aprea, IJMS 262, 114, 2007",doi.org/10.1016/j.ijms.2006.10.016,"Ionicon qPTRMS, drift tube T=50C",8.97E-24,1.80,830.2,,2.37E-09,ester,4,0,0,0,0,0,0,1,0,0,0,0,0,0,0,0,0,0,0,0,CCC(=O)OC
89.060,C4H8O2H+,ethyl acetate,141-78-6,89.060,13.0,61.028,50.0,43.018,35.0,41.002,2.0,,,,,,,PTR-MS,,,,"Buhr IJMS 221, 1, 2002",doi.org/10.1016/S1387-3806(02)00896-5,"Ionicon qPTRMS, drift tube V=600V, no pressure given",9.16E-24,1.78,835.7,,2.36E-09,ester,4,0,0,0,0,0,0,1,0,0,0,0,0,0,0,0,0,0,0,0,CCOC(=O)C
89.060,C4H8O2H+,methyl propanoate,554-12-1,89.060,,,,,,,,,,,,,,PTR-TOF,2.40,120,58.1,"Koss, ACP 18, 3299, 2018",doi.org/10.5194/acp-18-3299-2018,"NOAA PTR-ToF; some sensitivities calibrated, some calculated Sekimoto et al 2017; extraction frequency unknown",8.97E-24,1.80,830.2,,2.37E-09,ester,4,0,0,0,0,0,0,1,0,0,0,0,0,0,0,0,0,0,0,0,CCC(=O)OC
89.060,C4H8O2H+,ethyl acetate,141-78-6,89.060,100.0,,,,,,,,,,,,,SIFT-MS,1.33,0,,"Smith, IJMS 303, 81, 2011",doi.org/10.1016/j.ijms.2011.01.005,1 Torr He? Calculated rate coefficient,9.16E-24,1.78,835.7,2.90E-09,2.36E-09,ester,4,0,0,0,0,0,0,1,0,0,0,0,0,0,0,0,0,0,0,0,CCOC(=O)C
89.060,C4H8O2H+,ethyl acetate,141-78-6,89.060,98.0,61.028,2.0,,,,,,,,,,,SIFT-MS,0.67,0,,"Spanel, IJMSIP 145, 177, 1995",doi.org/10.1016/0168-1176(95)04164-G,0.5 Torr He. ,9.16E-24,1.78,835.7,2.70E-09,2.36E-09,ester,4,0,0,0,0,0,0,1,0,0,0,0,0,0,0,0,0,0,0,0,CCOC(=O)C
89.060,C4H8O2H+,ethyl acetate,141-78-6,89.060,100.0,,,,,,,,,,,,,SIFT-MS,0.67,0,,"Spanel, IJMSIP 172, 137, 1998",doi.org/10.1016/S0168-1176(97)00246-2,0.5 Torr He. Calculated rate coefficient,9.16E-24,1.78,835.7,2.90E-09,2.36E-09,ester,4,0,0,0,0,0,0,1,0,0,0,0,0,0,0,0,0,0,0,0,CCOC(=O)C
89.060,C4H8O2H+,methyl propanoate,554-12-1,89.060,95.0,57.033,5.0,,,,,,,,,,,SIFT-MS,0.67,0,,"Spanel, IJMSIP 172, 137, 1998",doi.org/10.1016/S0168-1176(97)00246-2,0.5 Torr He. Calculated rate coefficient,8.97E-24,1.80,830.2,2.90E-09,2.37E-09,ester,4,0,0,0,0,0,0,1,0,0,0,0,0,0,0,0,0,0,0,0,CCC(=O)OC
89.060,C4H8O2H+,ethyl acetate,141-78-6,89.060,87.0,61.028,10.0,43.018,3.0,,,,,,,,,PTR-MS,2.03,95,,"Aprea, IJMS 262, 114, 2007",doi.org/10.1016/j.ijms.2006.10.016,"Ionicon qPTRMS, drift tube T=50C",9.16E-24,1.78,835.7,,2.36E-09,ester,4,0,0,0,0,0,0,0,0,0,0,0,0,0,0,0,0,0,0,0,CCOC(=O)C
89.060,C4H8O2H+,ethyl acetate,141-78-6,89.060,41.0,61.028,55.0,43.018,23.0,,,,,,,,,PTR-MS,2.03,120,,"Aprea, IJMS 262, 114, 2007",doi.org/10.1016/j.ijms.2006.10.016,"Ionicon qPTRMS, drift tube T=50C",9.16E-24,1.78,835.7,,2.36E-09,ester,4,0,0,0,0,0,0,0,0,0,0,0,0,0,0,0,0,0,0,0,CCOC(=O)C
89.060,C4H8O2H+,ethyl acetate,141-78-6,89.060,7.0,61.028,58.0,43.018,35.0,,,,,,,,,PTR-MS,2.03,135,,"Aprea, IJMS 262, 114, 2007",doi.org/10.1016/j.ijms.2006.10.016,"Ionicon qPTRMS, drift tube T=50C",9.16E-24,1.78,835.7,,2.36E-09,ester,4,0,0,0,0,0,0,0,0,0,0,0,0,0,0,0,0,0,0,0,CCOC(=O)C
89.060,C4H8O2H+,3-hydroxybutanone,513-86-0,89.060,100.0,,,,,,,,,,,,,SIFT-MS,1.33,0,,"Smith, IJMS 303, 81, 2011",doi.org/10.1016/j.ijms.2011.01.005,1 Torr He? Calculated rate coefficient,n/a,2.60,n/a,3.70E-09,#VALUE!,ketone,4,0,0,0,1,1,0,0,0,0,0,0,0,0,0,0,0,0,0,0,CC(C(=O)C)O
89.060,C4H8O2H+,"1,4-dioxane",123-91-1,89.060,80.0,45.033,20.0,,,,,,,,,,,PTR-MS,0.40,130,,"Lindinger, IJMSIP 173, 191, 1998",doi.org/10.1016/S0168-1176(97)00281-4,"Pressure ""a few 10^-1 Torr""; E/N ranged 120-140; rate constants measured ",9.30E-24,0.00,797.4,,1.80E-09,O-heterocycle,4,0,0,1,0,0,0,0,0,0,2,0,0,0,0,0,0,0,0,0,C1COCCO1
89.060,C4H8O2H+,"1,4-dioxane",123-91-1,89.060,100.0,,,,,,,,,,,,,SIFT-MS,1,0,,"Wang, IJMS 237, 167, 2004",doi.org/10.1016/j.ijms.2004.07.009,100 Pa He. Calculated rate coefficient,9.30E-24,0.00,797.4,1.90E-09,1.80E-09,O-heterocycle,4,0,0,1,0,0,0,0,0,0,2,0,0,0,0,0,0,0,0,0,C1COCCO1
89.096,C5H12OH+,1-pentanol,71-41-0,57.070,93.0,41.039,7.0,,,,,,,,,,,PTR-MS,,,,"Buhr IJMS 221, 1, 2002",doi.org/10.1016/S1387-3806(02)00896-5,"Ionicon qPTRMS, drift tube V=600V, no pressure given",n/a,1.70,n/a,,#VALUE!,alcohol,5,0,0,0,1,0,0,0,0,0,0,0,0,0,0,0,0,0,0,0,CCCCCO
89.096,C5H12OH+,2-pentanol,6032-29-7,71.086,40.0,43.054,47.0,41.039,13.0,,,,,,,,,PTR-MS,,,,"Buhr IJMS 221, 1, 2002",doi.org/10.1016/S1387-3806(02)00896-5,"Ionicon qPTRMS, drift tube V=600V, no pressure given",n/a,1.66,n/a,,#VALUE!,alcohol,5,0,0,0,1,0,0,0,0,0,0,0,0,0,0,0,0,0,0,0,CCCC(C)O
89.096,C5H12OH+,3-methyl-1-butanol,123-51-3,71.086,39.0,43.054,48.0,41.039,13.0,,,,,,,,,PTR-MS,,,,"Buhr IJMS 221, 1, 2002",doi.org/10.1016/S1387-3806(02)00896-5,"Ionicon qPTRMS, drift tube V=600V, no pressure given",n/a,1.65,n/a,,#VALUE!,alcohol,5,0,0,0,1,0,0,0,0,0,0,0,0,0,0,0,0,0,0,0,CC(C)CCO
89.096,C5H12OH+,1-pentanol,71-41-0,71.086,100.0,,,,,,,,,,,,,SIFT-MS,0.67,0,,"Spanel, IJMS 167/168, 375, 1997",doi.org/10.1016/S0168-1176(97)00085-2,0.5 Torr He. Calculated rate coefficient,n/a,1.70,n/a,2.80E-09,#VALUE!,alcohol,5,0,0,0,1,0,0,0,0,0,0,0,0,0,0,0,0,0,0,0,CCCCCO
89.096,C5H12OH+,2-methyl-2-butanol,75-85-4,71.086,100.0,,,,,,,,,,,,,SIFT-MS,0.67,0,,"Spanel, IJMS 167/168, 375, 1997",doi.org/10.1016/S0168-1176(97)00085-2,0.5 Torr He. Calculated rate coefficient,n/a,1.82,n/a,2.80E-09,#VALUE!,alcohol,5,0,0,0,1,0,0,0,0,0,0,0,0,0,0,0,0,0,0,0,CCC(C)(C)O
89.096,C5H12OH+,3-methyl-1-butanol,123-51-3,71.086,100.0,,,,,,,,,,,,,SIFT-MS,0.67,0,,"Spanel, IJMS 167/168, 375, 1997",doi.org/10.1016/S0168-1176(97)00085-2,0.5 Torr He. Calculated rate coefficient,n/a,1.65,n/a,2.80E-09,#VALUE!,alcohol,5,0,0,0,1,0,0,0,0,0,0,0,0,0,0,0,0,0,0,0,CC(C)CCO
89.096,C5H12OH+,3-pentanol,584-02-1,71.086,100.0,,,,,,,,,,,,,SIFT-MS,0.67,0,,"Spanel, IJMS 167/168, 375, 1997",doi.org/10.1016/S0168-1176(97)00085-2,0.5 Torr He. Calculated rate coefficient,n/a,1.64,n/a,2.80E-09,#VALUE!,alcohol,5,0,0,0,1,0,0,0,0,0,0,0,0,0,0,0,0,0,0,0,CCC(CC)O
89.096,C5H12OH+,butyl methyl ether,628-28-4,89.096,40.0,57.070,50.0,33.033,10.0,,,,,,,,,SIFT-MS,0.67,0,,"Spanel, IJMSIP 172, 239, 1998",doi.org/10.1016/S0168-1176(97)00277-2,0.5 Torr He. Calculated rate coefficient,n/a,1.20,820.3,2.50E-09,#VALUE!,ether,5,0,0,0,0,0,0,0,0,0,1,0,0,0,0,0,0,0,0,0,CCCCOC
89.096,C5H12OH+,MTBE,1634-04-4,89.096,0.2,57.070,89.8,73.065,10.0,,,,,,,,,PTR-QMS,2.4,106,32.5,"Warneke, ES&T 37, 2494, 2003",doi.org/10.1021/es026266i,,n/a,n/a,841.6,,#VALUE!,ether,5,0,0,0,0,0,0,0,0,0,1,0,0,0,0,0,0,0,0,0,CC(C)(C)OC
90.055,C3H7NO2H+,1-nitropropane,108-03-2,90.055,95.0,59.049,5.0,,,,,,,,,,,SIFT-MS,1,0,,"Dryahina, IJMS 239, 57, 2004",doi.org/10.1016/j.ijms.2004.09.007,100 Pa He. Calculated rate coefficient,8.50E-24,3.66,n/a,4.60E-09,3.76E-09,nitroalkane,3,0,0,0,0,0,0,0,0,0,0,0,0,0,0,0,0,1,0,0,CCC[N+](=O)[O-]
90.055,C3H7NO2H+,2-nitropropane,79-46-9,90.055,40.0,59.049,60.0,,,,,,,,,,,SIFT-MS,1,0,,"Dryahina, IJMS 239, 57, 2004",doi.org/10.1016/j.ijms.2004.09.007,100 Pa He. Calculated rate coefficient,8.50E-24,3.73,n/a,4.70E-09,3.80E-09,nitroalkane,3,0,0,0,0,0,0,0,0,0,0,0,0,0,0,0,0,1,0,0,CC(C)[N+](=O)[O-]
90.055,C3H7NO2H+,1-nitropropane,108-03-2,90.055,,,,,,,,,,,,,,PTR-TOF,2.40,120,102.59,"Koss, ACP 18, 3299, 2018",doi.org/10.5194/acp-18-3299-2018,"NOAA PTR-ToF; some sensitivities calibrated, some calculated Sekimoto et al 2017; extraction frequency unknown",8.50E-24,3.66,n/a,,3.76E-09,nitroalkane,3,0,0,0,0,0,0,0,0,0,0,0,0,0,0,0,0,1,0,0,CCC[N+](=O)[O-]
91.039,C3H6O3H+,lactic acid,50-21-5,91.039,25.0,45.033,75.0,,,,,,,,,,,SIFT-MS,0.67,0,,"Spanel, IJMSIP 172, 137, 1998",doi.org/10.1016/S0168-1176(97)00246-2,0.5 Torr He. Calculated rate coefficient,n/a,2.00,n/a,3.00E-09,#VALUE!,acid,3,0,0,0,1,0,0,0,1,0,0,0,0,0,0,0,0,0,0,0,CC(C(=O)O)O
91.075,C4H10O2H+,ethylene glycol dimethyl ether,110-71-4,91.075,40.0,59.049,55.0,47.013,5.0,,,,,,,,,SIFT-MS,0.67,0,,"Spanel, IJMSIP 172, 239, 1998",doi.org/10.1016/S0168-1176(97)00277-2,0.5 Torr He. Calculated rate coefficient,n/a,2.08,858.0,2.70E-09,#VALUE!,diether,4,0,0,0,0,0,0,0,0,0,2,0,0,0,0,0,0,0,0,0,COCCOC
91.075,C4H10O2H+,"1,2-butanediol",584-03-2,91.075,5.0,73.065,95.0,,,,,,,,,,,SIFT-MS,0.93,0,,"Spanel, IJMS 218, 227, 2002",doi.org/10.1016/S1387-3806(02)00724-8,0.7 Torr He. Calculated rate coefficient,n/a,2.58,n/a,3.70E-09,#VALUE!,diol,4,0,0,0,2,0,0,0,0,0,0,0,0,0,0,0,0,0,0,0,CCC(CO)O
91.075,C4H10O2H+,"1,3-butanediol",107-88-0,91.075,10.0,73.065,90.0,,,,,,,,,,,SIFT-MS,0.93,0,,"Spanel, IJMS 218, 227, 2002",doi.org/10.1016/S1387-3806(02)00724-8,0.7 Torr He. Calculated rate coefficient,n/a,2.58,n/a,3.70E-09,#VALUE!,diol,4,0,0,0,2,0,0,0,0,0,0,0,0,0,0,0,0,0,0,0,CC(CCO)O
91.075,C4H10O2H+,"1,4-butanediol",110-63-4,91.075,10.0,73.065,90.0,,,,,,,,,,,SIFT-MS,0.93,0,,"Spanel, IJMS 218, 227, 2002",doi.org/10.1016/S1387-3806(02)00724-8,0.7 Torr He. Calculated rate coefficient,n/a,2.58,915.6,3.70E-09,#VALUE!,diol,4,0,0,0,2,0,0,0,0,0,0,0,0,0,0,0,0,0,0,0,C(CCO)CO
92.049,C6H5NH+,ethynylpyrrole,67237-51-8,92.049,,,,,,,,,,,,,,PTR-TOF,2.40,120,73.57,"Koss, ACP 18, 3299, 2018",doi.org/10.5194/acp-18-3299-2018,"NOAA PTR-ToF; some sensitivities calibrated, some calculated Sekimoto et al 2017; extraction frequency unknown",n/a,n/a,n/a,,#VALUE!,N-heterocycle,6,0,1,1,0,0,0,0,0,0,0,1,0,0,0,0,0,0,1,0,C#CC1=CC=CN1
93.010,C3H5ClOH+,chloroacetone,78-95-5,93.010,100.0,,,,,,,,,,,,,PTR-QMS,2.4,106,25.8,"Warneke, ES&T 37, 2494, 2003",doi.org/10.1021/es026266i,,n/a,n/a,n/a,,#VALUE!,haloketone,3,0,0,0,0,1,0,0,0,0,0,0,0,0,1,0,0,0,0,0,CC(=O)CCl
93.070,C7H8H+,toluene,108-88-3,93.070,100.0,,,,,,,,,,,,,PTR-MS,2.06,80,,"Gueneron, IJMS 379, 97, 2015",doi.org/10.1016/j.ijms.2015.01.001,"Ionicon qPTRMS, drift tube T=65C, dried to dewpoint of -30C",1.21E-23,0.38,784.0,,2.06E-09,aromatic,7,0,0,1,0,0,0,0,0,0,0,0,0,0,0,0,0,0,1,0,CC1=CC=CC=C1
93.070,C7H8H+,toluene,108-88-3,93.070,100.0,,,,,,,,,,,,,PTR-MS,2.06,120,,"Gueneron, IJMS 379, 97, 2015",doi.org/10.1016/j.ijms.2015.01.001,"Ionicon qPTRMS, drift tube T=65C, dried to dewpoint of -30C",1.21E-23,0.38,784.0,,2.06E-09,aromatic,7,0,0,1,0,0,0,0,0,0,0,0,0,0,0,0,0,0,1,0,CC1=CC=CC=C1
93.070,C7H8H+,toluene,108-88-3,93.070,,,,,,,,,,,,,,PTR-MS,2.40,110,45.4,"de Gouw, JGR 108, 4682, 2003",doi.org/10.1029/2003JD003863,"NOAA q-PTRMS, NEAQS sensitivities, E/N assumed based on Warneke 2003 ES&T ",1.21E-23,0.38,784.0,,2.06E-09,aromatic,7,0,0,1,0,0,0,0,0,0,0,0,0,0,0,0,0,0,1,0,CC1=CC=CC=C1
93.070,C7H8H+,toluene,108-88-3,93.070,,,,,,,,,,,,,,PTR-MS,2.40,110,39.8,"de Gouw, JGR 111, D10303, 2006",doi.org/10.1029/2005JD006175,"NOAA q-PTRMS; NEAQS-ITCT sensitivities; E/N and Pdrift not reported, taken from Warneke 2003 ES&T ",1.21E-23,0.38,784.0,,2.06E-09,aromatic,7,0,0,1,0,0,0,0,0,0,0,0,0,0,0,0,0,0,1,0,CC1=CC=CC=C1
93.070,C7H8H+,toluene,108-88-3,93.070,100.0,,,,,,,,,,,,,PTR-MS,2.16,100,20,"Dunne, AMT 11, 141, 2018",doi.org/10.5194/amt-11-141-2018,Ionicon q-PTRMS,1.21E-23,0.38,784.0,,2.06E-09,aromatic,7,0,0,1,0,0,0,0,0,0,0,0,0,0,0,0,0,0,1,0,CC1=CC=CC=C1
93.070,C7H8H+,toluene,108-88-3,93.070,,,,,,,,,,,,,,PTR-MS,2.10,108,7.9,"Inomata, ACP 10, 7085, 2010",doi.org/10.5194/acp-10-7085-2010,Ionicon q-PTRMS;,1.21E-23,0.38,784.0,,2.06E-09,aromatic,7,0,0,1,0,0,0,0,0,0,0,0,0,0,0,0,0,0,1,0,CC1=CC=CC=C1
93.070,C7H8H+,toluene,108-88-3,93.070,,,,,,,,,,,,,,PTR-MS,2.20,136,8.1,"Kajos, AMT 8, 4453, 2015",doi.org/10.5194/amt-8-4453-2015,"Ionicon q-PTRMS, automated calibration sensitivity",1.21E-23,0.38,784.0,,2.06E-09,aromatic,7,0,0,1,0,0,0,0,0,0,0,0,0,0,0,0,0,0,1,0,CC1=CC=CC=C1
93.070,C7H8H+,toluene,108-88-3,93.070,,,,,,,,,,,,,,PTR-MS,2.00,120,10.4,"Kajos, AMT 8, 4453, 2015",doi.org/10.5194/amt-8-4453-2015,"Ionicon q-PTRMS, automated calibration sensitivity",1.21E-23,0.37500,784.0,,2.06E-09,aromatic,7,0,0,1,0,0,0,0,0,0,0,0,0,0,0,0,0,0,1,0,CC1=CC=CC=C1
93.070,C7H8H+,toluene,108-88-3,93.070,,,,,,,,,,,,,,PTR-MS,2.00,120,12,"Karl, ACP 7, 5883, 2007",doi.org/10.5194/acp-7-5883-2007,Ionicon q-PTRMS; TROFFEE sensitivities,1.2100E-23,0.38,784.0,,2.0613E-09,aromatic,7,0,0,1,0,0,0,0,0,0,0,0,0,0,0,0,0,0,1,0,CC1=CC=CC=C1
93.070,C7H8H+,toluene,108-88-3,93.070,,,,,,,,,,,,,,PTR-TOF,2.40,120,56.06,"Koss, ACP 18, 3299, 2018",doi.org/10.5194/acp-18-3299-2018,"NOAA PTR-ToF; some sensitivities calibrated, some calculated Sekimoto et al 2017; extraction frequency unknown",1.21E-23,0.38,784.0,,2.06E-09,aromatic,7,0,0,1,0,0,0,0,0,0,0,0,0,0,0,0,0,0,1,0,CC1=CC=CC=C1
93.070,C7H8H+,toluene,108-88-3,93.070,100.0,,,,,,,,,,,,,PTR-MS,0.40,130,,"Lindinger, IJMSIP 173, 191, 1998",doi.org/10.1016/S0168-1176(97)00281-4,"Pressure ""a few 10^-1 Torr""; E/N ranged 120-140; rate constants measured ",1.21E-23,0.38,784.0,2.10E-09,2.06E-09,aromatic,7,0,0,1,0,0,0,0,0,0,0,0,0,0,0,0,0,0,1,0,CC1=CC=CC=C1
93.070,C7H8H+,toluene,108-88-3,93.070,,,,,,,,,,,,,,PTR-MS,2.00,108,40,"Ma, AMT 9, 6101, 2016",doi.org/10.5194/amt-9-6101-2016,Nanjing University quadrupole PTR-ID-CIMS (very similar to Ionicon q-PTRMS),1.21E-23,0.38,784.0,,2.06E-09,aromatic,7,0,0,1,0,0,0,0,0,0,0,0,0,0,0,0,0,0,1,0,CC1=CC=CC=C1
93.070,C7H8H+,toluene,108-88-3,93.070,100.0,,,,,,,,,,,,,SIFT-MS,0.93,0,,"Spanel, IJMS 181, 1, 1998",doi.org/10.1016/S1387-3806(98)14114-3,0.7 Torr He ?,1.21E-23,0.38,784.0,2.20E-09,2.06E-09,aromatic,7,0,0,1,0,0,0,0,0,0,0,0,0,0,0,0,0,0,1,0,CC1=CC=CC=C1
93.070,C7H8H+,toluene,108-88-3,93.070,100.0,,,,,,,,,,,,,SIFT-MS,0.67,0,,"Spanel, IJMSIP 145, 177, 1995",doi.org/10.1016/0168-1176(95)04164-G,0.5 Torr He. ,1.21E-23,0.38,784.0,2.30E-09,2.06E-09,aromatic,7,0,0,1,0,0,0,0,0,0,0,0,0,0,0,0,0,0,1,0,CC1=CC=CC=C1
93.070,C7H8H+,toluene,108-88-3,93.070,,,,,,,,,,,,,,PTR-TOF,2.30,136,4.4,"Stockwell, ACP 15, 845, 2015",doi.org/10.5194/acp-15-845-2015,Ionicon PTR-TOF 8000; m/z range 10-600; sensitivites taken from Fig. 1A using IGORThief,1.21E-23,0.38,784.0,,2.06E-09,aromatic,7,0,0,1,0,0,0,0,0,0,0,0,0,0,0,0,0,0,1,0,CC1=CC=CC=C1
93.070,C7H8H+,toluene,108-88-3,93.070,,,,,,,,,,,,,,PTR-MS,2.40,125,21,"Warneke, AMT 8, 411, 2015",doi.org/10.5194/amt-8-411-2015,NOAA q-PTRMS; UBWOS13 sensitivities; from figure using igorthief,1.21E-23,0.38,784.0,,2.06E-09,aromatic,7,0,0,1,0,0,0,0,0,0,0,0,0,0,0,0,0,0,1,0,CC1=CC=CC=C1
93.070,C7H8H+,toluene,108-88-3,93.070,,,,,,,,,,,,,,PTR-MS,2.20,130,11,"Warneke, AMT 8, 411, 2015",doi.org/10.5194/amt-8-411-2015,Ionicon PTR=ToF; UBWOS13 sensitivities; exctraction freq 25 kHz (mz1-500); from figure using igorthief,1.21E-23,0.38,784.0,,2.06E-09,aromatic,7,0,0,1,0,0,0,0,0,0,0,0,0,0,0,0,0,0,1,0,CC1=CC=CC=C1
93.070,C7H8H+,toluene,108-88-3,93.070,100.0,,,,,,,,,,,,,PTR-QMS,2.4,106,35,"Warneke, ES&T 37, 2494, 2003",doi.org/10.1021/es026266i,,1.21E-23,0.38,784.0,,2.06E-09,aromatic,7,0,0,1,0,0,0,0,0,0,0,0,0,0,0,0,0,0,1,0,CC1=CC=CC=C1
93.070,C7H8H+,toluene,108-88-3,93.070,,,,,,,,,,,,,,PTR-MS,2.50,140,71,"Warneke, IJMS 207, 167, 2001",doi.org/10.1016/S1387-3806(01)00366-9,Ionicon q-PTRMS; 0% RH,1.21E-23,0.38,784.0,,2.06E-09,aromatic,7,0,0,1,0,0,0,0,0,0,0,0,0,0,0,0,0,0,1,0,CC1=CC=CC=C1
93.070,C7H8H+,toluene,108-88-3,93.070,,,,,,,,,,,,,,PTR-MS,2.40,130,23,"Warneke, IJMS 303, 6, 2011",doi.org/10.1016/j.ijms.2010.12.002,"NOAA q-PTRMS, sensitivities taken from Figure 1A with IGORThief, pressure and E/N assumed",1.21E-23,0.38,784.0,,2.06E-09,aromatic,7,0,0,1,0,0,0,0,0,0,0,0,0,0,0,0,0,0,1,0,CC1=CC=CC=C1
93.070,C7H8H+,toluene,108-88-3,93.070,,,,,,,,,,,,,,PTR-TOF,2.40,120,178,"Yuan, AMT 9, 2735, 2016",doi.org/10.5194/amt-9-2735-2016,NOAA PTR-ToF; SONGNEX sensitivities; extraction frequency 25 kHz,1.21E-23,0.38,784.0,,2.06E-09,aromatic,7,0,0,1,0,0,0,0,0,0,0,0,0,0,0,0,0,0,1,0,CC1=CC=CC=C1
94.029,C5H3NOH+,2-furonitrile,617-90-3,94.029,,,,,,,,,,,,,,PTR-TOF,2.40,120,100.99,"Koss, ACP 18, 3299, 2018",doi.org/10.5194/acp-18-3299-2018,"NOAA PTR-ToF; some sensitivities calibrated, some calculated Sekimoto et al 2017; extraction frequency unknown",n/a,n/a,n/a,,#VALUE!,furan,5,0,0,1,0,0,0,0,0,0,1,0,0,1,0,0,0,0,1,0,C1=COC(=C1)C#N
94.029,C5H3NOH+,3-furonitrile,30078-65-0,94.029,,,,,,,,,,,,,,PTR-TOF,2.40,120,,"Koss, ACP 18, 3299, 2018",doi.org/10.5194/acp-18-3299-2018,"NOAA PTR-ToF; some sensitivities calibrated, some calculated Sekimoto et al 2017; extraction frequency unknown",n/a,n/a,n/a,,#VALUE!,furan,5,0,0,1,0,0,0,0,0,0,1,0,0,1,0,0,0,0,1,0,C1=COC=C1C#N
94.065,C6H7NH+,aniline,62-53-3,94.065,100.0,,,,,,,,,,,,,SIFT-MS,0.67,0,,"Spanel, IJMS 176, 203, 1998",doi.org/10.1016/S1387-3806(98)14004-6,0.5 Torr He. Calculated rate coefficient,1.21E-23,1.53,882.5,2.80E-09,2.37E-09,amine,6,0,0,1,0,0,0,0,0,0,0,1,0,0,0,0,0,0,1,0,C1=CC=C(C=C1)N
94.065,C6H7NH+,2-methylpyridine,109-06-8,94.065,,,,,,,,,,,,,,PTR-TOF,2.40,120,79.3,"Koss, ACP 18, 3299, 2018",doi.org/10.5194/acp-18-3299-2018,"NOAA PTR-ToF; some sensitivities calibrated, some calculated Sekimoto et al 2017; extraction frequency unknown",n/a,1.85,949.1,,#VALUE!,N-heterocycle,6,0,0,1,0,0,0,0,0,0,0,1,0,0,0,0,0,0,1,0,CC1=CC=CC=N1
94.065,C6H7NH+,3-methylpyridine,108-99-6,94.065,,,,,,,,,,,,,,PTR-TOF,2.40,120,,"Koss, ACP 18, 3299, 2018",doi.org/10.5194/acp-18-3299-2018,"NOAA PTR-ToF; some sensitivities calibrated, some calculated Sekimoto et al 2017; extraction frequency unknown",n/a,2.40,943.4,,#VALUE!,N-heterocycle,6,0,0,1,0,0,0,0,0,0,0,1,0,0,0,0,0,0,1,0,CC1=CN=CC=C1
94.949,CH3BrH+,methyl bromide,74-83-9,112.960,100.0,,,,,,,,,,,,,SIFT-MS,0.67,0,,"Spanel, IJMS 189, 213, 1999",doi.org/10.1016/S1387-3806(99)00103-7,0.5 Torr He. Calculated rate coefficient assuming that O2+ reaction in SIFT proceeded at collisional limit,n/a,1.81,664.2,2.00E-10,#VALUE!,halocarbon,1,0,0,0,0,0,0,0,0,0,0,0,0,0,1,0,0,0,0,0,CBr
94.998,C2H6S2H+,dimethyl disulfide,624-92-0,94.998,,,,,,,,,,,,,,PTR-TOF,2.40,120,72.9,"Koss, ACP 18, 3299, 2018",doi.org/10.5194/acp-18-3299-2018,"NOAA PTR-ToF; some sensitivities calibrated, some calculated Sekimoto et al 2017; extraction frequency unknown",n/a,1.85,815.3,,#VALUE!,sulfide,2,0,0,0,0,0,0,0,0,0,0,0,0,0,0,1,0,0,0,0,CSSC
94.998,C2H6S2H+,dimethyl disulphide,624-92-0,94.998,100.0,,,,,,,,,,,,,SIFT-MS,0.67,0,,"Spanel, IJMS 176, 167, 1998",doi.org/10.1016/S1387-3806(98)14004-6,0.5 Torr He. Calculated rate coefficient,n/a,1.85,815.3,2.60E-09,#VALUE!,sulfide,2,0,0,0,0,0,0,0,0,0,0,0,0,0,0,2,0,0,0,0,CSSC
95.049,C6H6OH+,phenol,108-95-2,95.049,,,,,,,,,,,,,,PTR-TOF,2.40,120,44,"Koss, ACP 18, 3299, 2018",doi.org/10.5194/acp-18-3299-2018,"NOAA PTR-ToF; some sensitivities calibrated, some calculated Sekimoto et al 2017; extraction frequency unknown",1.11E-23,1.22,817.3,,2.16E-09,aromatic,6,0,0,1,1,0,0,0,0,0,0,0,0,0,0,0,0,0,1,0,C1=CC=C(C=C1)O
95.049,C6H6OH+,phenol,108-95-2,95.049,100.0,,,,,,,,,,,,,PTR-MS,0.40,130,,"Lindinger, IJMSIP 173, 191, 1998",doi.org/10.1016/S0168-1176(97)00281-4,"Pressure ""a few 10^-1 Torr""; E/N ranged 120-140; rate constants measured ",1.11E-23,1.22,817.3,,2.16E-09,aromatic,6,0,0,1,1,0,0,0,0,0,0,0,0,0,0,0,0,0,1,0,C1=CC=C(C=C1)O
95.049,C6H6OH+,phenol,108-95-2,95.049,100.0,,,,,,,,,,,,,SIFT-MS,0.67,0,,"Spanel, IJMS 167/168, 375, 1997",doi.org/10.1016/S0168-1176(97)00085-2,0.5 Torr He. Calculated rate coefficient,1.11E-23,1.22,817.3,2.70E-09,2.16E-09,aromatic,6,0,0,1,1,0,0,0,0,0,0,0,0,0,0,0,0,0,1,0,C1=CC=C(C=C1)O
96.044,C5H5NOH+,4-pyridinol,626-64-2,96.044,,,,,,,,,,,,,,PTR-TOF,2.40,120,101.2,"Koss, ACP 18, 3299, 2018",doi.org/10.5194/acp-18-3299-2018,"NOAA PTR-ToF; some sensitivities calibrated, some calculated Sekimoto et al 2017; extraction frequency unknown",n/a,n/a,n/a,,#VALUE!,N-heterocycle,5,0,0,1,1,0,0,0,0,0,0,1,0,0,0,0,0,0,1,0,C1=CNC=CC1=O
96.081,C6H9NH+,1-ethylpyrrole,617-92-5,96.081,,,,,,,,,,,,,,PTR-TOF,2.40,120,,"Koss, ACP 18, 3299, 2018",doi.org/10.5194/acp-18-3299-2018,"NOAA PTR-ToF; some sensitivities calibrated, some calculated Sekimoto et al 2017; extraction frequency unknown",n/a,n/a,n/a,,#VALUE!,N-heterocycle,6,0,0,1,0,0,0,0,0,0,0,1,0,0,0,0,0,0,1,0,CCN1C=CC=C1
96.081,C6H9NH+,"2,5-dimethylpyrrole",625-84-3,96.081,,,,,,,,,,,,,,PTR-TOF,2.40,120,73.8,"Koss, ACP 18, 3299, 2018",doi.org/10.5194/acp-18-3299-2018,"NOAA PTR-ToF; some sensitivities calibrated, some calculated Sekimoto et al 2017; extraction frequency unknown",n/a,n/a,918.7,,#VALUE!,N-heterocycle,6,0,0,1,0,0,0,0,0,0,0,1,0,0,0,0,0,0,1,0,CC1=CC=C(N1)C
97.028,C5H4O2H+,2-furfural,98-01-1,97.028,,,,,,,,,,,,,,PTR-TOF,2.40,120,,"Koss, ACP 18, 3299, 2018",doi.org/10.5194/acp-18-3299-2018,"NOAA PTR-ToF; some sensitivities calibrated, some calculated Sekimoto et al 2017; extraction frequency unknown",1.087E-23*,3.54,n/a,,#VALUE!,furan,5,0,0,1,0,0,1,0,0,0,1,0,0,0,0,0,0,0,1,0,C1=COC(=C1)C=O
97.028,C5H4O2H+,3-furfural,498-60-2,97.028,,,,,,,,,,,,,,PTR-TOF,2.40,120,87.34,"Koss, ACP 18, 3299, 2018",doi.org/10.5194/acp-18-3299-2018,"NOAA PTR-ToF; some sensitivities calibrated, some calculated Sekimoto et al 2017; extraction frequency unknown",1.087E-23*,3.54,n/a,,#VALUE!,furan,5,0,0,1,0,0,1,0,0,0,1,0,0,0,0,0,0,0,1,0,C1=COC=C1C=O
97.028,C5H4O2H+,furancarboxaldehyde,98-01-1,97.028,100.0,,,,,,,,,,,,,SIFT-MS,1,0,,"Wang, IJMS 237, 167, 2004",doi.org/10.1016/j.ijms.2004.07.009,100 Pa He. Calculated rate coefficient,n/a,2.80,n/a,3.90E-09,#VALUE!,furan,5,0,0,1,0,0,1,0,0,0,1,0,0,0,0,0,0,0,1,0,C1=COC(=C1)C=O
97.045,C6H5FH+,fluorobenzene,462-06-6,97.045,100.0,,,,,,,,,,,,,SIFT-MS,0.67,0,,"Spanel, IJMS 189, 213, 1999",doi.org/10.1016/S1387-3806(99)00103-7,0.5 Torr He. Calculated rate coefficient,n/a,1.60,755.9,2.70E-09,#VALUE!,halocarbon,6,0,0,1,0,0,0,0,0,0,0,0,0,0,1,0,0,0,1,0,C1=CC=C(C=C1)F
97.065,C6H8OH+,2-ethylfuran,3208-16-0,97.065,,,,,,,,,,,,,,PTR-TOF,2.40,120,,"Koss, ACP 18, 3299, 2018",doi.org/10.5194/acp-18-3299-2018,"NOAA PTR-ToF; some sensitivities calibrated, some calculated Sekimoto et al 2017; extraction frequency unknown",n/a,n/a,n/a,,#VALUE!,furan,6,0,0,1,0,0,0,0,0,0,1,0,0,0,0,0,0,0,1,0,CCC1=CC=CO1
97.065,C6H8OH+,"2,5-dimethylfuran",625-86-5,97.065,,,,,,,,,,,,,,PTR-TOF,2.40,120,55.8,"Koss, ACP 18, 3299, 2018",doi.org/10.5194/acp-18-3299-2018,"NOAA PTR-ToF; some sensitivities calibrated, some calculated Sekimoto et al 2017; extraction frequency unknown",n/a,n/a,865.9,,#VALUE!,furan,6,0,0,1,0,0,0,0,0,0,1,0,0,0,0,0,0,0,1,0,CC1=CC=C(O1)C
98.096,C6H11NH+,4-methylpentanenitrile,542-54-1,98.096,,,,,,,,,,,,,,PTR-TOF,2.40,120,114.12,"Koss, ACP 18, 3299, 2018",doi.org/10.5194/acp-18-3299-2018,"NOAA PTR-ToF; some sensitivities calibrated, some calculated Sekimoto et al 2017; extraction frequency unknown",n/a,3.50,n/a,,#VALUE!,nitrile,6,0,0,0,0,0,0,0,0,0,0,0,0,1,0,0,0,0,0,0,CC(C)CCC#N
99.026,C5H6SH+,methylthiophene,554-14-3,99.026,,,,,,,,,,,,,,PTR-TOF,2.40,120,56.95,"Koss, ACP 18, 3299, 2018",doi.org/10.5194/acp-18-3299-2018,"NOAA PTR-ToF; some sensitivities calibrated, some calculated Sekimoto et al 2017; extraction frequency unknown",n/a,0.79,859.0,,#VALUE!,S-heterocycle,5,0,0,1,0,0,0,0,0,0,0,0,0,0,0,1,0,0,1,0,NA
99.044,C5H6O2H+,furfuryl alcohol,98-00-0,99.044,,,,,,,,,,,,,,PTR-TOF,2.40,120,68.48,"Koss, ACP 18, 3299, 2018",doi.org/10.5194/acp-18-3299-2018,"NOAA PTR-ToF; some sensitivities calibrated, some calculated Sekimoto et al 2017; extraction frequency unknown",n/a,1.92,n/a,,#VALUE!,furan,5,0,0,1,1,0,0,0,0,0,1,0,0,0,0,0,0,0,1,0,C1=COC(=C1)CO
99.080,C6H10OH+,cis-3-hexenal,6789-80-6,99.080,35.0,81.070,65.0,,,,,,,,,,,SIFT-MS,0.67,0,,"Spanel, IJMSIP 145, 177, 1995",doi.org/10.1016/0168-1176(95)04164-G,0.5 Torr He. ,n/a,3.00,n/a,4.00E-09,#VALUE!,alkenal,6,1,0,0,0,0,1,0,0,0,0,0,0,0,0,0,0,0,0,0,CC/C=C\CC=O
99.080,C6H10OH+,trans-2-hexenal,6728-26-3,99.080,100.0,,,,,,,,,,,,,SIFT-MS,0.67,0,,"Spanel, IJMSIP 145, 177, 1995",doi.org/10.1016/0168-1176(95)04164-G,0.5 Torr He. ,n/a,3.00,n/a,4.00E-09,#VALUE!,alkenal,6,1,0,0,0,0,1,0,0,0,0,0,0,0,0,0,0,0,0,0,CCC/C=C/C=O
99.080,C6H10OH+,cis-3-hexenal,6789-80-6,99.080,35.0,81.070,65.0,,,,,,,,,,,SIFT-MS,0.67,0,,"Spanel, IJMSIP 165/166, 25, 1997",doi.org/10.1016/S0168-1176(97)00166-3,0.5 Torr He. Calculated rate coefficient,n/a,3.00,n/a,4.20E-09,#VALUE!,alkenal,6,1,0,0,0,0,1,0,0,0,0,0,0,0,0,0,0,0,0,0,CC/C=C\CC=O
99.080,C6H10OH+,trans-2-hexenal,6728-26-3,99.080,100.0,,,,,,,,,,,,,SIFT-MS,0.67,0,,"Spanel, IJMSIP 165/166, 25, 1997",doi.org/10.1016/S0168-1176(97)00166-3,0.5 Torr He. Calculated rate coefficient,n/a,3.50,n/a,4.60E-09,#VALUE!,alkenal,6,1,0,0,0,0,1,0,0,0,0,0,0,0,0,0,0,0,0,0,CCC/C=C/C=O
99.080,C6H10OH+,cyclohexanone,108-94-1,99.080,,,,,,,,,,,,,,PTR-TOF,2.40,120,92.4,"Koss, ACP 18, 3299, 2018",doi.org/10.5194/acp-18-3299-2018,"NOAA PTR-ToF; some sensitivities calibrated, some calculated Sekimoto et al 2017; extraction frequency unknown",n/a,3.25,841.0,,#VALUE!,cycloketone,6,0,0,1,0,1,0,0,0,0,0,0,0,0,0,0,0,0,0,0,C1CCC(=O)CC1
99.080,C6H10OH+,methyl cyclopentanone,1120-72-5,99.080,,,,,,,,,,,,,,PTR-TOF,2.40,120,92.4,"Koss, ACP 18, 3299, 2018",doi.org/10.5194/acp-18-3299-2018,"NOAA PTR-ToF; some sensitivities calibrated, some calculated Sekimoto et al 2017; extraction frequency unknown",n/a,3.14,n/a,,#VALUE!,cycloketone,6,0,0,1,0,1,0,0,0,0,0,0,0,0,0,0,0,0,0,0,CC1CCCC1=O
99.080,C6H10OH+,cyclohexanone,108-94-1,99.080,100.0,,,,,,,,,,,,,SIFT-MS,1.00,0,,"Wang, IJMS 239, 139, 2004",doi.org/10.1016/j.ijms.2004.07.022,100 Pa He. Calculated rate coefficient,n/a,3.25,841.0,4.00E-09,#VALUE!,ketone,6,0,0,1,0,1,0,0,0,0,0,0,0,0,0,0,0,0,0,0,C1CCC(=O)CC1
99.117,C7H14H+,methylcyclohexane,108-87-2,99.117,5.0,97.101,95.0,,,,,,,,,,,SIFT-MS,0.67,0,,"Spanel, IJMSIP 145, 177, 1995",doi.org/10.1016/0168-1176(95)04164-G,0.5 Torr He. ,1.31E-23,n/a,n/a,7.00E-10,#VALUE!,alkane,7,0,0,1,0,0,0,0,0,0,0,0,0,0,0,0,0,0,0,1,CC1CCCCC1
99.117,C7H14H+,1-heptene,592-76-7,99.117,25.0,57.070,75.0,,,,,,,,,,,SIFT-MS,0.93,0,,"Diskin, IJMS 218, 87, 2002",doi.org/10.1016/S1387-3806(02)00662-0,0.7 Torr He. Calculated rate coefficient,1.35E-23,0.40,n/a,2.30E-09,2.17E-09,alkene,7,1,0,0,0,0,0,0,0,0,0,0,0,0,0,0,0,0,0,0,CCCCCC=C
99.117,C7H14H+,trans-2-heptene,14686-13-6,99.117,35.0,57.070,65.0,,,,,,,,,,,SIFT-MS,0.93,0,,"Diskin, IJMS 218, 87, 2002",doi.org/10.1016/S1387-3806(02)00662-0,0.7 Torr He. Calculated rate coefficient,13.44E-24*,0.06,n/a,2.20E-09,#VALUE!,alkene,7,1,0,0,0,0,0,0,0,0,0,0,0,0,0,0,0,0,0,0,CCCC/C=C/C
99.117,C7H14H+,methylcyclohexane,108-87-2,99.117,4.0,97.101,96.0,,,,,,,,,,,PTR-MS,2.06,80,1.5,"Gueneron, IJMS 379, 97, 2015",doi.org/10.1016/j.ijms.2015.01.001,"Ionicon qPTRMS, drift tube T=65C, dried to dewpoint of -30C",1.31E-23,n/a,n/a,,#VALUE!,cycloalkane,7,0,0,1,0,0,0,0,0,0,0,0,0,0,0,0,0,0,0,1,CC1CCCCC1
99.117,C7H14H+,methylcyclohexane,108-87-2,97.101,76.0,57.070,24.0,,,,,,,,,,,PTR-MS,2.06,120,0.58,"Gueneron, IJMS 379, 97, 2015",doi.org/10.1016/j.ijms.2015.01.001,"Ionicon qPTRMS, drift tube T=65C, dried to dewpoint of -30C",1.31E-23,n/a,n/a,,#VALUE!,cycloalkane,7,0,0,1,0,0,0,0,0,0,0,0,0,0,0,0,0,0,0,1,CC1CCCCC1
99.117,C7H14H+,methyl cyclohexane,108-87-2,99.117,14.0,57.070,86.0,,,,,,,,,,,PTR-QMS,2.4,106,0.7,"Warneke, ES&T 37, 2494, 2003",doi.org/10.1021/es026266i,,1.31E-23,n/a,n/a,,#VALUE!,cycloalkane,7,0,0,1,0,0,0,0,0,0,0,0,0,0,0,0,0,0,0,1,CC1CCCCC1
100.076,C5H9NOH+,1-methyl-2-pyrrolidinone,872-50-4,100.076,100.0,,,,,,,,,,,,,SIFT-MS,1,0,,"Wang, IJMS 237, 167, 2004",doi.org/10.1016/j.ijms.2004.07.009,100 Pa He. Calculated rate coefficient,n/a,4.10,923.5,4.60E-09,#VALUE!,N-heterocycle,5,0,0,1,0,0,0,0,0,0,0,0,1,0,0,0,0,0,0,0,CN1CCCC1=O
100.076,C5H9NOH+,2-piperidinone,675-20-7,100.076,100.0,,,,,,,,,,,,,SIFT-MS,1,0,,"Wang, IJMS 237, 167, 2004",doi.org/10.1016/j.ijms.2004.07.009,100 Pa He. Calculated rate coefficient,n/a,3.50,n/a,4.60E-09,#VALUE!,N-heterocycle,5,0,0,1,0,0,0,0,0,0,0,0,1,0,0,0,0,0,0,0,C1CCNC(=O)C1
101.023,C4H4O3H+,succinic anhydride,108-30-5,101.023,,,,,,,,,,,,,,PTR-TOF,2.40,120,78.13,"Koss, ACP 18, 3299, 2018",doi.org/10.5194/acp-18-3299-2018,"NOAA PTR-ToF; some sensitivities calibrated, some calculated Sekimoto et al 2017; extraction frequency unknown",n/a,n/a,n/a,,#VALUE!,anhydride,4,0,0,1,0,0,0,0,0,1,0,0,0,0,0,0,0,0,0,0,C1CC(=O)OC1=O
101.060,C5H8O2H+,"1,5-pentanedial",111-30-8,101.060,50.0,83.049,30.0,43.023,20.0,,,,,,,,,SIFT-MS,0.67,0,,"Spanel, IJMSIP 165/166, 25, 1997",doi.org/10.1016/S0168-1176(97)00166-3,0.5 Torr He. Calculated rate coefficient,1.021E-23*,1.00,n/a,2.60E-09,#VALUE!,dialdehyde,5,0,0,0,0,0,2,0,0,0,0,0,0,0,0,0,0,0,0,0,C(CC=O)CC=O
101.060,C5H8O2H+,methyl methacrylate,80-62-6,101.060,,,,,,,,,,,,,,PTR-TOF,2.40,120,65.23,"Koss, ACP 18, 3299, 2018",doi.org/10.5194/acp-18-3299-2018,"NOAA PTR-ToF; some sensitivities calibrated, some calculated Sekimoto et al 2017; extraction frequency unknown",n/a,1.67,831.4,,#VALUE!,ester,5,1,0,0,0,0,0,1,0,0,0,0,0,0,0,0,0,0,0,0,CC(=C)C(=O)OC
101.060,C5H8O2H+,y-valerolactone,108-29-2,101.060,100.0,,,,,,,,,,,,,SIFT-MS,1,0,,"Wang, IJMS 237, 167, 2004",doi.org/10.1016/j.ijms.2004.07.009,100 Pa He. Calculated rate coefficient,n/a,2.90,n/a,4.00E-09,#VALUE!,O-heterocycle,5,0,0,1,0,0,0,1,0,0,0,0,0,0,0,0,0,0,0,0,CC1CCC(=O)O1
101.096,C6H12OH+,hexanal,66-25-1,101.096,5.0,83.086,65.0,55.054,30.0,,,,,,,,,PTR-MS,,,,"Buhr IJMS 221, 1, 2002",doi.org/10.1016/S1387-3806(02)00896-5,"Ionicon qPTRMS, drift tube V=600V, no pressure given",1.178E-23*,2.50,n/a,,#VALUE!,aldehyde,6,0,0,0,0,0,1,0,0,0,0,0,0,0,0,0,0,0,0,0,CCCCCC=O
101.096,C6H12OH+,hexanal,66-25-1,101.096,,,,,,,,,,,,,,PTR-TOF,2.40,120,88.76,"Koss, ACP 18, 3299, 2018",doi.org/10.5194/acp-18-3299-2018,"NOAA PTR-ToF; some sensitivities calibrated, some calculated Sekimoto et al 2017; extraction frequency unknown",1.178E-23*,2.50,n/a,,#VALUE!,aldehyde,6,0,0,0,0,0,1,0,0,0,0,0,0,0,0,0,0,0,0,0,CCCCCC=O
101.096,C6H12OH+,hexanal,66-25-1,101.096,50.0,83.086,50.0,,,,,,,,,,,SIFT-MS,0.67,0,,"Spanel, IJMSIP 165/166, 25, 1997",doi.org/10.1016/S0168-1176(97)00166-3,0.5 Torr He. Calculated rate coefficient,1.178E-23*,2.50,n/a,3.70E-09,#VALUE!,aldehyde,6,0,0,0,0,0,1,0,0,0,0,0,0,0,0,0,0,0,0,0,CCCCCC=O
101.096,C6H12OH+,hexanal,66-25-1,101.096,43.0,83.086,57.0,,,,,,,,,,,PTR-QMS,2.4,106,,"Warneke, ES&T 37, 2494, 2003",doi.org/10.1021/es026266i,,1.178E-23*,2.50,n/a,,#VALUE!,aldehyde,6,0,0,0,0,0,1,0,0,0,0,0,0,0,0,0,0,0,0,0,CCCCCC=O
101.096,C6H12OH+,cis-3-hexen-1-ol,928-96-1,83.086,63.0,55.054,37.0,,,,,,,,,,,PTR-MS,,,,"Buhr IJMS 221, 1, 2002",doi.org/10.1016/S1387-3806(02)00896-5,"Ionicon qPTRMS, drift tube V=600V, no pressure given",n/a,n/a,n/a,,#VALUE!,alkenol,6,1,0,0,1,0,0,0,0,0,0,0,0,0,0,0,0,0,0,0,CC/C=C\CCO
101.096,C6H12OH+,2-hexanone,591-78-6,101.096,100.0,,,,,,,,,,,,,PTR-MS,,,,"Buhr IJMS 221, 1, 2002",doi.org/10.1016/S1387-3806(02)00896-5,"Ionicon qPTRMS, drift tube V=600V, no pressure given",n/a,2.66,n/a,,#VALUE!,ketone,6,0,0,0,0,1,0,0,0,0,0,0,0,0,0,0,0,0,0,0,CCCCC(=O)C
101.096,C6H12OH+,hexanone,591-78-6,101.096,,,,,,,,,,,,,,PTR-TOF,2.40,120,,"Koss, ACP 18, 3299, 2018",doi.org/10.5194/acp-18-3299-2018,"NOAA PTR-ToF; some sensitivities calibrated, some calculated Sekimoto et al 2017; extraction frequency unknown",n/a,2.73,n/a,,#VALUE!,ketone,6,0,0,0,0,1,0,0,0,0,0,0,0,0,0,0,0,0,0,0,CCCCC(=O)C
101.096,C6H12OH+,2-hexanone,591-78-6,101.096,100.0,,,,,,,,,,,,,SIFT-MS,0.93,0,,"Smith, RCMS 17, 2655, 2003",doi.org/10.1002/rcm.1244,0.7 Torr He. Calculated rate coefficient,n/a,2.66,n/a,4.00E-09,#VALUE!,ketone,6,0,0,0,0,1,0,0,0,0,0,0,0,0,0,0,0,0,0,0,CCCCC(=O)C
101.096,C6H12OH+,3-hexanone,589-38-8,101.096,100.0,,,,,,,,,,,,,SIFT-MS,0.93,0,,"Smith, RCMS 17, 2655, 2003",doi.org/10.1002/rcm.1244,0.7 Torr He. Calculated rate coefficient,n/a,2.80,843.2,4.00E-09,#VALUE!,ketone,6,0,0,0,0,1,0,0,0,0,0,0,0,0,0,0,0,0,0,0,CCCC(=O)CC
101.096,C6H12OH+,2-hexanone,591-78-6,101.096,100.0,,,,,,,,,,,,,SIFT-MS,0.67,0,,"Spanel, IJMSIP 165/166, 25, 1997",doi.org/10.1016/S0168-1176(97)00166-3,0.5 Torr He. Calculated rate coefficient,n/a,2.66,n/a,4.00E-09,#VALUE!,ketone,6,0,0,0,0,1,0,0,0,0,0,0,0,0,0,0,0,0,0,0,CCCCC(=O)C
101.096,C6H12OH+,3-hexanone,589-38-8,101.096,100.0,,,,,,,,,,,,,SIFT-MS,0.67,0,,"Spanel, IJMSIP 165/166, 25, 1997",doi.org/10.1016/S0168-1176(97)00166-3,0.5 Torr He. Calculated rate coefficient,n/a,2.80,843.2,4.00E-09,#VALUE!,ketone,6,0,0,0,0,1,0,0,0,0,0,0,0,0,0,0,0,0,0,0,CCCC(=O)CC
101.096,C6H12OH+,hexanone,591-78-6,101.096,100.0,,,,,,,,,,,,,PTR-QMS,2.4,106,21.3,"Warneke, ES&T 37, 2494, 2003",doi.org/10.1021/es026266i,,n/a,2.73,n/a,,#VALUE!,ketone,6,0,0,0,0,1,0,0,0,0,0,0,0,0,0,0,0,0,0,0,CCCCC(=O)C
102.128,C6H15NH+,triethylamine,121-44-8,102.128,80.0,100.112,20.0,,,,,,,,,,,SIFT-MS,0.67,0,,"Spanel, IJMS 176, 203, 1998",doi.org/10.1016/S1387-3806(98)14004-6,0.5 Torr He. Calculated rate coefficient,1.34E-23,0.61,981.8,2.50E-09,2.17E-09,amine,6,0,0,0,0,0,0,0,0,0,0,1,0,0,0,0,0,0,0,0,CCN(CC)CC
103.039,C4H6O3H+,acetic anhydride,108-24-7,103.039,,,,,,,,,,,,,,PTR-TOF,2.40,120,85.55,"Koss, ACP 18, 3299, 2018",doi.org/10.5194/acp-18-3299-2018,"NOAA PTR-ToF; some sensitivities calibrated, some calculated Sekimoto et al 2017; extraction frequency unknown",8.90E-24,2.80,n/a,,3.15E-09,anhydride,4,0,0,0,0,0,0,0,0,1,0,0,0,0,0,0,0,0,0,0,CC(=O)OC(=O)C
103.054,C8H6H+,phenylacetylene,536-74-3,103.054,,,,,,,,,,,,,,PTR-TOF,2.40,120,59.5,"Koss, ACP 18, 3299, 2018",doi.org/10.5194/acp-18-3299-2018,"NOAA PTR-ToF; some sensitivities calibrated, some calculated Sekimoto et al 2017; extraction frequency unknown",n/a,0.66,832.0,,#VALUE!,aromatic,8,0,1,1,0,0,0,0,0,0,0,0,0,0,0,0,0,0,1,0,C#CC1=CC=CC=C1
103.075,C5H10O2H+,pentanoic acid,109-52-4,103.075,90.0,85.065,10.0,,,,,,,,,,,SIFT-MS,0.67,0,,"Spanel, IJMSIP 172, 137, 1998",doi.org/10.1016/S0168-1176(97)00246-2,0.5 Torr He. Calculated rate coefficient,n/a,1.61,n/a,2.90E-09,#VALUE!,acid,5,0,0,0,0,0,0,0,1,0,0,0,0,0,0,0,0,0,0,0,CCCCC(=O)O
103.075,C5H10O2H+,trimethylacetic acid,75-98-9,103.075,90.0,85.065,10.0,,,,,,,,,,,SIFT-MS,0.67,0,,"Spanel, IJMSIP 172, 137, 1998",doi.org/10.1016/S0168-1176(97)00246-2,0.5 Torr He. Calculated rate coefficient,n/a,1.80,n/a,2.90E-09,#VALUE!,acid,5,0,0,0,0,0,0,0,1,0,0,0,0,0,0,0,0,0,0,0,CC(C)(C)C(=O)O
103.075,C5H10O2H+,"1,2-cyclopentanediol",4065-92-3,103.075,2.0,85.065,94.0,67.054,4.0,,,,,,,,,SIFT-MS,0.93,0,,"Spanel, IJMS 218, 227, 2002",doi.org/10.1016/S1387-3806(02)00724-8,0.7 Torr He. Calculated rate coefficient,n/a,3.31,n/a,4.40E-09,#VALUE!,diol,5,0,0,1,2,0,0,0,0,0,0,0,0,0,0,0,0,0,0,0,C1CC(C(C1)O)O
103.075,C5H10O2H+,butyl formate,592-84-7,103.075,2.0,57.070,94.0,41.039,4.0,,,,,,,,,PTR-MS,2.03,120,,"Aprea, IJMS 262, 114, 2007",doi.org/10.1016/j.ijms.2006.10.016,"Ionicon qPTRMS, drift tube T=50C",n/a,2.03,806.0,,#VALUE!,ester,5,0,0,0,0,0,0,1,0,0,0,0,0,0,0,0,0,0,0,0,CCCCOC=O
103.075,C5H10O2H+,isopropyl acetate,108-21-4,103.075,4.0,79.039,3.0,61.028,65.0,43.018,28.0,,,,,,,PTR-MS,2.03,120,,"Aprea, IJMS 262, 114, 2007",doi.org/10.1016/j.ijms.2006.10.016,"Ionicon qPTRMS, drift tube T=50C",n/a,n/a,836.6,,#VALUE!,ester,5,0,0,0,0,0,0,1,0,0,0,0,0,0,0,0,0,0,0,0,CC(C)OC(=O)C
103.075,C5H10O2H+,methyl butanoate,623-42-7,103.075,95.0,43.054,5.0,,,,,,,,,,,PTR-MS,2.03,105,,"Aprea, IJMS 262, 114, 2007",doi.org/10.1016/j.ijms.2006.10.016,"Ionicon qPTRMS, drift tube T=50C",1.04E-23,1.80,836.4,,2.40E-09,ester,5,0,0,0,0,0,0,1,0,0,0,0,0,0,0,0,0,0,0,0,CCCC(=O)OC
103.075,C5H10O2H+,methyl butanoate,623-42-7,103.075,94.0,43.054,6.0,,,,,,,,,,,PTR-MS,2.03,120,,"Aprea, IJMS 262, 114, 2007",doi.org/10.1016/j.ijms.2006.10.016,"Ionicon qPTRMS, drift tube T=50C",1.04E-23,1.80,836.4,,2.40E-09,ester,5,0,0,0,0,0,0,1,0,0,0,0,0,0,0,0,0,0,0,0,CCCC(=O)OC
103.075,C5H10O2H+,methyl butanoate,623-42-7,103.075,98.0,43.054,2.0,,,,,,,,,,,PTR-MS,2.03,140,,"Aprea, IJMS 262, 114, 2007",doi.org/10.1016/j.ijms.2006.10.016,"Ionicon qPTRMS, drift tube T=50C",1.04E-23,1.80,836.4,,2.40E-09,ester,5,0,0,0,0,0,0,1,0,0,0,0,0,0,0,0,0,0,0,0,CCCC(=O)OC
103.075,C5H10O2H+,ethyl propionate,105-37-3,103.075,37.0,75.044,56.0,57.033,7.0,,,,,,,,,PTR-MS,,,,"Buhr IJMS 221, 1, 2002",doi.org/10.1016/S1387-3806(02)00896-5,"Ionicon qPTRMS, drift tube V=600V, no pressure given",1.04E-23,1.74,n/a,,2.36E-09,ester,5,0,0,0,0,0,0,1,0,0,0,0,0,0,0,0,0,0,0,0,CCC(=O)OCC
103.075,C5H10O2H+,methyl butyrate,623-42-7,103.075,100.0,,,,,,,,,,,,,PTR-MS,,,,"Buhr IJMS 221, 1, 2002",doi.org/10.1016/S1387-3806(02)00896-5,"Ionicon qPTRMS, drift tube V=600V, no pressure given",n/a,1.80,836.4,,#VALUE!,ester,5,0,0,0,0,0,0,1,0,0,0,0,0,0,0,0,0,0,0,0,CCCC(=O)OC
103.075,C5H10O2H+,propyl acetate,109-60-4,103.075,3.0,61.028,58.0,43.018,39.0,,,,,,,,,PTR-MS,,,,"Buhr IJMS 221, 1, 2002",doi.org/10.1016/S1387-3806(02)00896-5,"Ionicon qPTRMS, drift tube V=600V, no pressure given",n/a,1.78,836.6,,#VALUE!,ester,5,0,0,0,0,0,0,1,0,0,0,0,0,0,0,0,0,0,0,0,CCCOC(=O)C
103.075,C5H10O2H+,ethyl proanoate,105-37-3,103.075,95.0,57.033,5.0,,,,,,,,,,,SIFT-MS,0.67,0,,"Spanel, IJMSIP 172, 137, 1998",doi.org/10.1016/S0168-1176(97)00246-2,0.5 Torr He. Calculated rate coefficient,1.04E-23,1.74,n/a,2.90E-09,2.36E-09,ester,5,0,0,0,0,0,0,1,0,0,0,0,0,0,0,0,0,0,0,0,CCC(=O)OCC
103.075,C5H10O2H+,methyl butanoate,623-42-7,103.075,90.0,71.049,10.0,,,,,,,,,,,SIFT-MS,0.67,0,,"Spanel, IJMSIP 172, 137, 1998",doi.org/10.1016/S0168-1176(97)00246-2,0.5 Torr He. Calculated rate coefficient,1.04E-23,1.80,836.4,2.90E-09,2.40E-09,ester,5,0,0,0,0,0,0,1,0,0,0,0,0,0,0,0,0,0,0,0,CCCC(=O)OC
103.112,C6H14OH+,1-hexanol,111-27-3,85.101,24.0,57.070,16.0,43.054,45.0,41.039,15.0,,,,,,,PTR-MS,,,,"Buhr IJMS 221, 1, 2002",doi.org/10.1016/S1387-3806(02)00896-5,"Ionicon qPTRMS, drift tube V=600V, no pressure given",1.204E-23*,1.60,n/a,,#VALUE!,alcohol,6,0,0,0,1,0,0,0,0,0,0,0,0,0,0,0,0,0,0,0,CCCCCCO
103.112,C6H14OH+,2-hexanol,626-93-7,85.101,25.0,57.070,15.0,45.033,3.0,43.054,43.0,41.039,14.0,,,,,PTR-MS,,,,"Buhr IJMS 221, 1, 2002",doi.org/10.1016/S1387-3806(02)00896-5,"Ionicon qPTRMS, drift tube V=600V, no pressure given",n/a,1.50,n/a,,#VALUE!,alcohol,6,0,0,0,1,0,0,0,0,0,0,0,0,0,0,0,0,0,0,0,CCCCC(C)O
103.112,C6H14OH+,1-hexanol,111-27-3,85.101,100.0,,,,,,,,,,,,,SIFT-MS,1.33,0,,"Smith, IJMS 319-320, 25, 2012",doi.org/10.1016/j.ijms.2012.03.009,1 Torr He? Calculated rate coefficient,1.204E-23*,1.60,n/a,2.90E-09,#VALUE!,alcohol,6,0,0,0,1,0,0,0,0,0,0,0,0,0,0,0,0,0,0,0,CCCCCCO
103.112,C6H14OH+,2-ethyl-1-butanol,97-95-0,85.101,100.0,,,,,,,,,,,,,SIFT-MS,1.33,0,,"Smith, IJMS 319-320, 25, 2012",doi.org/10.1016/j.ijms.2012.03.009,1 Torr He? Calculated rate coefficient,n/a,1.60,n/a,2.90E-09,#VALUE!,alcohol,6,0,0,0,1,0,0,0,0,0,0,0,0,0,0,0,0,0,0,0,CCC(CC)CO
103.112,C6H14OH+,2-hexanol,626-93-7,85.101,100.0,,,,,,,,,,,,,SIFT-MS,1.33,0,,"Smith, IJMS 319-320, 25, 2012",doi.org/10.1016/j.ijms.2012.03.009,1 Torr He? Calculated rate coefficient,n/a,1.50,n/a,2.80E-09,#VALUE!,alcohol,6,0,0,0,1,0,0,0,0,0,0,0,0,0,0,0,0,0,0,0,CCCCC(C)O
103.112,C6H14OH+,3-hexanol,623-37-0,85.101,100.0,,,,,,,,,,,,,SIFT-MS,1.33,0,,"Smith, IJMS 319-320, 25, 2012",doi.org/10.1016/j.ijms.2012.03.009,1 Torr He? Calculated rate coefficient,n/a,1.50,n/a,2.80E-09,#VALUE!,alcohol,6,0,0,0,1,0,0,0,0,0,0,0,0,0,0,0,0,0,0,0,CCCC(CC)O
103.112,C6H14OH+,3-methyl-3-pentanol,77-74-7,85.101,100.0,,,,,,,,,,,,,SIFT-MS,1.33,0,,"Smith, IJMS 319-320, 25, 2012",doi.org/10.1016/j.ijms.2012.03.009,1 Torr He? Calculated rate coefficient,n/a,1.70,n/a,3.00E-09,#VALUE!,alcohol,6,0,0,0,1,0,0,0,0,0,0,0,0,0,0,0,0,0,0,0,CCC(C)(CC)O
103.112,C6H14OH+,4-methyl-1-pentanol,626-89-1,85.101,100.0,,,,,,,,,,,,,SIFT-MS,1.33,0,,"Smith, IJMS 319-320, 25, 2012",doi.org/10.1016/j.ijms.2012.03.009,1 Torr He? Calculated rate coefficient,n/a,1.60,n/a,2.90E-09,#VALUE!,alcohol,6,0,0,0,1,0,0,0,0,0,0,0,0,0,0,0,0,0,0,0,CC(C)CCCO
103.112,C6H14OH+,4-methyl-2-pentanol,108-11-2,85.101,100.0,,,,,,,,,,,,,SIFT-MS,1.33,0,,"Smith, IJMS 319-320, 25, 2012",doi.org/10.1016/j.ijms.2012.03.009,1 Torr He? Calculated rate coefficient,n/a,1.70,n/a,3.00E-09,#VALUE!,alcohol,6,0,0,0,1,0,0,0,0,0,0,0,0,0,0,0,0,0,0,0,CC(C)CC(C)O
103.112,C6H14OH+,1-hexanol,111-27-3,85.101,100.0,,,,,,,,,,,,,SIFT-MS,0.67,0,,"Spanel, IJMS 167/168, 375, 1997",doi.org/10.1016/S0168-1176(97)00085-2,0.5 Torr He. Calculated rate coefficient,1.204E-23*,1.65,n/a,2.90E-09,#VALUE!,alcohol,6,0,0,0,1,0,0,0,0,0,0,0,0,0,0,0,0,0,0,0,CCCCCCO
103.112,C6H14OH+,butyl ethyl ether,628-81-9,103.112,45.0,47.049,55.0,,,,,,,,,,,SIFT-MS,0.67,0,,"Spanel, IJMSIP 172, 239, 1998",doi.org/10.1016/S0168-1176(97)00277-2,0.5 Torr He. Calculated rate coefficient,n/a,1.24,n/a,2.60E-09,#VALUE!,ether,6,0,0,0,0,0,0,0,0,0,1,0,0,0,0,0,0,0,0,0,CCCCOCC
103.112,C6H14OH+,diisopropyl ether,108-20-3,103.112,20.0,61.065,80.0,,,,,,,,,,,SIFT-MS,0.67,0,,"Spanel, IJMSIP 172, 239, 1998",doi.org/10.1016/S0168-1176(97)00277-2,0.5 Torr He. Calculated rate coefficient,n/a,1.13,855.5,2.60E-09,#VALUE!,ether,6,0,0,0,0,0,0,0,0,0,1,0,0,0,0,0,0,0,0,0,CC(C)OC(C)C
103.112,C6H14OH+,dipropyl ether,111-43-3,103.112,70.0,61.065,25.0,43.054,5.0,,,,,,,,,SIFT-MS,0.67,0,,"Spanel, IJMSIP 172, 239, 1998",doi.org/10.1016/S0168-1176(97)00277-2,0.5 Torr He. Calculated rate coefficient,1.27E-23,1.21,837.9,2.60E-09,2.26E-09,ether,6,0,0,0,0,0,0,0,0,0,1,0,0,0,0,0,0,0,0,0,CCCOCCC
103.112,C6H14OH+,tert-pentyl methyl ether,994-05-8,103.112,5.0,71.086,95.0,,,,,,,,,,,SIFT-MS,0.67,0,,"Spanel, IJMSIP 172, 239, 1998",doi.org/10.1016/S0168-1176(97)00277-2,0.5 Torr He. Calculated rate coefficient,n/a,1.20,n/a,2.60E-09,#VALUE!,ether,6,0,0,0,0,0,0,0,0,0,1,0,0,0,0,0,0,0,0,0,CCC(C)(C)OC
104.049,C7H5NH+,benzonitrile,100-47-0,104.049,,,,,,,,,,,,,,PTR-TOF,2.40,120,94.9,"Koss, ACP 18, 3299, 2018",doi.org/10.5194/acp-18-3299-2018,"NOAA PTR-ToF; some sensitivities calibrated, some calculated Sekimoto et al 2017; extraction frequency unknown",1.25E-23,4.18,811.5,,4.32E-09,nitrile,7,0,0,1,0,0,0,0,0,0,0,0,0,1,0,0,0,0,1,0,C1=CC=C(C=C1)C#N
104.049,C7H5NH+,benzonitrile,100-47-0,104.049,100.0,,,,,,,,,,,,,SIFT-MS,0.67,0,,"Spanel, IJMS 176, 203, 1998",doi.org/10.1016/S1387-3806(98)14004-6,0.5 Torr He. Calculated rate coefficient,1.25E-23,4.18,811.5,5.30E-09,4.32E-09,nitrile,7,0,0,0,0,0,0,0,0,0,0,0,0,1,0,0,0,0,0,0,C1=CC=C(C=C1)C#N
104.071,C4H9NO2H+,1-nitrobutane,627-05-4,104.071,90.0,57.070,10.0,,,,,,,,,,,SIFT-MS,1,0,,"Dryahina, IJMS 239, 57, 2004",doi.org/10.1016/j.ijms.2004.09.007,100 Pa He. Calculated rate coefficient,1.04E-23,3.59,n/a,4.60E-09,3.80E-09,nitroalkane,4,0,0,0,0,0,0,0,0,0,0,0,0,0,0,0,0,1,0,0,CCCC[N+](=O)[O-]
104.071,C4H9NO2H+,2-methyl-2-nitropropane,594-70-7,104.071,5.0,57.070,95.0,,,,,,,,,,,SIFT-MS,1,0,,"Dryahina, IJMS 239, 57, 2004",doi.org/10.1016/j.ijms.2004.09.007,100 Pa He. Calculated rate coefficient,1.03E-23,3.71,n/a,4.70E-09,3.87E-09,nitroalkane,4,0,0,0,0,0,0,0,0,0,0,0,0,0,0,0,0,1,0,0,CC(C)(C)[N+](=O)[O-]
105.070,C8H8H+,styrene,100-42-5,105.070,,,,,,,,,,,,,,PTR-TOF,2.40,120,64.4,"Koss, ACP 18, 3299, 2018",doi.org/10.5194/acp-18-3299-2018,"NOAA PTR-ToF; some sensitivities calibrated, some calculated Sekimoto et al 2017; extraction frequency unknown",1.47E-23,0.12,839.5,,2.24E-09,aromatic,8,1,0,1,0,0,0,0,0,0,0,0,0,0,0,0,0,0,1,0,C=CC1=CC=CC=C1
105.070,C8H8H+,styrene,100-42-5,105.070,100.0,,,,,,,,,,,,,PTR-QMS,2.4,106,,"Warneke, ES&T 37, 2494, 2003",doi.org/10.1021/es026266i,,1.47E-23,0.12,839.5,,2.24E-09,aromatic,8,1,0,1,0,0,0,0,0,0,0,0,0,0,0,0,0,0,1,0,C=CC1=CC=CC=C1
105.091,C5H12O2H+,"1,5-pentanediol",111-29-5,105.091,10.0,87.080,90.0,,,,,,,,,,,SIFT-MS,0.93,0,,"Spanel, IJMS 218, 227, 2002",doi.org/10.1016/S1387-3806(02)00724-8,0.7 Torr He. Calculated rate coefficient,n/a,2.50,n/a,3.90E-09,#VALUE!,diol,5,0,0,0,2,0,0,0,0,0,0,0,0,0,0,0,0,0,0,0,C(CCO)CCO
106.065,C7H7NH+,vinylpyridine,100-69-6,106.065,,,,,,,,,,,,,,PTR-TOF,2.40,120,76.05,"Koss, ACP 18, 3299, 2018",doi.org/10.5194/acp-18-3299-2018,"NOAA PTR-ToF; some sensitivities calibrated, some calculated Sekimoto et al 2017; extraction frequency unknown",n/a,n/a,n/a,,#VALUE!,N-heterocycle,7,1,0,1,0,0,0,0,0,0,0,1,0,0,0,0,0,0,1,0,C=CC1=CC=CC=N1
107.049,C7H6OH+,benzaldehyde,100-52-7,107.049,,,,,,,,,,,,,,PTR-TOF,2.40,120,81.2,"Koss, ACP 18, 3299, 2018",doi.org/10.5194/acp-18-3299-2018,"NOAA PTR-ToF; some sensitivities calibrated, some calculated Sekimoto et al 2017; extraction frequency unknown",1.406E-23*,3.000,834.0,,#VALUE!,aromatic,7,0,0,1,0,0,1,0,0,0,0,0,0,0,0,0,0,0,1,0,C1=CC=C(C=C1)C=O
107.049,C7H6OH+,benzaldehyde,100-52-7,107.049,100.0,,,,,,,,,,,,,SIFT-MS,0.67,0,,"Spanel, IJMSIP 165/166, 25, 1997",doi.org/10.1016/S0168-1176(97)00166-3,0.5 Torr He. Calculated rate coefficient,1.406E-23*,3.00,834.0,3.70000E-09,#VALUE!,aromatic,7,0,0,1,0,0,1,0,0,0,0,0,0,0,0,0,0,0,1,0,C1=CC=C(C=C1)C=O
107.049,C7H6OH+,benzaldehyde,100-52-7,107.049,100.0,,,,,,,,,,,,,PTR-QMS,2.4,106,7.9,"Warneke, ES&T 37, 2494, 2003",doi.org/10.1021/es026266i,,1.406E-23*,3.00,834.0,,#VALUE!,aromatic,7,0,0,1,0,0,1,0,0,0,0,0,0,0,0,0,0,0,1,0,C1=CC=C(C=C1)C=O
107.086,C8H10H+,m-xylene,108-38-3,107.086,,,,,,,,,,,,,,PTR-MS,2.16,100,20,"Dunne, AMT 11, 141, 2018",doi.org/10.5194/amt-11-141-2018,Ionicon q-PTRMS,1.42E-23,n/a,812.1,,#VALUE!,aromatic,8,0,0,1,0,0,0,0,0,0,0,0,0,0,0,0,0,0,1,0,CC1=CC(=CC=C1)C
107.086,C8H10H+,p-xylene,106-42-3,107.086,,,,,,,,,,,,,,PTR-MS,2.10,108,7.6,"Inomata, ACP 10, 7085, 2010",doi.org/10.5194/acp-10-7085-2010,Ionicon q-PTRMS;,1.43E-23,0.00,794.4,,2.20E-09,aromatic,8,0,0,1,0,0,0,0,0,0,0,0,0,0,0,0,0,0,1,0,CC1=CC=C(C=C1)C
107.086,C8H10H+,xylene,108-38-3,107.086,,,,,,,,,,,,,,PTR-MS,2.20,136,5.7,"Kajos, AMT 8, 4453, 2015",doi.org/10.5194/amt-8-4453-2015,"Ionicon q-PTRMS, automated calibration sensitivity",1.43E-23,n/a,n/a,,#VALUE!,aromatic,8,0,0,1,0,0,0,0,0,0,0,0,0,0,0,0,0,0,1,0,CC1=CC(=CC=C1)C
107.086,C8H10H+,xylene,108-38-3,107.086,,,,,,,,,,,,,,PTR-MS,2.00,120,10.9,"Kajos, AMT 8, 4453, 2015",doi.org/10.5194/amt-8-4453-2015,"Ionicon q-PTRMS, automated calibration sensitivity",1.43E-23,n/a,n/a,,#VALUE!,aromatic,8,0,0,1,0,0,0,0,0,0,0,0,0,0,0,0,0,0,1,0,CC1=CC(=CC=C1)C
107.086,C8H10H+,xylene,108-38-3,107.086,,,,,,,,,,,,,,PTR-MS,2.00,120,13,"Karl, ACP 7, 5883, 2007",doi.org/10.5194/acp-7-5883-2007,Ionicon q-PTRMS; TROFFEE sensitivities,1.43E-23,n/a,n/a,,#VALUE!,aromatic,8,0,0,1,0,0,0,0,0,0,0,0,0,0,0,0,0,0,1,0,CC1=CC(=CC=C1)C
107.086,C8H10H+,ethyl benzene,100-41-4,107.086,,79.054,,,,,,,,,,,,PTR-TOF,2.40,120,52.25,"Koss, ACP 18, 3299, 2018",doi.org/10.5194/acp-18-3299-2018,"NOAA PTR-ToF; some sensitivities calibrated, some calculated Sekimoto et al 2017; extraction frequency unknown",1.42E-23,0.59,788.0,,2.22E-09,aromatic,8,0,0,1,0,0,0,0,0,0,0,0,0,0,0,0,0,0,1,0,CCC1=CC=CC=C1
107.086,C8H10H+,xylene,108-38-3,107.086,,,,,,,,,,,,,,PTR-TOF,2.40,120,,"Koss, ACP 18, 3299, 2018",doi.org/10.5194/acp-18-3299-2018,"NOAA PTR-ToF; some sensitivities calibrated, some calculated Sekimoto et al 2017; extraction frequency unknown",1.43E-23,n/a,n/a,,#VALUE!,aromatic,8,0,0,1,0,0,0,0,0,0,0,0,0,0,0,0,0,0,1,0,CC1=CC(=CC=C1)C
107.086,C8H10H+,xylene,108-38-3,107.086,100.0,,,,,,,,,,,,,PTR-MS,0.40,130,,"Lindinger, IJMSIP 173, 191, 1998",doi.org/10.1016/S0168-1176(97)00281-4,"Pressure ""a few 10^-1 Torr""; E/N ranged 120-140; rate constants measured ",1.43E-23,n/a,795.0,,#VALUE!,aromatic,8,0,0,1,0,0,0,0,0,0,0,0,0,0,0,0,0,0,1,0,CC1=CC(=CC=C1)C
107.086,C8H10H+,ethyl benzene,100-41-4,107.086,100.0,,,,,,,,,,,,,SIFT-MS,0.93,0,,"Spanel, IJMS 181, 1, 1998",doi.org/10.1016/S1387-3806(98)14114-3,0.7 Torr He ?,1.42E-23,0.59,788.0,2.40E-09,2.22E-09,aromatic,8,0,0,1,0,0,0,0,0,0,0,0,0,0,0,0,0,0,1,0,CCC1=CC=CC=C1
107.086,C8H10H+,m-xylene,108-38-3,107.086,100.0,,,,,,,,,,,,,SIFT-MS,0.93,0,,"Spanel, IJMS 181, 1, 1998",doi.org/10.1016/S1387-3806(98)14114-3,0.7 Torr He ?,1.42E-23,0.30,812.1,2.30E-09,2.20E-09,aromatic,8,0,0,1,0,0,0,0,0,0,0,0,0,0,0,0,0,0,1,0,CC1=CC(=CC=C1)C
107.086,C8H10H+,o-xylene,95-47-6,107.086,100.0,,,,,,,,,,,,,SIFT-MS,0.93,0,,"Spanel, IJMS 181, 1, 1998",doi.org/10.1016/S1387-3806(98)14114-3,0.7 Torr He ?,1.45E-23,0.64,796.0,2.40E-09,2.25E-09,aromatic,8,0,0,1,0,0,0,0,0,0,0,0,0,0,0,0,0,0,1,0,CC1=CC=CC=C1C
107.086,C8H10H+,p-xylene,106-42-3,107.086,100.0,,,,,,,,,,,,,SIFT-MS,0.93,0,,"Spanel, IJMS 181, 1, 1998",doi.org/10.1016/S1387-3806(98)14114-3,0.7 Torr He ?,1.43E-23,0.00,794.4,2.20E-09,2.20E-09,aromatic,8,0,0,1,0,0,0,0,0,0,0,0,0,0,0,0,0,0,1,0,CC1=CC=C(C=C1)C
107.086,C8H10H+,p-xylene,106-42-3,107.086,,,,,,,,,,,,,,PTR-TOF,2.30,136,4.5,"Stockwell, ACP 15, 845, 2015",doi.org/10.5194/acp-15-845-2015,Ionicon PTR-TOF 8000; m/z range 10-600; sensitivites taken from Fig. 1A using IGORThief,1.43E-23,0.00,794.4,,2.20E-09,aromatic,8,0,0,1,0,0,0,0,0,0,0,0,0,0,0,0,0,0,1,0,CC1=CC=C(C=C1)C
107.086,C8H10H+,(m+p)-xylene,108-38-3,107.086,100.0,,,,,,,,,,,,,PTR-QMS,2.4,106,15.2,"Warneke, ES&T 37, 2494, 2003",doi.org/10.1021/es026266i,,1.42E-23,n/a,n/a,,#VALUE!,aromatic,8,0,0,1,0,0,0,0,0,0,0,0,0,0,0,0,0,0,1,0,CC1=CC(=CC=C1)C
107.086,C8H10H+,ethyl benzene,100-41-4,107.086,98.0,79.054,2.0,,,,,,,,,,,PTR-QMS,2.4,106,20.7,"Warneke, ES&T 37, 2494, 2003",doi.org/10.1021/es026266i,,1.42E-23,0.59,788.0,,2.22E-09,aromatic,8,0,0,1,0,0,0,0,0,0,0,0,0,0,0,0,0,0,1,0,CCC1=CC=CC=C1
107.086,C8H10H+,o-xylene,95-47-6,107.086,99.7,105.070,0.3,,,,,,,,,,,PTR-QMS,2.4,106,10.2,"Warneke, ES&T 37, 2494, 2003",doi.org/10.1021/es026266i,,1.45E-23,0.64,796.0,,2.25E-09,aromatic,8,0,0,1,0,0,0,0,0,0,0,0,0,0,0,0,0,0,1,0,CC1=CC=CC=C1C
107.086,C8H10H+,o-xylene,95-47-6,107.086,,,,,,,,,,,,,,PTR-TOF,2.40,120,193,"Yuan, AMT 9, 2735, 2016",doi.org/10.5194/amt-9-2735-2016,NOAA PTR-ToF; SONGNEX sensitivities; extraction frequency 25 kHz,1.45E-23,0.64,796.0,,2.25E-09,aromatic,8,0,0,1,0,0,0,0,0,0,0,0,0,0,0,0,0,0,1,0,CC1=CC=CC=C1C
107.086,C8H10H+,ethylbenzene,100-41-4,107.086,100.0,,,,,,,,,,,,,PTR-MS,2.06,80,,"Gueneron, IJMS 379, 97, 2015",doi.org/10.1016/j.ijms.2015.01.001,"Ionicon qPTRMS, drift tube T=65C, dried to dewpoint of -30C",1.42E-23,0.59,788.0,,2.22E-09,aromatic,8,0,0,1,0,0,0,0,0,0,0,0,0,0,0,0,0,0,1,0,CCC1=CC=CC=C1
107.086,C8H10H+,ethylbenzene,100-41-4,107.086,82.0,79.054,18.0,,,,,,,,,,,PTR-MS,2.06,120,,"Gueneron, IJMS 379, 97, 2015",doi.org/10.1016/j.ijms.2015.01.001,"Ionicon qPTRMS, drift tube T=65C, dried to dewpoint of -30C",1.42E-23,0.59,788.0,,2.22E-09,aromatic,8,0,0,1,0,0,0,0,0,0,0,0,0,0,0,0,0,0,1,0,CCC1=CC=CC=C1
107.086,C8H10H+,m-xylene,108-38-3,107.086,100.0,,,,,,,,,,,,,PTR-MS,2.06,80,,"Gueneron, IJMS 379, 97, 2015",doi.org/10.1016/j.ijms.2015.01.001,"Ionicon qPTRMS, drift tube T=65C, dried to dewpoint of -30C",1.42E-23,0.30,812.1,,2.20E-09,aromatic,8,0,0,1,0,0,0,0,0,0,0,0,0,0,0,0,0,0,1,0,CC1=CC(=CC=C1)C
107.086,C8H10H+,m-xylene,108-38-3,107.086,100.0,,,,,,,,,,,,,PTR-MS,2.06,120,,"Gueneron, IJMS 379, 97, 2015",doi.org/10.1016/j.ijms.2015.01.001,"Ionicon qPTRMS, drift tube T=65C, dried to dewpoint of -30C",1.42E-23,0.30,812.1,,2.20E-09,aromatic,8,0,0,1,0,0,0,0,0,0,0,0,0,0,0,0,0,0,1,0,CC1=CC(=CC=C1)C
107.086,C8H10H+,o-xylene,95-47-6,107.086,100.0,,,,,,,,,,,,,PTR-MS,2.06,80,,"Gueneron, IJMS 379, 97, 2015",doi.org/10.1016/j.ijms.2015.01.001,"Ionicon qPTRMS, drift tube T=65C, dried to dewpoint of -30C",1.45E-23,0.64,796.0,,2.25E-09,aromatic,8,0,0,1,0,0,0,0,0,0,0,0,0,0,0,0,0,0,1,0,CC1=CC=CC=C1C
107.086,C8H10H+,o-xylene,95-47-6,107.086,100.0,,,,,,,,,,,,,PTR-MS,2.06,120,,"Gueneron, IJMS 379, 97, 2015",doi.org/10.1016/j.ijms.2015.01.001,"Ionicon qPTRMS, drift tube T=65C, dried to dewpoint of -30C",1.45E-23,0.64,796.0,,2.25E-09,aromatic,8,0,0,1,0,0,0,0,0,0,0,0,0,0,0,0,0,0,1,0,CC1=CC=CC=C1C
107.086,C8H10H+,p-xylene,106-42-3,107.086,100.0,,,,,,,,,,,,,PTR-MS,2.06,80,,"Gueneron, IJMS 379, 97, 2015",doi.org/10.1016/j.ijms.2015.01.001,"Ionicon qPTRMS, drift tube T=65C, dried to dewpoint of -30C",1.43E-23,0.00,794.4,,2.20E-09,aromatic,8,0,0,1,0,0,0,0,0,0,0,0,0,0,0,0,0,0,1,0,CC1=CC=C(C=C1)C
107.086,C8H10H+,p-xylene,106-42-3,107.086,100.0,,,,,,,,,,,,,PTR-MS,2.06,120,,"Gueneron, IJMS 379, 97, 2015",doi.org/10.1016/j.ijms.2015.01.001,"Ionicon qPTRMS, drift tube T=65C, dried to dewpoint of -30C",1.43E-23,0.00,794.4,,2.20E-09,aromatic,8,0,0,1,0,0,0,0,0,0,0,0,0,0,0,0,0,0,1,0,CC1=CC=C(C=C1)C
108.044,C6H5NOH+,methyl furonitrile,NA,108.044,,,,,,,,,,,,,,PTR-TOF,2.40,120,,"Koss, ACP 18, 3299, 2018",doi.org/10.5194/acp-18-3299-2018,"NOAA PTR-ToF; some sensitivities calibrated, some calculated Sekimoto et al 2017; extraction frequency unknown",n/a,n/a,n/a,,#VALUE!,furan,6,0,0,1,0,0,0,0,0,0,1,0,0,1,0,0,0,0,1,0,NA
108.044,C6H5NOH+,pyridine aldehyde,1121-60-4,108.044,,,,,,,,,,,,,,PTR-TOF,2.40,120,75.4,"Koss, ACP 18, 3299, 2018",doi.org/10.5194/acp-18-3299-2018,"NOAA PTR-ToF; some sensitivities calibrated, some calculated Sekimoto et al 2017; extraction frequency unknown",n/a,n/a,n/a,,#VALUE!,N-heterocycle,6,0,0,1,0,0,1,0,0,0,0,1,0,0,0,0,0,0,1,0,C1=CC=NC(=C1)C=O
108.044,C6H5NOH+,nitrosobenzene,586-96-9,108.044,,,,,,,,,,,,,,PTR-TOF,2.40,120,,"Koss, ACP 18, 3299, 2018",doi.org/10.5194/acp-18-3299-2018,"NOAA PTR-ToF; some sensitivities calibrated, some calculated Sekimoto et al 2017; extraction frequency unknown",n/a,n/a,854.3,,#VALUE!,nitroaromatic,6,0,0,1,0,0,0,0,0,0,0,0,0,0,0,0,0,1,1,0,C1=CC=C(C=C1)N=O
108.081,C7H9NH+,dimethylpyridine,583-61-9,108.081,,,,,,,,,,,,,,PTR-TOF,2.40,120,89.56,"Koss, ACP 18, 3299, 2018",doi.org/10.5194/acp-18-3299-2018,"NOAA PTR-ToF; some sensitivities calibrated, some calculated Sekimoto et al 2017; extraction frequency unknown",n/a,1.98,958.9,,#VALUE!,N-heterocycle,7,0,0,1,0,0,0,0,0,0,0,1,0,0,0,0,0,0,1,0,CC1=C(N=CC=C1)C
108.081,C7H9NH+,ethylpyridine,100-71-0,108.081,,,,,,,,,,,,,,PTR-TOF,2.40,120,89.56,"Koss, ACP 18, 3299, 2018",doi.org/10.5194/acp-18-3299-2018,"NOAA PTR-ToF; some sensitivities calibrated, some calculated Sekimoto et al 2017; extraction frequency unknown",n/a,n/a,952.4,,#VALUE!,N-heterocycle,7,0,0,1,0,0,0,0,0,0,0,1,0,0,0,0,0,0,1,0,CCC1=CC=CC=N1
108.965,C2H5BrH+,ethyl bromide,74-96-4,126.975,30.0,108.965,40.0,47.049,30.0,,,,,,,,,SIFT-MS,0.67,0,,"Spanel, IJMS 189, 213, 1999",doi.org/10.1016/S1387-3806(99)00103-7,0.5 Torr He. Calculated rate coefficient assuming that O2+ reaction in SIFT proceeded at collisional limit,n/a,2.03,696.2,1.70E-09,#VALUE!,halocarbon,2,0,0,0,0,0,0,0,0,0,0,0,0,0,1,0,0,0,0,0,CCBr
109.028,C6H4O2H+,p-benzoquinone,106-51-4,109.028,,,,,,,,,,,,,,PTR-TOF,2.40,120,73.34,"Koss, ACP 18, 3299, 2018",doi.org/10.5194/acp-18-3299-2018,"NOAA PTR-ToF; some sensitivities calibrated, some calculated Sekimoto et al 2017; extraction frequency unknown",1.45E-23,0.00,799.1,,2.22E-09,aromatic,6,0,0,1,0,2,0,0,0,0,0,0,0,0,0,0,0,0,1,0,C1=CC(=O)C=CC1=O
109.028,C6H4O2H+,p-benzoquinone,106-51-4,109.028,100.0,,,,,,,,,,,,,SIFT-MS,1.00,0,,"Wang, IJMS 239, 139, 2004",doi.org/10.1016/j.ijms.2004.07.022,100 Pa He. Calculated rate coefficient,1.45E-23,0.00,799.1,2.20E-09,2.22E-09,ketone,6,2,0,1,0,2,0,0,0,0,0,0,0,0,0,0,0,0,0,0,C1=CC(=O)C=CC1=O
109.065,C7H8OH+,2-methylphenol,95-48-7,109.065,,,,,,,,,,,,,,PTR-TOF,2.40,120,33.76,"Koss, ACP 18, 3299, 2018",doi.org/10.5194/acp-18-3299-2018,"NOAA PTR-ToF; some sensitivities calibrated, some calculated Sekimoto et al 2017; extraction frequency unknown",1.384E-23*,1.50,n/a,,#VALUE!,alcohol,7,0,0,1,1,0,0,0,0,0,0,0,0,0,0,0,0,0,1,0,CC1=CC=CC=C1O
109.065,C7H8OH+,2-methylphenol,95-48-7,109.065,100.0,,,,,,,,,,,,,SIFT-MS,1.00,0,,"Wang, IJMS 239, 139, 2004",doi.org/10.1016/j.ijms.2004.07.022,100 Pa He. Calculated rate coefficient,1.384E-23*,1.50,n/a,2.80E-09,#VALUE!,alcohol,7,0,0,1,1,0,0,0,0,0,0,0,0,0,0,0,0,0,1,0,CC1=CC=CC=C1O
109.065,C7H8OH+,3-methylphenol,108-39-4,109.065,100.0,,,,,,,,,,,,,SIFT-MS,1.00,0,,"Wang, IJMS 239, 139, 2004",doi.org/10.1016/j.ijms.2004.07.022,100 Pa He. Calculated rate coefficient,1.383E-23*,1.50,n/a,2.80E-09,#VALUE!,alcohol,7,0,0,1,1,0,0,0,0,0,0,0,0,0,0,0,0,0,1,0,CC1=CC(=CC=C1)O
109.065,C7H8OH+,4-methylphenol,106-44-5,109.065,100.0,,,,,,,,,,,,,SIFT-MS,1.00,0,,"Wang, IJMS 239, 139, 2004",doi.org/10.1016/j.ijms.2004.07.022,100 Pa He. Calculated rate coefficient,1.389E-23*,1.50,n/a,2.80E-09,#VALUE!,alcohol,7,0,0,1,1,0,0,0,0,0,0,0,0,0,0,0,0,0,1,0,CC1=CC=C(C=C1)O
109.065,C7H8OH+,phenylmethanol,100-51-6,91.054,100.0,,,,,,,,,,,,,SIFT-MS,1.00,0,,"Wang, IJMS 239, 139, 2004",doi.org/10.1016/j.ijms.2004.07.022,100 Pa He. Calculated rate coefficient,n/a,1.50,778.3,2.80E-09,#VALUE!,alcohol,7,0,0,1,1,0,0,0,0,0,0,0,0,0,0,0,0,0,1,0,C1=CC=C(C=C1)CO
109.065,C7H8OH+,anisole,100-66-3,109.065,,,,,,,,,,,,,,PTR-TOF,2.40,120,,"Koss, ACP 18, 3299, 2018",doi.org/10.5194/acp-18-3299-2018,"NOAA PTR-ToF; some sensitivities calibrated, some calculated Sekimoto et al 2017; extraction frequency unknown",1.31E-23,1.38,839.6,,2.34E-09,ether,7,0,0,1,0,0,0,0,0,0,1,0,0,0,0,0,0,0,1,0,COC1=CC=CC=C1
109.065,C7H8OH+,anisole,100-66-3,109.065,100.0,,,,,,,,,,,,,SIFT-MS,0.67,0,,"Spanel, IJMSIP 172, 239, 1998",doi.org/10.1016/S0168-1176(97)00277-2,0.5 Torr He. Calculated rate coefficient,1.31E-23,1.38,839.6,2.70E-09,2.34E-09,ether,7,0,0,1,0,0,0,0,0,0,1,0,0,0,0,0,0,0,1,0,COC1=CC=CC=C1
111.044,C6H6O2H+,benzenediol,120-80-9,111.044,,,,,,,,,,,,,,PTR-TOF,2.40,120,,"Koss, ACP 18, 3299, 2018",doi.org/10.5194/acp-18-3299-2018,"NOAA PTR-ToF; some sensitivities calibrated, some calculated Sekimoto et al 2017; extraction frequency unknown",n/a,n/a,n/a,,#VALUE!,alcohol,6,0,0,1,2,0,0,0,0,0,0,0,0,0,0,0,0,0,1,0,C1=CC=C(C(=C1)O)O
111.044,C6H6O2H+,2-hydroxyphenol,120-80-9,111.044,100.0,,,,,,,,,,,,,SIFT-MS,1.00,0,,"Wang, IJMS 239, 139, 2004",doi.org/10.1016/j.ijms.2004.07.022,100 Pa He. Calculated rate coefficient,n/a,1.50,n/a,2.70E-09,#VALUE!,alcohol,6,0,0,1,1,0,0,0,0,0,0,0,0,0,0,0,0,0,1,0,C1=CC=C(C(=C1)O)O
111.044,C6H6O2H+,5-methyl furfural,620-02-0,111.044,,,,,,,,,,,,,,PTR-TOF,2.40,120,48.07,"Koss, ACP 18, 3299, 2018",doi.org/10.5194/acp-18-3299-2018,"NOAA PTR-ToF; some sensitivities calibrated, some calculated Sekimoto et al 2017; extraction frequency unknown",n/a,n/a,n/a,,#VALUE!,furan,6,0,0,1,0,0,1,0,0,0,1,0,0,0,0,0,0,0,1,0,CC1=CC=C(O1)C=O
111.044,C6H6O2H+,5-methyl-2-furancarboxaldehyde,620-02-0,111.044,100.0,,,,,,,,,,,,,SIFT-MS,1,0,,"Wang, IJMS 237, 167, 2004",doi.org/10.1016/j.ijms.2004.07.009,100 Pa He. Calculated rate coefficient,n/a,2.80,n/a,3.90E-09,#VALUE!,furan,6,0,0,1,0,0,1,0,0,0,1,0,0,0,0,0,0,0,1,0,CC1=CC=C(O1)C=O
111.060,C7H7FH+,2-fluorotoluene,95-52-3,111.060,100.0,,,,,,,,,,,,,SIFT-MS,0.67,0,,"Spanel, IJMS 189, 213, 1999",doi.org/10.1016/S1387-3806(99)00103-7,0.5 Torr He. Calculated rate coefficient,n/a,1.37,773.3,2.70E-09,#VALUE!,halocarbon,7,0,0,1,0,0,0,0,0,0,0,0,0,0,1,0,0,0,1,0,CC1=CC=CC=C1F
111.060,C7H7FH+,4-fluorotoluene,352-32-9,111.060,100.0,,,,,,,,,,,,,SIFT-MS,0.67,0,,"Spanel, IJMS 189, 213, 1999",doi.org/10.1016/S1387-3806(99)00103-7,0.5 Torr He. Calculated rate coefficient,1.17E-23,2.00,763.8,3.20E-09,2.59E-09,halocarbon,7,0,0,1,0,0,0,0,0,0,0,0,0,0,1,0,0,0,1,0,CC1=CC=C(C=C1)F
112.039,C5H5NO2H+,dihydroxy pyridine,16867-04-2,112.039,,,,,,,,,,,,,,PTR-TOF,2.40,120,102.78,"Koss, ACP 18, 3299, 2018",doi.org/10.5194/acp-18-3299-2018,"NOAA PTR-ToF; some sensitivities calibrated, some calculated Sekimoto et al 2017; extraction frequency unknown",n/a,n/a,n/a,,#VALUE!,N-heterocycle,5,0,0,1,2,0,0,0,0,0,0,1,0,0,0,0,0,0,1,0,C1=CNC(=O)C(=C1)O
112.039,C5H5NO2H+,methyl maleimide,NA,112.039,,,,,,,,,,,,,,PTR-TOF,2.40,120,,"Koss, ACP 18, 3299, 2018",doi.org/10.5194/acp-18-3299-2018,"NOAA PTR-ToF; some sensitivities calibrated, some calculated Sekimoto et al 2017; extraction frequency unknown",n/a,n/a,n/a,,#VALUE!,N-heterocycle,5,0,0,1,0,0,0,0,0,0,0,0,1,0,0,0,0,0,0,0,NA
113.015,C6H5ClH+,chlorobenzene,108-90-7,113.015,100.0,,,,,,,,,,,,,SIFT-MS,0.67,0,,"Spanel, IJMS 189, 213, 1999",doi.org/10.1016/S1387-3806(99)00103-7,0.5 Torr He. Calculated rate coefficient,1.32E-23,1.69,753.1,2.90E-09,2.48E-09,halocarbon,6,0,0,1,0,0,0,0,0,0,0,0,0,0,1,0,0,0,1,0,C1=CC=C(C=C1)Cl
113.060,C6H8O2H+,2-hydroxy-3-methyl-2-cyclopenten-1-one,80-71-7,113.060,,,,,,,,,,,,,,PTR-TOF,2.40,120,70.27,"Koss, ACP 18, 3299, 2018",doi.org/10.5194/acp-18-3299-2018,"NOAA PTR-ToF; some sensitivities calibrated, some calculated Sekimoto et al 2017; extraction frequency unknown",n/a,n/a,n/a,,#VALUE!,cycloketone,6,1,0,1,1,1,0,0,0,0,0,0,0,0,0,0,0,0,0,0,CC1=C(C(=O)CC1)O
113.096,C7H12OH+,trans-2-heptenal,18829-55-5,113.096,100.0,,,,,,,,,,,,,SIFT-MS,0.93,0,,"Spanel, IJMS 213, 163, 2002",doi.org/10.1016/S1387-3806(01)00531-0,0.7 Torr He. Calculated rate coefficient,n/a,3.50,n/a,4.70E-09,#VALUE!,alkenal,7,1,0,0,0,0,1,0,0,0,0,0,0,0,0,0,0,0,0,0,CCCC/C=C/C=O
113.096,C7H12OH+,ethylcyclopentanone,NA,113.096,,,,,,,,,,,,,,PTR-TOF,2.40,120,91.53,"Koss, ACP 18, 3299, 2018",doi.org/10.5194/acp-18-3299-2018,"NOAA PTR-ToF; some sensitivities calibrated, some calculated Sekimoto et al 2017; extraction frequency unknown",1.59E-23,n/a,n/a,,#VALUE!,ketone,7,0,0,1,0,1,0,0,0,0,0,0,0,0,0,0,0,0,0,0,NA
113.132,C8H16H+,1-octene,111-66-0,113.132,30.0,71.086,35.0,57.070,35.0,,,,,,,,,SIFT-MS,0.93,0,,"Diskin, IJMS 218, 87, 2002",doi.org/10.1016/S1387-3806(02)00662-0,0.7 Torr He. Calculated rate coefficient,1.505E-23*,0.40,n/a,2.40E-09,#VALUE!,alkene,8,1,0,0,0,0,0,0,0,0,0,0,0,0,0,0,0,0,0,0,CCCCCCC=C
113.132,C8H16H+,trans-2-octene,13389-42-9,113.132,35.0,71.086,35.0,57.070,30.0,,,,,,,,,SIFT-MS,0.93,0,,"Diskin, IJMS 218, 87, 2002",doi.org/10.1016/S1387-3806(02)00662-0,0.7 Torr He. Calculated rate coefficient,n/a,0.07,n/a,2.30E-09,#VALUE!,alkene,8,1,0,0,0,0,0,0,0,0,0,0,0,0,0,0,0,0,0,0,CCCCC/C=C/C
113.132,C8H16H+,"1,2-dimethylcyclohexane",583-57-3,111.117,100.0,,,,,,,,,,,,,PTR-MS,2.06,80,4.1,"Gueneron, IJMS 379, 97, 2015",doi.org/10.1016/j.ijms.2015.01.001,"Ionicon qPTRMS, drift tube T=65C, dried to dewpoint of -30C",n/a,n/a,n/a,,#VALUE!,cycloalkane,8,0,0,1,0,0,0,0,0,0,0,0,0,0,0,0,0,0,0,1,CC1CCCCC1C
113.132,C8H16H+,"1,2-dimethylcyclohexane",583-57-3,111.117,63.0,69.070,32.0,57.070,5.0,,,,,,,,,PTR-MS,2.06,120,2,"Gueneron, IJMS 379, 97, 2015",doi.org/10.1016/j.ijms.2015.01.001,"Ionicon qPTRMS, drift tube T=65C, dried to dewpoint of -30C",n/a,n/a,n/a,,#VALUE!,cycloalkane,8,0,0,1,0,0,0,0,0,0,0,0,0,0,0,0,0,0,0,1,CC1CCCCC1C
113.132,C8H16H+,"1,3-dimethylcyclohexane",591-21-9,113.132,5.0,111.117,95.0,,,,,,,,,,,PTR-MS,2.06,80,3,"Gueneron, IJMS 379, 97, 2015",doi.org/10.1016/j.ijms.2015.01.001,"Ionicon qPTRMS, drift tube T=65C, dried to dewpoint of -30C",n/a,n/a,n/a,,#VALUE!,cycloalkane,8,0,0,1,0,0,0,0,0,0,0,0,0,0,0,0,0,0,0,1,CC1CCCC(C1)C
113.132,C8H16H+,"1,3-dimethylcyclohexane",591-21-9,111.117,53.0,71.086,4.0,69.070,31.0,57.070,8.0,43.054,4.0,,,,,PTR-MS,2.06,120,1.6,"Gueneron, IJMS 379, 97, 2015",doi.org/10.1016/j.ijms.2015.01.001,"Ionicon qPTRMS, drift tube T=65C, dried to dewpoint of -30C",n/a,n/a,n/a,,#VALUE!,cycloalkane,8,0,0,1,0,0,0,0,0,0,0,0,0,0,0,0,0,0,0,1,CC1CCCC(C1)C
113.132,C8H16H+,"1,4-dimethylcyclohexane",624-29-3,113.132,5.0,111.117,95.0,,,,,,,,,,,PTR-MS,2.06,80,4.1,"Gueneron, IJMS 379, 97, 2015",doi.org/10.1016/j.ijms.2015.01.001,"Ionicon qPTRMS, drift tube T=65C, dried to dewpoint of -30C",n/a,n/a,n/a,,#VALUE!,cycloalkane,8,0,0,1,0,0,0,0,0,0,0,0,0,0,0,0,0,0,0,1,CC1CCC(CC1)C
113.132,C8H16H+,"1,4-dimethylcyclohexane",624-29-3,111.117,56.0,71.086,5.0,69.070,28.0,57.070,8.0,43.054,4.0,,,,,PTR-MS,2.06,120,2,"Gueneron, IJMS 379, 97, 2015",doi.org/10.1016/j.ijms.2015.01.001,"Ionicon qPTRMS, drift tube T=65C, dried to dewpoint of -30C",n/a,n/a,n/a,,#VALUE!,cycloalkane,8,0,0,1,0,0,0,0,0,0,0,0,0,0,0,0,0,0,0,1,CC1CCC(CC1)C
114.019,C4H3NO3H+,nitrofuran,609-39-2,114.019,,,,,,,,,,,,,,PTR-TOF,2.40,120,73.2,"Koss, ACP 18, 3299, 2018",doi.org/10.5194/acp-18-3299-2018,"NOAA PTR-ToF; some sensitivities calibrated, some calculated Sekimoto et al 2017; extraction frequency unknown",n/a,n/a,n/a,,#VALUE!,furan,4,0,0,1,0,0,0,0,0,0,1,0,0,0,0,0,0,1,1,0,C1=COC(=C1)[N+](=O)[O-]
115.039,C5H6O3H+,5-hydroxymethyl-2-furanone,NA,115.039,,,,,,,,,,,,,,PTR-TOF,2.40,120,78.83,"Koss, ACP 18, 3299, 2018",doi.org/10.5194/acp-18-3299-2018,"NOAA PTR-ToF; some sensitivities calibrated, some calculated Sekimoto et al 2017; extraction frequency unknown",n/a,n/a,n/a,,#VALUE!,ester,5,1,0,1,1,0,0,1,0,0,0,0,0,0,0,0,0,0,0,0,NA
115.058,C6H10SH+,diallyl sulfide,592-88-1,115.058,100.0,,,,,,,,,,,,,SIFT-MS,0.67,0,,"Spanel, IJMS 176, 167, 1998",doi.org/10.1016/S1387-3806(98)14004-6,0.5 Torr He. Calculated rate coefficient,n/a,1.50,n/a,2.90E-09,#VALUE!,sulfide,6,2,0,0,0,0,0,0,0,0,0,0,0,0,0,1,0,0,0,0,C=CCSCC=C
115.112,C7H14OH+,heptanal,111-71-7,115.112,5.0,97.101,65.0,69.070,4.0,55.054,26.0,,,,,,,PTR-MS,,,,"Buhr IJMS 221, 1, 2002",doi.org/10.1016/S1387-3806(02)00896-5,"Ionicon qPTRMS, drift tube V=600V, no pressure given",1.352E-23*,2.50,n/a,,#VALUE!,aldehyde,7,0,0,0,0,0,1,0,0,0,0,0,0,0,0,0,0,0,0,0,CCCCCCC=O
115.112,C7H14OH+,heptanal,111-71-7,115.112,,,,,,,,,,,,,,PTR-TOF,2.40,120,,"Koss, ACP 18, 3299, 2018",doi.org/10.5194/acp-18-3299-2018,"NOAA PTR-ToF; some sensitivities calibrated, some calculated Sekimoto et al 2017; extraction frequency unknown",1.352E-23*,2.50,n/a,,#VALUE!,aldehyde,7,0,0,0,0,0,1,0,0,0,0,0,0,0,0,0,0,0,0,0,CCCCCCC=O
115.112,C7H14OH+,heptanal,111-71-7,115.112,80.0,97.101,20.0,,,,,,,,,,,SIFT-MS,0.93,0,,"Spanel, IJMS 213, 163, 2002",doi.org/10.1016/S1387-3806(01)00531-0,0.7 Torr He. Calculated rate coefficient,1.352E-23*,2.50,n/a,3.70E-09,#VALUE!,aldehyde,7,0,0,0,0,0,1,0,0,0,0,0,0,0,0,0,0,0,0,0,CCCCCCC=O
115.112,C7H14OH+,heptanal,111-71-7,115.112,48.0,97.101,48.0,,,,,,,,,,,PTR-QMS,2.4,106,,"Warneke, ES&T 37, 2494, 2003",doi.org/10.1021/es026266i,,1.352E-23*,2.50,n/a,,#VALUE!,aldehyde,7,0,0,0,0,0,1,0,0,0,0,0,0,0,0,0,0,0,0,0,CCCCCCC=O
115.112,C7H14OH+,2-heptanone,110-43-0,115.112,100.0,,,,,,,,,,,,,PTR-MS,,,,"Buhr IJMS 221, 1, 2002",doi.org/10.1016/S1387-3806(02)00896-5,"Ionicon qPTRMS, drift tube V=600V, no pressure given",n/a,2.59,n/a,,#VALUE!,ketone,7,0,0,0,0,1,0,0,0,0,0,0,0,0,0,0,0,0,0,0,CCCCCC(=O)C
115.112,C7H14OH+,3-heptanone,106-35-4,115.112,100.0,,,,,,,,,,,,,PTR-MS,,,,"Buhr IJMS 221, 1, 2002",doi.org/10.1016/S1387-3806(02)00896-5,"Ionicon qPTRMS, drift tube V=600V, no pressure given",n/a,2.78,n/a,,#VALUE!,ketone,7,0,0,0,0,1,0,0,0,0,0,0,0,0,0,0,0,0,0,0,CCCCC(=O)CC
115.112,C7H14OH+,4-heptanone,123-19-3,115.112,100.0,,,,,,,,,,,,,PTR-MS,,,,"Buhr IJMS 221, 1, 2002",doi.org/10.1016/S1387-3806(02)00896-5,"Ionicon qPTRMS, drift tube V=600V, no pressure given",n/a,n/a,845.0,,#VALUE!,ketone,7,0,0,0,0,1,0,0,0,0,0,0,0,0,0,0,0,0,0,0,CCCC(=O)CCC
115.112,C7H14OH+,"2,4-dimethyl-3-pentanone",565-80-0,115.112,,,,,,,,,,,,,,PTR-TOF,2.40,120,,"Koss, ACP 18, 3299, 2018",doi.org/10.5194/acp-18-3299-2018,"NOAA PTR-ToF; some sensitivities calibrated, some calculated Sekimoto et al 2017; extraction frequency unknown",1.35E-23,2.74,850.3,,3.27E-09,ketone,7,0,0,0,0,1,0,0,0,0,0,0,0,0,0,0,0,0,0,0,CC(C)C(=O)C(C)C
115.112,C7H14OH+,heptanone,110-43-0,115.112,,,,,,,,,,,,,,PTR-TOF,2.40,120,90.46,"Koss, ACP 18, 3299, 2018",doi.org/10.5194/acp-18-3299-2018,"NOAA PTR-ToF; some sensitivities calibrated, some calculated Sekimoto et al 2017; extraction frequency unknown",n/a,2.69,n/a,,#VALUE!,ketone,7,0,0,0,0,1,0,0,0,0,0,0,0,0,0,0,0,0,0,0,CCCCCC(=O)C
115.112,C7H14OH+,2-heptanone,110-43-0,115.112,100.0,,,,,,,,,,,,,SIFT-MS,0.93,0,,"Smith, RCMS 17, 2655, 2003",doi.org/10.1002/rcm.1244,0.7 Torr He. Calculated rate coefficient,n/a,2.59,n/a,4.00E-09,#VALUE!,ketone,7,0,0,0,0,1,0,0,0,0,0,0,0,0,0,0,0,0,0,0,CCCCCC(=O)C
115.148,C8H18H+,2-methylheptane,592-27-8,113.132,18.0,71.086,35.0,57.070,39.0,43.054,8.0,,,,,,,PTR-MS,2.06,80,,"Gueneron, IJMS 379, 97, 2015",doi.org/10.1016/j.ijms.2015.01.001,"Ionicon qPTRMS, drift tube T=65C, dried to dewpoint of -30C",n/a,n/a,n/a,,#VALUE!,alkane,8,0,0,0,0,0,0,0,0,0,0,0,0,0,0,0,0,0,0,1,CCCCCC(C)C
115.148,C8H18H+,2-methylheptane,592-27-8,71.086,19.0,57.070,44.0,43.054,28.0,41.039,9.0,,,,,,,PTR-MS,2.06,120,,"Gueneron, IJMS 379, 97, 2015",doi.org/10.1016/j.ijms.2015.01.001,"Ionicon qPTRMS, drift tube T=65C, dried to dewpoint of -30C",n/a,n/a,n/a,,#VALUE!,alkane,8,0,0,0,0,0,0,0,0,0,0,0,0,0,0,0,0,0,0,1,CCCCCC(C)C
115.148,C8H18H+,n-octane,111-65-9,133.159,100.0,,,,,,,,,,,,,SIFT-MS,0.93,0,,"Spanel, IJMS 181, 1, 1998",doi.org/10.1016/S1387-3806(98)14114-3,0.7 Torr He ? Cluster formation,1.59E-23,0.00,n/a,9.00E-10,2.31E-09,alkane,8,0,0,0,0,0,0,0,0,0,0,0,0,0,0,0,0,0,0,1,CCCCCCCC
115.148,C8H18H+,n-octane,111-65-9,71.086,61.0,57.070,39.0,,,,,,,,,,,PTR-QMS,2.4,106,2.8,"Warneke, ES&T 37, 2494, 2003",doi.org/10.1021/es026266i,,1.59E-23,0.00,n/a,,2.31E-09,alkane,8,0,0,0,0,0,0,0,0,0,0,0,0,0,0,0,0,0,0,1,CCCCCCCC
117.070,C9H8H+,indene,95-13-6,117.070,100.0,,,,,,,,,,,,,PTR-MS,2.06,80,,"Gueneron, IJMS 379, 97, 2015",doi.org/10.1016/j.ijms.2015.01.001,"Ionicon qPTRMS, drift tube T=65C, dried to dewpoint of -30C",1.708E-23*,n/a,848.8,,#VALUE!,aromatic,9,1,0,2,0,0,0,0,0,0,0,0,0,0,0,0,0,0,1,0,C1C=CC2=CC=CC=C21
117.070,C9H8H+,indene,95-13-6,117.070,100.0,,,,,,,,,,,,,PTR-MS,2.06,120,,"Gueneron, IJMS 379, 97, 2015",doi.org/10.1016/j.ijms.2015.01.001,"Ionicon qPTRMS, drift tube T=65C, dried to dewpoint of -30C",1.708E-23*,n/a,848.8,,#VALUE!,aromatic,9,1,0,2,0,0,0,0,0,0,0,0,0,0,0,0,0,0,1,0,C1C=CC2=CC=CC=C21
117.070,C9H8H+,indene,95-13-6,117.070,,,,,,,,,,,,,,PTR-TOF,2.40,120,63.28,"Koss, ACP 18, 3299, 2018",doi.org/10.5194/acp-18-3299-2018,"NOAA PTR-ToF; some sensitivities calibrated, some calculated Sekimoto et al 2017; extraction frequency unknown",1.708E-23*,n/a,848.8,,#VALUE!,aromatic,9,1,0,2,0,0,0,0,0,0,0,0,0,0,0,0,0,0,1,0,C1C=CC2=CC=CC=C21
117.091,C6H12O2H+,ethyl butanoate,105-54-4,117.091,83.0,89.060,4.0,71.049,4.0,43.054,4.0,41.039,4.0,39.023,1.0,,,PTR-MS,2.03,105,,"Aprea, IJMS 262, 114, 2007",doi.org/10.1016/j.ijms.2006.10.016,"Ionicon qPTRMS, drift tube T=50C",n/a,1.74,n/a,,#VALUE!,ester,6,0,0,0,0,0,0,1,0,0,0,0,0,0,0,0,0,0,0,0,CCCC(=O)OCC
117.091,C6H12O2H+,ethyl butanoate,105-54-4,117.091,55.0,89.060,21.0,71.049,9.0,43.054,19.0,41.039,2.0,39.023,3.0,,,PTR-MS,2.03,120,,"Aprea, IJMS 262, 114, 2007",doi.org/10.1016/j.ijms.2006.10.016,"Ionicon qPTRMS, drift tube T=50C",n/a,1.74,n/a,,#VALUE!,ester,6,0,0,0,0,0,0,1,0,0,0,0,0,0,0,0,0,0,0,0,CCCC(=O)OCC
117.091,C6H12O2H+,ethyl butanoate,105-54-4,117.091,14.0,89.060,56.0,71.049,4.0,43.054,11.0,41.039,11.0,39.023,4.0,,,PTR-MS,2.03,140,,"Aprea, IJMS 262, 114, 2007",doi.org/10.1016/j.ijms.2006.10.016,"Ionicon qPTRMS, drift tube T=50C",n/a,1.74,n/a,,#VALUE!,ester,6,0,0,0,0,0,0,1,0,0,0,0,0,0,0,0,0,0,0,0,CCCC(=O)OCC
117.091,C6H12O2H+,ethyl isobutanoate,97-62-1,117.091,60.0,89.060,29.0,71.049,2.0,43.054,7.0,41.039,2.0,,,,,PTR-MS,2.03,120,,"Aprea, IJMS 262, 114, 2007",doi.org/10.1016/j.ijms.2006.10.016,"Ionicon qPTRMS, drift tube T=50C",n/a,n/a,n/a,,#VALUE!,ester,6,0,0,0,0,0,0,1,0,0,0,0,0,0,0,0,0,0,0,0,CCOC(=O)C(C)C
117.091,C6H12O2H+,methyl 2-methylbutanoate,868-57-5,117.091,91.0,57.070,9.0,,,,,,,,,,,PTR-MS,2.03,120,,"Aprea, IJMS 262, 114, 2007",doi.org/10.1016/j.ijms.2006.10.016,"Ionicon qPTRMS, drift tube T=50C",n/a,n/a,n/a,,#VALUE!,ester,6,0,0,0,0,0,0,1,0,0,0,0,0,0,0,0,0,0,0,0,CCC(C)C(=O)OC
117.091,C6H12O2H+,propyl propanoate,106-36-5,117.091,25.0,93.055,3.0,75.044,44.0,57.033,28.0,,,,,,,PTR-MS,2.03,120,,"Aprea, IJMS 262, 114, 2007",doi.org/10.1016/j.ijms.2006.10.016,"Ionicon qPTRMS, drift tube T=50C",n/a,n/a,n/a,,#VALUE!,ester,6,0,0,0,0,0,0,1,0,0,0,0,0,0,0,0,0,0,0,0,CCCOC(=O)CC
117.091,C6H12O2H+,butyl acetate,123-86-4,117.091,9.0,61.028,63.0,43.018,28.0,,,,,,,,,PTR-MS,,,,"Buhr IJMS 221, 1, 2002",doi.org/10.1016/S1387-3806(02)00896-5,"Ionicon qPTRMS, drift tube V=600V, no pressure given",n/a,1.87,n/a,,#VALUE!,ester,6,0,0,0,0,0,0,1,0,0,0,0,0,0,0,0,0,0,0,0,CCCCOC(=O)C
117.091,C6H12O2H+,ethyl butanoate,105-54-4,117.091,60.0,89.060,32.0,43.054,8.0,,,,,,,,,PTR-MS,,,,"Buhr IJMS 221, 1, 2002",doi.org/10.1016/S1387-3806(02)00896-5,"Ionicon qPTRMS, drift tube V=600V, no pressure given",n/a,1.74,n/a,,#VALUE!,ester,6,0,0,0,0,0,0,1,0,0,0,0,0,0,0,0,0,0,0,0,CCCC(=O)OCC
117.091,C6H12O2H+,ethyl butanoate,105-54-4,117.091,58.0,89.060,31.0,43.054,8.0,41.039,3.0,,,,,,,PTR-MS,,,,"Buhr IJMS 221, 1, 2002",doi.org/10.1016/S1387-3806(02)00896-5,"Ionicon qPTRMS, drift tube V=600V, no pressure given",n/a,1.74,n/a,,#VALUE!,ester,6,0,0,0,0,0,0,1,0,0,0,0,0,0,0,0,0,0,0,0,CCCC(=O)OCC
118.050,C4H7NO3H+,butene nitrate,NA,118.050,,,,,,,,,,,,,,PTR-TOF,2.40,120,73.5,"Koss, ACP 18, 3299, 2018",doi.org/10.5194/acp-18-3299-2018,"NOAA PTR-ToF; some sensitivities calibrated, some calculated Sekimoto et al 2017; extraction frequency unknown",n/a,n/a,n/a,,#VALUE!,nitrate,4,1,0,0,0,0,0,0,0,0,0,0,0,0,0,0,0,1,0,0,NA
118.065,C8H7NH+,benzeneacetonitrile,140-29-4,118.065,,,,,,,,,,,,,,PTR-TOF,2.40,120,107.13,"Koss, ACP 18, 3299, 2018",doi.org/10.5194/acp-18-3299-2018,"NOAA PTR-ToF; some sensitivities calibrated, some calculated Sekimoto et al 2017; extraction frequency unknown",n/a,3.50,805.5,,#VALUE!,aromatic,8,0,0,1,0,0,0,0,0,0,0,0,0,1,0,0,0,0,1,0,C1=CC=C(C=C1)CC#N
118.065,C8H7NH+,indole,120-72-9,118.065,100.0,,,,,,,,,,,,,SIFT-MS,1,0,,"Wang, IJMS 237, 167, 2004",doi.org/10.1016/j.ijms.2004.07.009,100 Pa He. Calculated rate coefficient,n/a,2.00,933.4,3.30E-09,#VALUE!,N-heterocycle,8,0,0,2,0,0,0,0,0,0,0,1,0,0,0,0,0,0,1,0,C1=CC=C2C(=C1)C=CN2
119.049,C8H6OH+,benzofuran,271-89-6,119.049,,,,,,,,,,,,,,PTR-TOF,2.40,120,57.2,"Koss, ACP 18, 3299, 2018",doi.org/10.5194/acp-18-3299-2018,"NOAA PTR-ToF; some sensitivities calibrated, some calculated Sekimoto et al 2017; extraction frequency unknown",n/a,n/a,n/a,,#VALUE!,furan,8,0,0,2,0,0,0,0,0,0,1,0,0,0,0,0,0,0,1,0,C1=CC=C2C(=C1)C=CO2
119.086,C9H10H+,indane,496-11-7,119.086,,,,,,,,,,,,,,PTR-TOF,2.40,120,63.03,"Koss, ACP 18, 3299, 2018",doi.org/10.5194/acp-18-3299-2018,"NOAA PTR-ToF; some sensitivities calibrated, some calculated Sekimoto et al 2017; extraction frequency unknown",n/a,n/a,n/a,,#VALUE!,aromatic,9,0,0,2,0,0,0,0,0,0,0,0,0,0,0,0,0,0,1,0,C1CC2=CC=CC=C2C1
119.086,C9H10H+,methyl styrene,NA,119.086,,,,,,,,,,,,,,PTR-TOF,2.40,120,,"Koss, ACP 18, 3299, 2018",doi.org/10.5194/acp-18-3299-2018,"NOAA PTR-ToF; some sensitivities calibrated, some calculated Sekimoto et al 2017; extraction frequency unknown",1.61E-23,n/a,n/a,,#VALUE!,aromatic,9,1,0,1,0,0,0,0,0,0,0,0,0,0,0,0,0,0,1,0,NA
119.086,C9H10H+,indane,496-11-7,119.086,100.0,,,,,,,,,,,,,PTR-MS,2.06,80,,"Gueneron, IJMS 379, 97, 2015",doi.org/10.1016/j.ijms.2015.01.001,"Ionicon qPTRMS, drift tube T=65C, dried to dewpoint of -30C",n/a,n/a,n/a,,#VALUE!,aromatic,9,0,0,2,0,0,0,0,0,0,0,0,0,0,0,0,0,0,1,0,C1CC2=CC=CC=C2C1
119.086,C9H10H+,indane,496-11-7,119.086,100.0,,,,,,,,,,,,,PTR-MS,2.06,120,,"Gueneron, IJMS 379, 97, 2015",doi.org/10.1016/j.ijms.2015.01.001,"Ionicon qPTRMS, drift tube T=65C, dried to dewpoint of -30C",n/a,n/a,n/a,,#VALUE!,aromatic,9,0,0,2,0,0,0,0,0,0,0,0,0,0,0,0,0,0,1,0,C1CC2=CC=CC=C2C1
120.081,C8H9NH+,dihydropyridine,NA,120.081,,,,,,,,,,,,,,PTR-TOF,2.40,120,77.43,"Koss, ACP 18, 3299, 2018",doi.org/10.5194/acp-18-3299-2018,"NOAA PTR-ToF; some sensitivities calibrated, some calculated Sekimoto et al 2017; extraction frequency unknown",n/a,n/a,n/a,,#VALUE!,N-heterocycle,8,1,0,1,0,0,0,0,0,0,0,1,0,0,0,0,0,0,0,0,NA
121.014,C4H8S2H+,"1,3-dithiane",505-23-7,121.014,100.0,,,,,,,,,,,,,SIFT-MS,0.67,0,,"Spanel, IJMS 176, 167, 1998",doi.org/10.1016/S1387-3806(98)14004-6,0.5 Torr He. Calculated rate coefficient,n/a,2.14,n/a,2.90E-09,#VALUE!,sulfide,4,0,0,1,0,0,0,0,0,0,0,0,0,0,0,2,0,0,0,0,C1CSCSC1
121.065,C8H8OH+,tolualdehyde,NA,121.065,,,,,,,,,,,,,,PTR-TOF,2.40,120,91.85,"Koss, ACP 18, 3299, 2018",doi.org/10.5194/acp-18-3299-2018,"NOAA PTR-ToF; some sensitivities calibrated, some calculated Sekimoto et al 2017; extraction frequency unknown",n/a,n/a,n/a,,#VALUE!,aromatic,8,0,0,1,0,0,1,0,0,0,0,0,0,0,0,0,0,0,1,0,NA
121.065,C8H8OH+,acetophenone,98-86-2,121.065,100.0,,,,,,,,,,,,,SIFT-MS,0.93,0,,"Smith, RCMS 17, 2655, 2003",doi.org/10.1002/rcm.1244,0.7 Torr He. Calculated rate coefficient,1.50E-23,3.02,861.1,4.30E-09,3.54E-09,ketone,8,0,0,1,0,1,0,0,0,0,0,0,0,0,0,0,0,0,1,0,CC(=O)C1=CC=CC=C1
121.065,C8H8OH+,acetophenone,98-86-2,121.065,100.0,,,,,,,,,,,,,SIFT-MS,0.67,0,,"Spanel, IJMSIP 165/166, 25, 1997",doi.org/10.1016/S0168-1176(97)00166-3,0.5 Torr He. Calculated rate coefficient,1.50E-23,3.02,861.1,4.30E-09,3.54E-09,ketone,8,0,0,1,0,1,0,0,0,0,0,0,0,0,0,0,0,0,1,0,CC(=O)C1=CC=CC=C1
121.101,C9H12H+,trimethylbenzene,526-73-8,121.101,,,,,,,,,,,,,,PTR-MS,2.20,136,3.7,"Kajos, AMT 8, 4453, 2015",doi.org/10.5194/amt-8-4453-2015,"Ionicon q-PTRMS, automated calibration sensitivity",n/a,0.50,n/a,,#VALUE!,aromatic,9,0,0,1,0,0,0,0,0,0,0,0,0,0,0,0,0,0,1,0,CC1=C(C(=CC=C1)C)C
121.101,C9H12H+,trimethylbenzene,526-73-8,121.101,,,,,,,,,,,,,,PTR-MS,2.00,120,10.9,"Kajos, AMT 8, 4453, 2015",doi.org/10.5194/amt-8-4453-2015,"Ionicon q-PTRMS, automated calibration sensitivity",n/a,0.50,n/a,,#VALUE!,aromatic,9,0,0,1,0,0,0,0,0,0,0,0,0,0,0,0,0,0,1,0,CC1=C(C(=CC=C1)C)C
121.101,C9H12H+,"1,2,3-trimethyl benzene",526-73-8,121.101,100.0,,,,,,,,,,,,,SIFT-MS,0.93,0,,"Spanel, IJMS 181, 1, 1998",doi.org/10.1016/S1387-3806(98)14114-3,0.7 Torr He ?,1.709E-23*,0.60,n/a,2.50E-09,#VALUE!,aromatic,9,0,0,1,0,0,0,0,0,0,0,0,0,0,0,0,0,0,1,0,CC1=C(C(=CC=C1)C)C
121.101,C9H12H+,"1,2,4-trimethyl benzene",95-63-6,121.101,100.0,,,,,,,,,,,,,SIFT-MS,0.93,0,,"Spanel, IJMS 181, 1, 1998",doi.org/10.1016/S1387-3806(98)14114-3,0.7 Torr He ?,1.72E-23,0.40,n/a,2.40E-09,2.40E-09,aromatic,9,0,0,1,0,0,0,0,0,0,0,0,0,0,0,0,0,0,1,0,CC1=CC(=C(C=C1)C)C
121.101,C9H12H+,"1,3,5-trimethylbenzene",108-67-8,121.101,100.0,,,,,,,,,,,,,SIFT-MS,0.93,0,,"Spanel, IJMS 181, 1, 1998",doi.org/10.1016/S1387-3806(98)14114-3,0.7 Torr He ?,1.58E-23,0.00,836.2,2.30E-09,2.30E-09,aromatic,9,0,0,1,0,0,0,0,0,0,0,0,0,0,0,0,0,0,1,0,CC1=CC(=CC(=C1)C)C
121.101,C9H12H+,n-propyl benzene,103-65-1,121.101,100.0,,,,,,,,,,,,,SIFT-MS,0.93,0,,"Spanel, IJMS 181, 1, 1998",doi.org/10.1016/S1387-3806(98)14114-3,0.7 Torr He ?,n/a,0.60,790.1,2.50E-09,#VALUE!,aromatic,9,0,0,1,0,0,0,0,0,0,0,0,0,0,0,0,0,0,1,0,CCCC1=CC=CC=C1
121.101,C9H12H+,"1,3,5-trimethylbenzene",108-67-8,121.101,,,,,,,,,,,,,,PTR-TOF,2.30,136,5,"Stockwell, ACP 15, 845, 2015",doi.org/10.5194/acp-15-845-2015,Ionicon PTR-TOF 8000; m/z range 10-600; sensitivites taken from Fig. 1A using IGORThief,1.58E-23,0.00,836.2,,2.30E-09,aromatic,9,0,0,1,0,0,0,0,0,0,0,0,0,0,0,0,0,0,1,0,CC1=CC(=CC(=C1)C)C
121.101,C9H12H+,"1,3,5-trimethylbenzene",108-67-8,121.101,,,,,,,,,,,,,,PTR-MS,2.40,125,20,"Warneke, AMT 8, 411, 2015",doi.org/10.5194/amt-8-411-2015,NOAA q-PTRMS; UBWOS13 sensitivities; from figure using igorthief,1.58E-23,0.00,836.2,,2.30E-09,aromatic,9,0,0,1,0,0,0,0,0,0,0,0,0,0,0,0,0,0,1,0,CC1=CC(=CC(=C1)C)C
121.101,C9H12H+,"1,3,5-trimethylbenzene",108-67-8,121.101,,,,,,,,,,,,,,PTR-MS,2.20,130,13,"Warneke, AMT 8, 411, 2015",doi.org/10.5194/amt-8-411-2015,Ionicon PTR=ToF; UBWOS13 sensitivities; exctraction freq 25 kHz (mz1-500); from figure using igorthief,1.58E-23,0.00,836.2,,2.30E-09,aromatic,9,0,0,1,0,0,0,0,0,0,0,0,0,0,0,0,0,0,1,0,CC1=CC(=CC(=C1)C)C
121.101,C9H12H+,"1,2,3-trimethyl benzene",526-73-8,121.101,100.0,,,,,,,,,,,,,PTR-QMS,2.4,106,,"Warneke, ES&T 37, 2494, 2003",doi.org/10.1021/es026266i,,1.709E-23*,0.60,n/a,,#VALUE!,aromatic,9,0,0,1,0,0,0,0,0,0,0,0,0,0,0,0,0,0,1,0,CC1=C(C(=CC=C1)C)C
121.101,C9H12H+,"1,2,3-trimethyl benzene",526-73-8,121.101,100.0,,,,,,,,,,,,,PTR-QMS,2.4,106,,"Warneke, ES&T 37, 2494, 2003",doi.org/10.1021/es026266i,,1.709E-23*,0.60,n/a,,#VALUE!,aromatic,9,0,0,1,0,0,0,0,0,0,0,0,0,0,0,0,0,0,1,0,CC1=C(C(=CC=C1)C)C
121.101,C9H12H+,"1,2,4-trimethyl benzene",95-63-6,121.101,100.0,,,,,,,,,,,,,PTR-QMS,2.4,106,,"Warneke, ES&T 37, 2494, 2003",doi.org/10.1021/es026266i,,1.717E-23*,0.40,n/a,,#VALUE!,aromatic,9,0,0,1,0,0,0,0,0,0,0,0,0,0,0,0,0,0,1,0,CC1=CC(=C(C=C1)C)C
121.101,C9H12H+,"1,3,5-trimethylbenzene",108-67-8,121.101,100.0,,,,,,,,,,,,,PTR-QMS,2.4,106,,"Warneke, ES&T 37, 2494, 2003",doi.org/10.1021/es026266i,,1.58E-23,0.00,836.2,,2.30E-09,aromatic,9,0,0,1,0,0,0,0,0,0,0,0,0,0,0,0,0,0,1,0,CC1=CC(=CC(=C1)C)C
121.101,C9H12H+,2-ethyl toluene,611-14-3,121.101,100.0,,,,,,,,,,,,,PTR-QMS,2.4,106,,"Warneke, ES&T 37, 2494, 2003",doi.org/10.1021/es026266i,,n/a,n/a,n/a,,#VALUE!,aromatic,9,0,0,1,0,0,0,0,0,0,0,0,0,0,0,0,0,0,1,0,CCC1=CC=CC=C1C
121.101,C9H12H+,3-ethyl toluene,620-14-4,121.101,100.0,,,,,,,,,,,,,PTR-QMS,2.4,106,,"Warneke, ES&T 37, 2494, 2003",doi.org/10.1021/es026266i,,n/a,n/a,n/a,,#VALUE!,aromatic,9,0,0,1,0,0,0,0,0,0,0,0,0,0,0,0,0,0,1,0,CCC1=CC=CC(=C1)C
121.101,C9H12H+,4-ethyl toluene,622-96-8,121.101,100.0,,,,,,,,,,,,,PTR-QMS,2.4,106,,"Warneke, ES&T 37, 2494, 2003",doi.org/10.1021/es026266i,,n/a,n/a,n/a,,#VALUE!,aromatic,9,0,0,1,0,0,0,0,0,0,0,0,0,0,0,0,0,0,1,0,CCC1=CC=C(C=C1)C
121.101,C9H12H+,iso-propyl benzene,98-82-8,121.101,44.0,79.054,56.0,,,,,,,,,,,PTR-QMS,2.4,106,,"Warneke, ES&T 37, 2494, 2003",doi.org/10.1021/es026266i,,1.60E-23,n/a,791.6,,#VALUE!,aromatic,9,0,0,1,0,0,0,0,0,0,0,0,0,0,0,0,0,0,1,0,CC(C)C1=CC=CC=C1
121.101,C9H12H+,n-propyl benzene,103-65-1,121.101,91.0,79.054,9.0,,,,,,,,,,,PTR-QMS,2.4,106,,"Warneke, ES&T 37, 2494, 2003",doi.org/10.1021/es026266i,,n/a,0.60,790.1,,#VALUE!,aromatic,9,0,0,1,0,0,0,0,0,0,0,0,0,0,0,0,0,0,1,0,CCCC1=CC=CC=C1
121.101,C9H12H+,"1,2,4-trimethylbenzene",95-63-6,121.101,,,,,,,,,,,,,,PTR-TOF,2.40,120,185,"Yuan, AMT 9, 2735, 2016",doi.org/10.5194/amt-9-2735-2016,NOAA PTR-ToF; SONGNEX sensitivities; extraction frequency 25 kHz,1.717E-23*,0.40,n/a,,#VALUE!,aromatic,9,0,0,1,0,0,0,0,0,0,0,0,0,0,0,0,0,0,1,0,CC1=CC(=C(C=C1)C)C
121.101,C9H12H+,"1,2,3-trimethylbenzene",526-73-8,121.101,100.0,,,,,,,,,,,,,PTR-MS,2.06,80,,"Gueneron, IJMS 379, 97, 2015",doi.org/10.1016/j.ijms.2015.01.001,"Ionicon qPTRMS, drift tube T=65C, dried to dewpoint of -30C",1.709E-23*,0.60,n/a,,#VALUE!,aromatic,9,0,0,1,0,0,0,0,0,0,0,0,0,0,0,0,0,0,1,0,CC1=C(C(=CC=C1)C)C
121.101,C9H12H+,"1,2,3-trimethylbenzene",526-73-8,121.101,97.0,93.070,3.0,,,,,,,,,,,PTR-MS,2.06,120,,"Gueneron, IJMS 379, 97, 2015",doi.org/10.1016/j.ijms.2015.01.001,"Ionicon qPTRMS, drift tube T=65C, dried to dewpoint of -30C",1.709E-23*,0.60,n/a,,#VALUE!,aromatic,9,0,0,1,0,0,0,0,0,0,0,0,0,0,0,0,0,0,1,0,CC1=C(C(=CC=C1)C)C
121.101,C9H12H+,"1,2,4-trimethylbenzene",95-63-6,121.101,100.0,,,,,,,,,,,,,PTR-MS,2.06,80,,"Gueneron, IJMS 379, 97, 2015",doi.org/10.1016/j.ijms.2015.01.001,"Ionicon qPTRMS, drift tube T=65C, dried to dewpoint of -30C",1.717E-23*,0.40,n/a,,#VALUE!,aromatic,9,0,0,1,0,0,0,0,0,0,0,0,0,0,0,0,0,0,1,0,CC1=CC(=C(C=C1)C)C
121.101,C9H12H+,"1,2,4-trimethylbenzene",95-63-6,121.101,100.0,,,,,,,,,,,,,PTR-MS,2.06,120,,"Gueneron, IJMS 379, 97, 2015",doi.org/10.1016/j.ijms.2015.01.001,"Ionicon qPTRMS, drift tube T=65C, dried to dewpoint of -30C",1.717E-23*,0.40,n/a,,#VALUE!,aromatic,9,0,0,1,0,0,0,0,0,0,0,0,0,0,0,0,0,0,1,0,CC1=CC(=C(C=C1)C)C
121.101,C9H12H+,2-ethyltoluene,611-14-3,121.101,100.0,,,,,,,,,,,,,PTR-MS,2.06,80,,"Gueneron, IJMS 379, 97, 2015",doi.org/10.1016/j.ijms.2015.01.001,"Ionicon qPTRMS, drift tube T=65C, dried to dewpoint of -30C",n/a,n/a,n/a,,#VALUE!,aromatic,9,0,0,1,0,0,0,0,0,0,0,0,0,0,0,0,0,0,1,0,CCC1=CC=CC=C1C
121.101,C9H12H+,2-ethyltoluene,611-14-3,121.101,97.0,93.070,3.0,,,,,,,,,,,PTR-MS,2.06,120,,"Gueneron, IJMS 379, 97, 2015",doi.org/10.1016/j.ijms.2015.01.001,"Ionicon qPTRMS, drift tube T=65C, dried to dewpoint of -30C",n/a,n/a,n/a,,#VALUE!,aromatic,9,0,0,1,0,0,0,0,0,0,0,0,0,0,0,0,0,0,1,0,CCC1=CC=CC=C1C
121.101,C9H12H+,3-ethyltoluene,620-14-4,121.101,100.0,,,,,,,,,,,,,PTR-MS,2.06,80,,"Gueneron, IJMS 379, 97, 2015",doi.org/10.1016/j.ijms.2015.01.001,"Ionicon qPTRMS, drift tube T=65C, dried to dewpoint of -30C",n/a,n/a,n/a,,#VALUE!,aromatic,9,0,0,1,0,0,0,0,0,0,0,0,0,0,0,0,0,0,1,0,CCC1=CC=CC(=C1)C
121.101,C9H12H+,3-ethyltoluene,620-14-4,121.101,96.0,93.070,4.0,,,,,,,,,,,PTR-MS,2.06,120,,"Gueneron, IJMS 379, 97, 2015",doi.org/10.1016/j.ijms.2015.01.001,"Ionicon qPTRMS, drift tube T=65C, dried to dewpoint of -30C",n/a,n/a,n/a,,#VALUE!,aromatic,9,0,0,1,0,0,0,0,0,0,0,0,0,0,0,0,0,0,1,0,CCC1=CC=CC(=C1)C
121.101,C9H12H+,4-ethyltoluene,622-96-8,121.101,100.0,,,,,,,,,,,,,PTR-MS,2.06,80,,"Gueneron, IJMS 379, 97, 2015",doi.org/10.1016/j.ijms.2015.01.001,"Ionicon qPTRMS, drift tube T=65C, dried to dewpoint of -30C",n/a,n/a,n/a,,#VALUE!,aromatic,9,0,0,1,0,0,0,0,0,0,0,0,0,0,0,0,0,0,1,0,CCC1=CC=C(C=C1)C
121.101,C9H12H+,4-ethyltoluene,622-96-8,121.101,94.0,107.086,3.0,93.070,3.0,,,,,,,,,PTR-MS,2.06,120,,"Gueneron, IJMS 379, 97, 2015",doi.org/10.1016/j.ijms.2015.01.001,"Ionicon qPTRMS, drift tube T=65C, dried to dewpoint of -30C",n/a,n/a,n/a,,#VALUE!,aromatic,9,0,0,1,0,0,0,0,0,0,0,0,0,0,0,0,0,0,1,0,CCC1=CC=C(C=C1)C
121.101,C9H12H+,iso-propyl benzene,98-82-8,121.101,96.0,79.054,4.0,,,,,,,,,,,PTR-MS,2.06,80,,"Gueneron, IJMS 379, 97, 2015",doi.org/10.1016/j.ijms.2015.01.001,"Ionicon qPTRMS, drift tube T=65C, dried to dewpoint of -30C",1.60E-23,n/a,791.6,,#VALUE!,aromatic,9,0,0,1,0,0,0,0,0,0,0,0,0,0,0,0,0,0,1,0,CC(C)C1=CC=CC=C1
121.101,C9H12H+,iso-propyl benzene,98-82-8,121.101,21.0,79.054,64.0,41.039,15.0,,,,,,,,,PTR-MS,2.06,120,,"Gueneron, IJMS 379, 97, 2015",doi.org/10.1016/j.ijms.2015.01.001,"Ionicon qPTRMS, drift tube T=65C, dried to dewpoint of -30C",1.60E-23,n/a,791.6,,#VALUE!,aromatic,9,0,0,1,0,0,0,0,0,0,0,0,0,0,0,0,0,0,1,0,CC(C)C1=CC=CC=C1
121.101,C9H12H+,propylbenzene,103-65-1,121.101,100.0,,,,,,,,,,,,,PTR-MS,2.06,80,,"Gueneron, IJMS 379, 97, 2015",doi.org/10.1016/j.ijms.2015.01.001,"Ionicon qPTRMS, drift tube T=65C, dried to dewpoint of -30C",n/a,n/a,790.1,,#VALUE!,aromatic,9,0,0,1,0,0,0,0,0,0,0,0,0,0,0,0,0,0,1,0,CCCC1=CC=CC=C1
121.107,C9H12H+,propylbenzene,103-65-1,121.101,21.0,79.054,28.0,43.054,40.0,41.039,11.0,,,,,,,PTR-MS,2.06,120,,"Gueneron, IJMS 379, 97, 2015",doi.org/10.1016/j.ijms.2015.01.001,"Ionicon qPTRMS, drift tube T=65C, dried to dewpoint of -30C",n/a,n/a,790.1,,#VALUE!,aromatic,9,0,0,1,0,0,0,0,0,0,0,0,0,0,0,0,0,0,1,0,CCCC1=CC=CC=C1
123.044,C7H6O2H+,2-hydroxybenzaldehyde,90-02-8,123.044,,,,,,,,,,,,,,PTR-TOF,2.40,120,91.46,"Koss, ACP 18, 3299, 2018",doi.org/10.5194/acp-18-3299-2018,"NOAA PTR-ToF; some sensitivities calibrated, some calculated Sekimoto et al 2017; extraction frequency unknown",n/a,n/a,n/a,,#VALUE!,aromatic,7,0,0,1,1,0,1,0,0,0,0,0,0,0,0,0,0,0,1,0,C1=CC=C(C(=C1)C=O)O
123.080,C8H10OH+,1-phenylethanol,98-85-1,105.070,100.0,,,,,,,,,,,,,SIFT-MS,1.00,0,,"Wang, IJMS 239, 139, 2004",doi.org/10.1016/j.ijms.2004.07.022,100 Pa He. Calculated rate coefficient,n/a,1.50,n/a,2.90E-09,#VALUE!,alcohol,8,0,0,1,1,0,0,0,0,0,0,0,0,0,0,0,0,0,1,0,CC(C1=CC=CC=C1)O
123.080,C8H10OH+,2-phenylethanol,60-12-8,105.070,100.0,,,,,,,,,,,,,SIFT-MS,1.00,0,,"Wang, IJMS 239, 139, 2004",doi.org/10.1016/j.ijms.2004.07.022,100 Pa He. Calculated rate coefficient,n/a,1.50,n/a,2.90E-09,#VALUE!,alcohol,8,0,0,1,1,0,0,0,0,0,0,0,0,0,0,0,0,0,1,0,C1=CC=C(C=C1)CCO
123.080,C8H10OH+,4-ethylphenol,123-07-9,123.080,100.0,,,,,,,,,,,,,SIFT-MS,1.00,0,,"Wang, IJMS 239, 139, 2004",doi.org/10.1016/j.ijms.2004.07.022,100 Pa He. Calculated rate coefficient,n/a,1.50,n/a,2.80E-09,#VALUE!,alcohol,8,0,0,1,1,0,0,0,0,0,0,0,0,0,0,0,0,0,1,0,CCC1=CC=C(C=C1)O
123.080,C8H10OH+,methyl anisol,NA,123.080,,,,,,,,,,,,,,PTR-TOF,2.40,120,,"Koss, ACP 18, 3299, 2018",doi.org/10.5194/acp-18-3299-2018,"NOAA PTR-ToF; some sensitivities calibrated, some calculated Sekimoto et al 2017; extraction frequency unknown",n/a,n/a,n/a,,#VALUE!,aromatic,8,0,0,1,0,0,0,0,0,0,1,0,0,0,0,0,0,0,1,0,NA
124.039,C6H5NO2H+,nitrobenzene,98-95-3,124.039,,,,,,,,,,,,,,PTR-TOF,2.40,120,59.2,"Koss, ACP 18, 3299, 2018",doi.org/10.5194/acp-18-3299-2018,"NOAA PTR-ToF; some sensitivities calibrated, some calculated Sekimoto et al 2017; extraction frequency unknown",1.38E-23,4.22,800.3,,4.36E-09,aromatic,6,0,0,1,0,0,0,0,0,0,0,0,0,0,0,0,0,1,1,0,C1=CC=C(C=C1)[N+](=O)[O-]
125.023,C6H4O3H+,hydroxy benzoquinone,NA,125.023,,,,,,,,,,,,,,PTR-TOF,2.40,120,79.23,"Koss, ACP 18, 3299, 2018",doi.org/10.5194/acp-18-3299-2018,"NOAA PTR-ToF; some sensitivities calibrated, some calculated Sekimoto et al 2017; extraction frequency unknown",n/a,n/a,n/a,,#VALUE!,aromatic,6,0,0,1,1,2,0,0,0,0,0,0,0,0,0,0,0,0,1,0,C1=CC(=O)C(=CC1=O)O
125.060,C7H8O2H+,guaiacol (=2-methoxyphenol),90-05-1,125.060,,,,,,,,,,,,,,PTR-TOF,2.40,120,56.7,"Koss, ACP 18, 3299, 2018",doi.org/10.5194/acp-18-3299-2018,"NOAA PTR-ToF; some sensitivities calibrated, some calculated Sekimoto et al 2017; extraction frequency unknown",n/a,n/a,n/a,,#VALUE!,aromatic,7,0,0,1,1,0,0,0,0,0,1,0,0,0,0,0,0,0,1,0,COC1=CC=CC=C1O
125.132,C9H16H+,"3,3,5-trimethylcyclohexene",503-45-7,125.132,97.0,69.070,3.0,,,,,,,,,,,PTR-MS,2.06,80,,"Gueneron, IJMS 379, 97, 2015",doi.org/10.1016/j.ijms.2015.01.001,"Ionicon qPTRMS, drift tube T=65C, dried to dewpoint of -30C",n/a,n/a,n/a,,#VALUE!,cycloalkene,9,1,0,1,0,0,0,0,0,0,0,0,0,0,0,0,0,0,0,0,CC1CC=CC(C1)(C)C
125.132,C9H16H+,"3,3,5-trimethylcyclohexene",503-45-7,125.132,22.0,83.086,14.0,69.070,48.0,57.070,16.0,,,,,,,PTR-MS,2.06,120,,"Gueneron, IJMS 379, 97, 2015",doi.org/10.1016/j.ijms.2015.01.001,"Ionicon qPTRMS, drift tube T=65C, dried to dewpoint of -30C",n/a,n/a,n/a,,#VALUE!,cycloalkene,9,1,0,1,0,0,0,0,0,0,0,0,0,0,0,0,0,0,0,0,CC1CC=CC(C1)(C)C
126.970,C2H6S3H+,dimethyl trisulfide,3658-80-8,126.970,,,,,,,,,,,,,,PTR-TOF,2.40,120,76,"Koss, ACP 18, 3299, 2018",doi.org/10.5194/acp-18-3299-2018,"NOAA PTR-ToF; some sensitivities calibrated, some calculated Sekimoto et al 2017; extraction frequency unknown",n/a,n/a,n/a,,#VALUE!,sulfide,2,0,0,0,0,0,0,0,0,0,0,0,0,0,0,3,0,0,0,0,CSSSC
127.031,C7H7ClH+,2-chlorotoluene,95-49-8,127.031,100.0,,,,,,,,,,,,,SIFT-MS,0.67,0,,"Spanel, IJMS 189, 213, 1999",doi.org/10.1016/S1387-3806(99)00103-7,0.5 Torr He. Calculated rate coefficient,n/a,1.56,790.5,2.80E-09,#VALUE!,halocarbon,7,0,0,1,0,0,0,0,0,0,0,0,0,0,1,0,0,0,1,0,CC1=CC=CC=C1Cl
127.031,C7H7ClH+,4-chlorotoluene,106-43-4,127.031,100.0,,,,,,,,,,,,,SIFT-MS,0.67,0,,"Spanel, IJMS 189, 213, 1999",doi.org/10.1016/S1387-3806(99)00103-7,0.5 Torr He. Calculated rate coefficient,1.37E-23,2.21,762.9,3.40E-09,2.80E-09,halocarbon,7,0,0,1,0,0,0,0,0,0,0,0,0,0,1,0,0,0,1,0,CC1=CC=C(C=C1)Cl
127.031,C7H7ClH+,benzylchloride,100-44-7,91.054,100.0,,,,,,,,,,,,,SIFT-MS,0.67,0,,"Spanel, IJMS 189, 213, 1999",doi.org/10.1016/S1387-3806(99)00103-7,0.5 Torr He. Calculated rate coefficient,n/a,2.00,n/a,3.20E-09,#VALUE!,halocarbon,7,0,0,1,0,0,0,0,0,0,0,0,0,0,1,0,0,0,1,0,C1=CC=C(C=C1)CCl
127.039,C6H6O3H+,5-(hydroxymethyl)-2-furfural,67-47-0,127.039,,,,,,,,,,,,,,PTR-TOF,2.40,120,79.3,"Koss, ACP 18, 3299, 2018",doi.org/10.5194/acp-18-3299-2018,"NOAA PTR-ToF; some sensitivities calibrated, some calculated Sekimoto et al 2017; extraction frequency unknown",n/a,n/a,n/a,,#VALUE!,furan,6,0,0,1,1,0,1,0,0,0,0,0,0,0,0,0,0,0,1,0,C1=C(OC(=C1)C=O)CO
127.112,C8H14OH+,trans-2-octenal,2548-87-0,127.112,100.0,,,,,,,,,,,,,SIFT-MS,0.93,0,,"Spanel, IJMS 213, 163, 2002",doi.org/10.1016/S1387-3806(01)00531-0,0.7 Torr He. Calculated rate coefficient,n/a,3.50,n/a,4.80E-09,#VALUE!,alkenal,8,1,0,0,0,0,1,0,0,0,0,0,0,0,0,0,0,0,0,0,CCCCC/C=C/C=O
127.148,C9H18H+,1-nonene,124-11-8,127.148,30.0,85.101,20.0,71.086,30.0,57.070,20.0,,,,,,,SIFT-MS,0.93,0,,"Diskin, IJMS 218, 87, 2002",doi.org/10.1016/S1387-3806(02)00662-0,0.7 Torr He. Calculated rate coefficient,n/a,0.40,n/a,2.50E-09,#VALUE!,alkene,9,1,0,0,0,0,0,0,0,0,0,0,0,0,0,0,0,0,0,0,CCCCCCCC=C
127.148,C9H18H+,trans-2-nonene,6434-78-2,127.148,40.0,85.101,15.0,71.086,25.0,57.070,20.0,,,,,,,SIFT-MS,0.93,0,,"Diskin, IJMS 218, 87, 2002",doi.org/10.1016/S1387-3806(02)00662-0,0.7 Torr He. Calculated rate coefficient,n/a,0.08,n/a,2.40E-09,#VALUE!,alkene,9,1,0,0,0,0,0,0,0,0,0,0,0,0,0,0,0,0,0,0,CCCCCC/C=C/C
127.148,C9H18H+,"1,1,3-trimethylcyclohexane",3073-66-3,125.132,76.0,111.117,6.0,85.101,5.0,71.086,9.0,55.054,3.0,,,,,PTR-MS,2.06,80,1.7,"Gueneron, IJMS 379, 97, 2015",doi.org/10.1016/j.ijms.2015.01.001,"Ionicon qPTRMS, drift tube T=65C, dried to dewpoint of -30C",n/a,n/a,n/a,,#VALUE!,cycloalkane,9,0,0,1,0,0,0,0,0,0,0,0,0,0,0,0,0,0,0,1,CC1CCCC(C1)(C)C
127.148,C9H18H+,"1,1,3-trimethylcyclohexane",3073-66-3,125.132,19.0,83.086,10.0,69.070,36.0,57.070,19.0,43.054,10.0,41.039,5.0,,,PTR-MS,2.06,120,1.4,"Gueneron, IJMS 379, 97, 2015",doi.org/10.1016/j.ijms.2015.01.001,"Ionicon qPTRMS, drift tube T=65C, dried to dewpoint of -30C",n/a,n/a,n/a,,#VALUE!,cycloalkane,9,0,0,1,0,0,0,0,0,0,0,0,0,0,0,0,0,0,0,1,CC1CCCC(C1)(C)C
127.148,C9H18H+,"1,3,5-trimethylcyclohexane",1839-63-0,127.148,3.0,125.132,94.0,71.086,3.0,,,,,,,,,PTR-MS,2.06,80,3.4,"Gueneron, IJMS 379, 97, 2015",doi.org/10.1016/j.ijms.2015.01.001,"Ionicon qPTRMS, drift tube T=65C, dried to dewpoint of -30C",n/a,n/a,n/a,,#VALUE!,cycloalkane,9,0,0,1,0,0,0,0,0,0,0,0,0,0,0,0,0,0,0,1,CC1CC(CC(C1)C)C
127.148,C9H18H+,"1,3,5-trimethylcyclohexane",1839-63-0,125.132,23.0,83.086,10.0,69.070,40.0,57.070,19.0,43.054,4.0,41.039,4.0,,,PTR-MS,2.06,120,2.2,"Gueneron, IJMS 379, 97, 2015",doi.org/10.1016/j.ijms.2015.01.001,"Ionicon qPTRMS, drift tube T=65C, dried to dewpoint of -30C",n/a,n/a,n/a,,#VALUE!,cycloalkane,9,0,0,1,0,0,0,0,0,0,0,0,0,0,0,0,0,0,0,1,CC1CC(CC(C1)C)C
129.055,C6H8O3H+,methyl hydroxy dihydrofurfural,NA,129.055,,,,,,,,,,,,,,PTR-TOF,2.40,120,,"Koss, ACP 18, 3299, 2018",doi.org/10.5194/acp-18-3299-2018,"NOAA PTR-ToF; some sensitivities calibrated, some calculated Sekimoto et al 2017; extraction frequency unknown",n/a,n/a,n/a,,#VALUE!,aldehyde,6,1,0,1,1,0,1,0,0,0,0,0,0,0,0,0,0,0,0,0,NA
129.055,C6H8O3H+,"2,5-di(hydroxymethyl)furan",1883-75-6,129.055,,,,,,,,,,,,,,PTR-TOF,2.40,120,79.37,"Koss, ACP 18, 3299, 2018",doi.org/10.5194/acp-18-3299-2018,"NOAA PTR-ToF; some sensitivities calibrated, some calculated Sekimoto et al 2017; extraction frequency unknown",n/a,n/a,n/a,,#VALUE!,furan,6,0,0,1,2,0,0,0,0,0,0,0,0,0,0,0,0,0,1,0,C1=C(OC(=C1)CO)CO
129.070,C10H8H+,naphthalene,91-20-3,129.070,,,,,,,,,,,,,,PTR-MS,2.20,136,3.6,"Kajos, AMT 8, 4453, 2015",doi.org/10.5194/amt-8-4453-2015,"Ionicon q-PTRMS, automated calibration sensitivity",1.70E-23,n/a,802.9,,#VALUE!,aromatic,10,0,0,2,0,0,0,0,0,0,0,0,0,0,0,0,0,0,1,0,C1=CC=C2C=CC=CC2=C1
129.070,C10H8H+,naphthalene,91-20-3,129.070,,,,,,,,,,,,,,PTR-MS,2.00,120,16,"Kajos, AMT 8, 4453, 2015",doi.org/10.5194/amt-8-4453-2015,"Ionicon q-PTRMS, automated calibration sensitivity",1.70E-23,n/a,802.9,,#VALUE!,aromatic,10,0,0,2,0,0,0,0,0,0,0,0,0,0,0,0,0,0,1,0,C1=CC=C2C=CC=CC2=C1
129.070,C10H8H+,naphthalene,91-20-3,129.070,,,,,,,,,,,,,,PTR-TOF,2.40,120,64,"Koss, ACP 18, 3299, 2018",doi.org/10.5194/acp-18-3299-2018,"NOAA PTR-ToF; some sensitivities calibrated, some calculated Sekimoto et al 2017; extraction frequency unknown",1.70E-23,n/a,802.9,,#VALUE!,aromatic,10,0,0,2,0,0,0,0,0,0,0,0,0,0,0,0,0,0,1,0,C1=CC=C2C=CC=CC2=C1
129.070,C10H8H+,naphthalene,91-20-3,129.070,,,,,,,,,,,,,,PTR-MS,2.40,130,25,"Warneke, IJMS 303, 6, 2011",doi.org/10.1016/j.ijms.2010.12.002,"NOAA q-PTRMS, sensitivities taken from Figure 1A with IGORThief, pressure and E/N assumed",1.70E-23,n/a,802.9,,#VALUE!,aromatic,10,0,0,2,0,0,0,0,0,0,0,0,0,0,0,0,0,0,1,0,C1=CC=C2C=CC=CC2=C1
129.070,C10H8H+,naphthalene,91-20-3,129.070,100.0,,,,,,,,,,,,,PTR-MS,2.06,80,,"Gueneron, IJMS 379, 97, 2015",doi.org/10.1016/j.ijms.2015.01.001,"Ionicon qPTRMS, drift tube T=65C, dried to dewpoint of -30C",1.70E-23,n/a,802.9,,#VALUE!,aromatic,10,0,0,2,0,0,0,0,0,0,0,0,0,0,0,0,0,0,1,0,C1=CC=C2C=CC=CC2=C1
129.070,C10H8H+,naphthalene,91-20-3,129.070,100.0,,,,,,,,,,,,,PTR-MS,2.06,120,,"Gueneron, IJMS 379, 97, 2015",doi.org/10.1016/j.ijms.2015.01.001,"Ionicon qPTRMS, drift tube T=65C, dried to dewpoint of -30C",1.70E-23,n/a,802.9,,#VALUE!,aromatic,10,0,0,2,0,0,0,0,0,0,0,0,0,0,0,0,0,0,1,0,C1=CC=C2C=CC=CC2=C1
129.127,C8H16OH+,octanal,124-13-0,129.127,11.0,111.117,40.0,69.070,42.0,55.054,3.0,41.039,4.0,,,,,PTR-MS,,,,"Buhr IJMS 221, 1, 2002",doi.org/10.1016/S1387-3806(02)00896-5,"Ionicon qPTRMS, drift tube V=600V, no pressure given",1.548E-23*,2.50,n/a,,#VALUE!,aldehyde,8,0,0,0,0,0,1,0,0,0,0,0,0,0,0,0,0,0,0,0,CCCCCCCC=O
129.127,C8H16OH+,octanal,124-13-0,129.127,85.0,111.117,15.0,,,,,,,,,,,SIFT-MS,0.93,0,,"Spanel, IJMS 213, 163, 2002",doi.org/10.1016/S1387-3806(01)00531-0,0.7 Torr He. Calculated rate coefficient,1.548E-23*,2.50,n/a,3.80E-09,#VALUE!,aldehyde,8,0,0,0,0,0,1,0,0,0,0,0,0,0,0,0,0,0,0,0,CCCCCCCC=O
129.127,C8H16OH+,octanal,124-13-0,129.127,68.0,111.117,32.0,,,,,,,,,,,PTR-QMS,2.4,106,,"Warneke, ES&T 37, 2494, 2003",doi.org/10.1021/es026266i,,1.548E-23*,2.50,n/a,,#VALUE!,aldehyde,8,0,0,0,0,0,1,0,0,0,0,0,0,0,0,0,0,0,0,0,CCCCCCCC=O
129.127,C8H16OH+,1-octen-3-ol,3391-86-4,129.127,6.0,111.117,42.0,69.070,45.0,57.070,3.0,41.039,4.0,,,,,PTR-MS,,,,"Buhr IJMS 221, 1, 2002",doi.org/10.1016/S1387-3806(02)00896-5,"Ionicon qPTRMS, drift tube V=600V, no pressure given",n/a,n/a,n/a,,#VALUE!,alkenol,8,1,0,0,1,0,0,0,0,0,0,0,0,0,0,0,0,0,0,0,CCCCCC(C=C)O
129.127,C8H16OH+,2-octanone,111-13-7,129.127,100.0,,,,,,,,,,,,,PTR-MS,,,,"Buhr IJMS 221, 1, 2002",doi.org/10.1016/S1387-3806(02)00896-5,"Ionicon qPTRMS, drift tube V=600V, no pressure given",n/a,2.70,n/a,,#VALUE!,ketone,8,0,0,0,0,1,0,0,0,0,0,0,0,0,0,0,0,0,0,0,CCCCCCC(=O)C
129.127,C8H16OH+,3-octanone,106-68-3,129.127,100.0,,,,,,,,,,,,,PTR-MS,,,,"Buhr IJMS 221, 1, 2002",doi.org/10.1016/S1387-3806(02)00896-5,"Ionicon qPTRMS, drift tube V=600V, no pressure given",n/a,n/a,n/a,,#VALUE!,ketone,8,0,0,0,0,1,0,0,0,0,0,0,0,0,0,0,0,0,0,0,CCCCCC(=O)CC
129.127,C8H16OH+,2-octanone,111-13-7,129.127,100.0,,,,,,,,,,,,,SIFT-MS,0.93,0,,"Smith, RCMS 17, 2655, 2003",doi.org/10.1002/rcm.1244,0.7 Torr He. Calculated rate coefficient,n/a,2.70,n/a,4.10E-09,#VALUE!,ketone,8,0,0,0,0,1,0,0,0,0,0,0,0,0,0,0,0,0,0,0,CCCCCCC(=O)C
129.164,C9H20H+,"2,2-dimethylheptane",1071-26-7,127.148,21.0,85.101,24.0,71.086,41.0,57.070,14.0,,,,,,,PTR-MS,2.06,80,,"Gueneron, IJMS 379, 97, 2015",doi.org/10.1016/j.ijms.2015.01.001,"Ionicon qPTRMS, drift tube T=65C, dried to dewpoint of -30C",n/a,n/a,n/a,,#VALUE!,alkane,6,0,0,0,0,0,0,0,0,0,0,0,0,0,0,0,0,0,0,1,CCCCCC(C)(C)C
129.164,C9H20H+,"2,2-dimethylheptane",1071-26-7,85.101,8.0,71.086,21.0,57.070,27.0,43.054,40.0,41.039,11.0,,,,,PTR-MS,2.06,120,,"Gueneron, IJMS 379, 97, 2015",doi.org/10.1016/j.ijms.2015.01.001,"Ionicon qPTRMS, drift tube T=65C, dried to dewpoint of -30C",n/a,n/a,n/a,,#VALUE!,alkane,6,0,0,0,0,0,0,0,0,0,0,0,0,0,0,0,0,0,0,1,CCCCCC(C)(C)C
129.164,C9H20H+,3-methyloctane,2216-33-3,127.148,34.0,85.101,15.0,71.086,29.0,57.070,22.0,,,,,,,PTR-MS,2.06,80,,"Gueneron, IJMS 379, 97, 2015",doi.org/10.1016/j.ijms.2015.01.001,"Ionicon qPTRMS, drift tube T=65C, dried to dewpoint of -30C",n/a,n/a,n/a,,#VALUE!,alkane,6,0,0,0,0,0,0,0,0,0,0,0,0,0,0,0,0,0,0,1,CCCCCC(C)CC
129.164,C9H20H+,3-methyloctane,2216-33-3,85.101,6.0,71.086,19.0,57.070,31.0,43.054,34.0,41.039,10.0,,,,,PTR-MS,2.06,120,,"Gueneron, IJMS 379, 97, 2015",doi.org/10.1016/j.ijms.2015.01.001,"Ionicon qPTRMS, drift tube T=65C, dried to dewpoint of -30C",n/a,n/a,n/a,,#VALUE!,alkane,6,0,0,0,0,0,0,0,0,0,0,0,0,0,0,0,0,0,0,1,CCCCCC(C)CC
131.086,C10H10H+,dihydronaphthalene,447-53-0,131.086,,,,,,,,,,,,,,PTR-TOF,2.40,120,66.54,"Koss, ACP 18, 3299, 2018",doi.org/10.5194/acp-18-3299-2018,"NOAA PTR-ToF; some sensitivities calibrated, some calculated Sekimoto et al 2017; extraction frequency unknown",n/a,n/a,n/a,,#VALUE!,aromatic,10,0,0,2,0,0,0,0,0,0,0,0,0,0,0,0,0,0,1,0,C1CC2=CC=CC=C2C=C1
131.107,C7H14O2H+,butyl propanoate,590-01-2,131.107,12.0,75.044,67.0,57.070,21.0,,,,,,,,,PTR-MS,2.03,120,,"Aprea, IJMS 262, 114, 2007",doi.org/10.1016/j.ijms.2006.10.016,"Ionicon qPTRMS, drift tube T=50C",n/a,n/a,n/a,,#VALUE!,ester,7,0,0,0,0,0,0,1,0,0,0,0,0,0,0,0,0,0,0,0,CCCCOC(=O)CC
131.107,C7H14O2H+,ethyl 2-methylbutanoate,7452-79-1,131.107,97.0,103.075,3.0,,,,,,,,,,,PTR-MS,2.03,120,,"Aprea, IJMS 262, 114, 2007",doi.org/10.1016/j.ijms.2006.10.016,"Ionicon qPTRMS, drift tube T=50C",n/a,n/a,n/a,,#VALUE!,ester,7,0,0,0,0,0,0,1,0,0,0,0,0,0,0,0,0,0,0,0,CCC(C)C(=O)OCC
131.107,C7H14O2H+,ethyl isovalerate,108-64-5,131.107,98.0,103.075,2.0,,,,,,,,,,,PTR-MS,2.03,120,,"Aprea, IJMS 262, 114, 2007",doi.org/10.1016/j.ijms.2006.10.016,"Ionicon qPTRMS, drift tube T=50C",n/a,n/a,n/a,,#VALUE!,ester,7,0,0,0,0,0,0,1,0,0,0,0,0,0,0,0,0,0,0,0,CCOC(=O)CC(C)C
131.107,C7H14O2H+,methyl hexanoate,106-70-7,131.107,88.0,99.080,6.0,71.086,3.0,57.070,3.0,,,,,,,PTR-MS,2.03,105,,"Aprea, IJMS 262, 114, 2007",doi.org/10.1016/j.ijms.2006.10.016,"Ionicon qPTRMS, drift tube T=50C",n/a,n/a,n/a,,#VALUE!,ester,7,0,0,0,0,0,0,1,0,0,0,0,0,0,0,0,0,0,0,0,CCCCCC(=O)OC
131.107,C7H14O2H+,methyl hexanoate,106-70-7,131.107,89.0,99.080,3.0,71.086,3.0,57.070,2.0,43.054,3.0,,,,,PTR-MS,2.03,120,,"Aprea, IJMS 262, 114, 2007",doi.org/10.1016/j.ijms.2006.10.016,"Ionicon qPTRMS, drift tube T=50C",n/a,n/a,n/a,,#VALUE!,ester,7,0,0,0,0,0,0,1,0,0,0,0,0,0,0,0,0,0,0,0,CCCCCC(=O)OC
131.107,C7H14O2H+,methyl hexanoate,106-70-7,131.107,94.0,99.080,1.0,71.086,1.0,57.070,1.0,43.054,3.0,,,,,PTR-MS,2.03,140,,"Aprea, IJMS 262, 114, 2007",doi.org/10.1016/j.ijms.2006.10.016,"Ionicon qPTRMS, drift tube T=50C",n/a,n/a,n/a,,#VALUE!,ester,7,0,0,0,0,0,0,1,0,0,0,0,0,0,0,0,0,0,0,0,CCCCCC(=O)OC
131.107,C7H14O2H+,ethyl pentanoate,539-82-2,131.107,81.0,103.075,9.0,57.070,10.0,,,,,,,,,PTR-MS,,,,"Buhr IJMS 221, 1, 2002",doi.org/10.1016/S1387-3806(02)00896-5,"Ionicon qPTRMS, drift tube V=600V, no pressure given",n/a,n/a,n/a,,#VALUE!,ester,7,0,0,0,0,0,0,1,0,0,0,0,0,0,0,0,0,0,0,0,CCCCC(=O)OCC
131.107,C7H14O2H+,propyl butyrate,105-66-8,131.107,6.0,89.060,65.0,71.049,6.0,43.054,23.0,,,,,,,PTR-MS,,,,"Buhr IJMS 221, 1, 2002",doi.org/10.1016/S1387-3806(02)00896-5,"Ionicon qPTRMS, drift tube V=600V, no pressure given",n/a,n/a,n/a,,#VALUE!,ester,7,0,0,0,0,0,0,1,0,0,0,0,0,0,0,0,0,0,0,0,CCCC(=O)OCCC
131.143,C8H18OH+,1-octanol,111-87-5,71.086,21.0,57.070,44.0,43.054,26.0,41.039,9.0,,,,,,,PTR-MS,,,,"Buhr IJMS 221, 1, 2002",doi.org/10.1016/S1387-3806(02)00896-5,"Ionicon qPTRMS, drift tube V=600V, no pressure given",n/a,1.76,n/a,,#VALUE!,alcohol,8,0,0,0,1,0,0,0,0,0,0,0,0,0,0,0,0,0,0,0,CCCCCCCCO
131.143,C8H18OH+,2-octanol,123-96-6,129.127,12.0,113.132,2.0,71.086,18.0,57.070,38.0,43.054,22.0,41.039,8.0,,,PTR-MS,,,,"Buhr IJMS 221, 1, 2002",doi.org/10.1016/S1387-3806(02)00896-5,"Ionicon qPTRMS, drift tube V=600V, no pressure given",n/a,1.71,n/a,,#VALUE!,alcohol,8,0,0,0,1,0,0,0,0,0,0,0,0,0,0,0,0,0,0,0,CCCCCCC(C)O
131.143,C8H18OH+,3-octanol,589-98-0,129.127,10.0,113.132,2.0,71.086,19.0,57.070,39.0,43.054,23.0,41.039,7.0,,,PTR-MS,,,,"Buhr IJMS 221, 1, 2002",doi.org/10.1016/S1387-3806(02)00896-5,"Ionicon qPTRMS, drift tube V=600V, no pressure given",n/a,n/a,n/a,,#VALUE!,alcohol,8,0,0,0,1,0,0,0,0,0,0,0,0,0,0,0,0,0,0,0,CCCCCC(CC)O
131.143,C8H18OH+,1-octanol,111-87-5,113.132,40.0,71.086,35.0,57.070,25.0,,,,,,,,,SIFT-MS,0.67,0,,"Spanel, IJMS 167/168, 375, 1997",doi.org/10.1016/S0168-1176(97)00085-2,0.5 Torr He. Calculated rate coefficient,n/a,1.76,n/a,3.10E-09,#VALUE!,alcohol,8,0,0,0,1,0,0,0,0,0,0,0,0,0,0,0,0,0,0,0,CCCCCCCCO
131.143,C8H18OH+,2-octanol,123-96-6,113.132,75.0,71.086,15.0,57.070,10.0,,,,,,,,,SIFT-MS,0.67,0,,"Spanel, IJMS 167/168, 375, 1997",doi.org/10.1016/S0168-1176(97)00085-2,0.5 Torr He. Calculated rate coefficient,n/a,1.71,n/a,3.10E-09,#VALUE!,alcohol,8,0,0,0,1,0,0,0,0,0,0,0,0,0,0,0,0,0,0,0,CCCCCCC(C)O
132.081,C9H9NH+,methyl benzeneacetonitrile,NA,132.081,,,,,,,,,,,,,,PTR-TOF,2.40,120,117.24,"Koss, ACP 18, 3299, 2018",doi.org/10.5194/acp-18-3299-2018,"NOAA PTR-ToF; some sensitivities calibrated, some calculated Sekimoto et al 2017; extraction frequency unknown",n/a,n/a,n/a,,#VALUE!,aromatic,9,0,0,1,0,0,0,0,0,0,0,0,0,1,0,0,0,0,1,0,NA
132.081,C9H9NH+,3-methylindole,83-34-1,132.081,100.0,,,,,,,,,,,,,SIFT-MS,1,0,,"Wang, IJMS 237, 167, 2004",doi.org/10.1016/j.ijms.2004.07.009,100 Pa He. Calculated rate coefficient,n/a,2.00,n/a,3.30E-09,#VALUE!,N-heterocycle,9,0,0,2,0,0,0,0,0,0,0,1,0,0,0,0,0,0,1,0,CC1=CNC2=CC=CC=C12
133.065,C9H8OH+,methyl benzofuran,4265-25-2,133.065,,,,,,,,,,,,,,PTR-TOF,2.40,120,64.2,"Koss, ACP 18, 3299, 2018",doi.org/10.5194/acp-18-3299-2018,"NOAA PTR-ToF; some sensitivities calibrated, some calculated Sekimoto et al 2017; extraction frequency unknown",n/a,n/a,859.6,,#VALUE!,furan,9,0,0,2,0,0,0,0,0,0,1,0,0,0,0,0,0,0,1,0,CC1=CC2=CC=CC=C2O1
133.101,C10H12H+,"1,2,3,4-tetrahydronaphthalene",119-64-2,133.101,100.0,,,,,,,,,,,,,PTR-MS,2.06,80,,"Gueneron, IJMS 379, 97, 2015",doi.org/10.1016/j.ijms.2015.01.001,"Ionicon qPTRMS, drift tube T=65C, dried to dewpoint of -30C",n/a,n/a,809.7,,#VALUE!,aromatic,10,0,0,2,0,0,0,0,0,0,0,0,0,0,0,0,0,0,1,0,C1CCC2=CC=CC=C2C1
133.101,C10H12H+,"1,2,3,4-tetrahydronaphthalene",119-64-2,133.101,100.0,,,,,,,,,,,,,PTR-MS,2.06,120,,"Gueneron, IJMS 379, 97, 2015",doi.org/10.1016/j.ijms.2015.01.001,"Ionicon qPTRMS, drift tube T=65C, dried to dewpoint of -30C",n/a,n/a,809.7,,#VALUE!,aromatic,10,0,0,2,0,0,0,0,0,0,0,0,0,0,0,0,0,0,1,0,C1CCC2=CC=CC=C2C1
133.101,C10H12H+,ethyl styrene,NA,133.101,,,,,,,,,,,,,,PTR-TOF,2.40,120,,"Koss, ACP 18, 3299, 2018",doi.org/10.5194/acp-18-3299-2018,"NOAA PTR-ToF; some sensitivities calibrated, some calculated Sekimoto et al 2017; extraction frequency unknown",n/a,n/a,n/a,,#VALUE!,aromatic,10,1,0,0,0,0,0,0,0,0,0,0,0,0,0,0,0,0,1,0,CCC=CC1=CC=CC=C1
133.101,C10H12H+,methyl propenyl benzene,NA,133.101,,,,,,,,,,,,,,PTR-TOF,2.40,120,66.99,"Koss, ACP 18, 3299, 2018",doi.org/10.5194/acp-18-3299-2018,"NOAA PTR-ToF; some sensitivities calibrated, some calculated Sekimoto et al 2017; extraction frequency unknown",n/a,n/a,n/a,,#VALUE!,aromatic,10,1,0,1,0,0,0,0,0,0,0,0,0,0,0,0,0,0,1,0,NA
135.080,C9H10OH+,3-methylacetophenone,585-74-0,135.080,,,,,,,,,,,,,,PTR-TOF,2.40,120,92.33,"Koss, ACP 18, 3299, 2018",doi.org/10.5194/acp-18-3299-2018,"NOAA PTR-ToF; some sensitivities calibrated, some calculated Sekimoto et al 2017; extraction frequency unknown",n/a,n/a,868.2,,#VALUE!,aromatic,9,0,0,1,0,1,0,0,0,0,0,0,0,0,0,0,0,0,1,0,CC1=CC=CC(=C1)C(=O)C
135.117,C10H14H+,"1,2-diethyl benzene",135-01-3,135.117,100.0,,,,,,,,,,,,,PTR-QMS,2.4,106,,"Warneke, ES&T 37, 2494, 2003",doi.org/10.1021/es026266i,,n/a,n/a,n/a,,#VALUE!,aromatic,10,0,0,1,0,0,0,0,0,0,0,0,0,0,0,0,0,0,1,0,CCC1=CC=CC=C1CC
135.117,C10H14H+,"1,2,4,5-tetramethylbenzene",95-93-2,135.117,100.0,,,,,,,,,,,,,PTR-QMS,2.4,106,,"Warneke, ES&T 37, 2494, 2003",doi.org/10.1021/es026266i,,n/a,n/a,n/a,,#VALUE!,aromatic,10,0,0,1,0,0,0,0,0,0,0,0,0,0,0,0,0,0,1,0,CC1=CC(=C(C=C1C)C)C
135.117,C10H14H+,"1,3-diethylbenzene",141-93-5,135.117,100.0,,,,,,,,,,,,,PTR-QMS,2.4,106,,"Warneke, ES&T 37, 2494, 2003",doi.org/10.1021/es026266i,,n/a,n/a,n/a,,#VALUE!,aromatic,10,0,0,1,0,0,0,0,0,0,0,0,0,0,0,0,0,0,1,0,CCC1=CC(=CC=C1)CC
135.117,C10H14H+,"1,4-diethylbenzene",105-05-5,135.117,100.0,,,,,,,,,,,,,PTR-QMS,2.4,106,,"Warneke, ES&T 37, 2494, 2003",doi.org/10.1021/es026266i,,n/a,n/a,n/a,,#VALUE!,aromatic,10,0,0,1,0,0,0,0,0,0,0,0,0,0,0,0,0,0,1,0,CCC1=CC=C(C=C1)CC
135.117,C10H14H+,n-butyl benzene,104-51-8,135.117,95.0,79.054,5.0,,,,,,,,,,,PTR-QMS,2.4,106,,"Warneke, ES&T 37, 2494, 2003",doi.org/10.1021/es026266i,,n/a,n/a,791.9,,#VALUE!,aromatic,10,0,0,1,0,0,0,0,0,0,0,0,0,0,0,0,0,0,1,0,CCCCC1=CC=CC=C1
135.117,C10H14H+,sec-butyl benzene,135-98-8,135.117,100.0,,,,,,,,,,,,,PTR-QMS,2.4,106,,"Warneke, ES&T 37, 2494, 2003",doi.org/10.1021/es026266i,,n/a,n/a,n/a,,#VALUE!,aromatic,10,0,0,1,0,0,0,0,0,0,0,0,0,0,0,0,0,0,1,0,CCC(C)C1=CC=CC=C1
135.117,C10H14H+,tert-butylbenzene,98-06-6,135.117,50.0,79.054,50.0,,,,,,,,,,,PTR-QMS,2.4,106,,"Warneke, ES&T 37, 2494, 2003",doi.org/10.1021/es026266i,,1.75E-23,0.83,n/a,,2.45E-09,aromatic,10,0,0,1,0,0,0,0,0,0,0,0,0,0,0,0,0,0,1,0,CC(C)(C)C1=CC=CC=C1
135.117,C10H14H+,"1,4-diethylbenzene",105-05-5,135.117,100.0,,,,,,,,,,,,,PTR-MS,2.06,80,,"Gueneron, IJMS 379, 97, 2015",doi.org/10.1016/j.ijms.2015.01.001,"Ionicon qPTRMS, drift tube T=65C, dried to dewpoint of -30C",n/a,n/a,n/a,,#VALUE!,aromatic,10,0,0,1,0,0,0,0,0,0,0,0,0,0,0,0,0,0,1,0,CCC1=CC=C(C=C1)CC
135.117,C10H14H+,"1,4-diethylbenzene",105-05-5,135.117,96.0,107.086,3.0,79.054,1.0,,,,,,,,,PTR-MS,2.06,120,,"Gueneron, IJMS 379, 97, 2015",doi.org/10.1016/j.ijms.2015.01.001,"Ionicon qPTRMS, drift tube T=65C, dried to dewpoint of -30C",n/a,n/a,n/a,,#VALUE!,aromatic,10,0,0,1,0,0,0,0,0,0,0,0,0,0,0,0,0,0,1,0,CCC1=CC=C(C=C1)CC
135.117,C10H14H+,m-cymene,535-77-3,135.117,97.0,93.070,3.0,,,,,,,,,,,PTR-MS,2.06,80,,"Gueneron, IJMS 379, 97, 2015",doi.org/10.1016/j.ijms.2015.01.001,"Ionicon qPTRMS, drift tube T=65C, dried to dewpoint of -30C",n/a,n/a,n/a,,#VALUE!,aromatic,10,0,0,1,0,0,0,0,0,0,0,0,0,0,0,0,0,0,1,0,CC1=CC(=CC=C1)C(C)C
135.117,C10H14H+,m-cymene,535-77-3,135.117,22.0,93.070,74.0,43.054,4.0,,,,,,,,,PTR-MS,2.06,120,,"Gueneron, IJMS 379, 97, 2015",doi.org/10.1016/j.ijms.2015.01.001,"Ionicon qPTRMS, drift tube T=65C, dried to dewpoint of -30C",n/a,n/a,n/a,,#VALUE!,aromatic,10,0,0,1,0,0,0,0,0,0,0,0,0,0,0,0,0,0,1,0,CC1=CC(=CC=C1)C(C)C
135.117,C10H14H+,sec-butylbenzene,135-98-8,135.117,93.0,79.054,7.0,,,,,,,,,,,PTR-MS,2.06,80,,"Gueneron, IJMS 379, 97, 2015",doi.org/10.1016/j.ijms.2015.01.001,"Ionicon qPTRMS, drift tube T=65C, dried to dewpoint of -30C",n/a,n/a,n/a,,#VALUE!,aromatic,10,0,0,1,0,0,0,0,0,0,0,0,0,0,0,0,0,0,1,0,CCC(C)C1=CC=CC=C1
135.117,C10H14H+,sec-butylbenzene,135-98-8,135.117,11.0,79.054,60.0,41.039,29.0,,,,,,,,,PTR-MS,2.06,120,,"Gueneron, IJMS 379, 97, 2015",doi.org/10.1016/j.ijms.2015.01.001,"Ionicon qPTRMS, drift tube T=65C, dried to dewpoint of -30C",n/a,n/a,n/a,,#VALUE!,aromatic,10,0,0,1,0,0,0,0,0,0,0,0,0,0,0,0,0,0,1,0,CCC(C)C1=CC=CC=C1
136.076,C8H9NOH+,2-aminoacetophenone,613-89-8,136.076,100.0,,,,,,,,,,,,,SIFT-MS,0.93,0,,"Smith, RCMS 17, 2655, 2003",doi.org/10.1002/rcm.1244,0.7 Torr He. Calculated rate coefficient,n/a,1.50,n/a,2.80E-09,#VALUE!,ketone,8,0,0,1,0,1,0,0,0,0,0,1,0,0,0,0,0,0,1,0,C1=CC=C(C=C1)C(=O)CN
136.960,C3H5BrOH+,bromoacetone,598-31-2,136.960,100.0,,,,,,,,,,,,,PTR-QMS,2.4,106,18.9,"Warneke, ES&T 37, 2494, 2003",doi.org/10.1021/es026266i,,n/a,n/a,n/a,,#VALUE!,haloketone,3,0,0,0,0,1,0,0,0,0,0,0,0,0,1,0,0,0,0,0,CC(=O)CBr
137.060,C8H8O2H+,methyl benzoic acid,118-90-1,137.060,,,,,,,,,,,,,,PTR-TOF,2.40,120,67.3,"Koss, ACP 18, 3299, 2018",doi.org/10.5194/acp-18-3299-2018,"NOAA PTR-ToF; some sensitivities calibrated, some calculated Sekimoto et al 2017; extraction frequency unknown",n/a,n/a,838.8,,#VALUE!,aromatic,8,0,0,1,0,0,0,0,1,0,0,0,0,0,0,0,0,0,1,0,CC1=CC=CC=C1C(=O)O
137.060,C8H8O2H+,methyl benzoate,93-58-3,137.060,93.0,105.070,7.0,,,,,,,,,,,SIFT-MS,1.33,0,,"Sovova, IJMS 300, 31, 2011",doi.org/10.1016/j.ijms.2010.11.021,1 Torr He? Calculated rate coefficient,n/a,1.94,850.5,3.30E-09,#VALUE!,ester,8,0,0,1,0,0,0,1,0,0,0,0,0,0,0,0,0,0,1,0,COC(=O)C1=CC=CC=C1
137.060,C8H8O2H+,methyl benzoate,93-58-3,137.060,90.0,105.033,10.0,,,,,,,,,,,SIFT-MS,0.67,0,,"Spanel, IJMSIP 172, 137, 1998",doi.org/10.1016/S0168-1176(97)00246-2,0.5 Torr He. Calculated rate coefficient,n/a,1.94,850.5,3.10E-09,#VALUE!,ester,8,0,0,1,0,0,0,1,0,0,0,0,0,0,0,0,0,0,1,0,COC(=O)C1=CC=CC=C1
137.132,C10H16H+,a-pinene,80-56-8,137.132,50.0,81.070,50.0,,,,,,,,,,,PTR-MS,2.00,130,,"Ammann, IJMS 239, 87, 2004",doi.org/10.1016/j.ijms.2004.08.012,Ionicon q-PTRMS,1.81E-23,0.70,n/a,,2.47E-09,monoterpene,10,1,0,2,0,0,0,0,0,0,0,0,0,0,0,0,0,0,0,0,CC1=CCC2CC1C2(C)C
137.132,C10H16H+,a-pinene,80-56-8,137.132,,,,,,,,,,,,,,PTR-MS,2.20,136,1.2,"Kajos, AMT 8, 4453, 2015",doi.org/10.5194/amt-8-4453-2015,"Ionicon q-PTRMS, automated calibration sensitivity",1.807E-23*,0.70,n/a,,#VALUE!,monoterpene,10,1,0,2,0,0,0,0,0,0,0,0,0,0,0,0,0,0,0,0,CC1=CCC2CC1C2(C)C
137.132,C10H16H+,a-pinene,80-56-8,137.132,,,,,,,,,,,,,,PTR-MS,2.00,120,3.9,"Kajos, AMT 8, 4453, 2015",doi.org/10.5194/amt-8-4453-2015,"Ionicon q-PTRMS, automated calibration sensitivity",1.807E-23*,0.70,n/a,,#VALUE!,monoterpene,10,1,0,2,0,0,0,0,0,0,0,0,0,0,0,0,0,0,0,0,CC1=CCC2CC1C2(C)C
137.132,C10H16H+,a-pinene,80-56-8,137.132,,,,,,,,,,,,,,PTR-TOF,2.30,136,1.8,"Stockwell, ACP 15, 845, 2015",doi.org/10.5194/acp-15-845-2015,Ionicon PTR-TOF 8000; m/z range 10-600; sensitivites taken from Fig. 1A using IGORThief,1.807E-23*,0.70,n/a,,#VALUE!,monoterpene,10,1,0,2,0,0,0,0,0,0,0,0,0,0,0,0,0,0,0,0,CC1=CCC2CC1C2(C)C
137.132,C10H16H+,2-carene,554-61-0,137.132,81.0,81.070,19.0,,,,,,,,,,,SIFT-MS,0.93,0,,"Wang, IJMS 228, 117, 2003",doi.org/10.1016/S1387-3806(03)00271-9,"0.7 Torr He. Calculated rate coefficient, VOCs introduced in dry helium",1.83E-23,0.70,n/a,2.60E-09,2.48E-09,monoterpene,10,1,0,2,0,0,0,0,0,0,0,0,0,0,0,0,0,0,0,0,CC1=CC2C(C2(C)C)CC1
137.132,C10H16H+,3-carene,13466-78-9,137.132,75.0,81.070,25.0,,,,,,,,,,,SIFT-MS,0.93,0,,"Wang, IJMS 228, 117, 2003",doi.org/10.1016/S1387-3806(03)00271-9,"0.7 Torr He. Calculated rate coefficient, VOCs introduced in dry helium",1.811E-23*,0.70,n/a,2.60E-09,#VALUE!,monoterpene,10,1,0,2,0,0,0,0,0,0,0,0,0,0,0,0,0,0,0,0,CC1=CCC2C(C1)C2(C)C
137.132,C10H16H+,a-pinene,80-56-8,137.132,62.0,81.070,38.0,,,,,,,,,,,SIFT-MS,0.93,0,,"Wang, IJMS 228, 117, 2003",doi.org/10.1016/S1387-3806(03)00271-9,"0.7 Torr He. Calculated rate coefficient, VOCs introduced in dry helium",1.807E-23*,0.70,n/a,2.60E-09,#VALUE!,monoterpene,10,1,0,2,0,0,0,0,0,0,0,0,0,0,0,0,0,0,0,0,CC1=CCC2CC1C2(C)C
137.132,C10H16H+,a-terpinene,99-86-5,137.132,86.0,135.117,3.0,81.070,11.0,,,,,,,,,SIFT-MS,0.93,0,,"Wang, IJMS 228, 117, 2003",doi.org/10.1016/S1387-3806(03)00271-9,"0.7 Torr He. Calculated rate coefficient, VOCs introduced in dry helium",n/a,0.70,n/a,2.60E-09,#VALUE!,monoterpene,10,2,0,1,0,0,0,0,0,0,0,0,0,0,0,0,0,0,0,0,CC1=CC=C(CC1)C(C)C
137.132,C10H16H+,b-pinene,127-91-3,137.132,57.0,81.070,43.0,,,,,,,,,,,SIFT-MS,0.93,0,,"Wang, IJMS 228, 117, 2003",doi.org/10.1016/S1387-3806(03)00271-9,"0.7 Torr He. Calculated rate coefficient, VOCs introduced in dry helium",1.803E-23*,0.70,n/a,2.60E-09,#VALUE!,monoterpene,10,1,0,2,0,0,0,0,0,0,0,0,0,0,0,0,0,0,0,0,CC1(C2CCC(=C)C1C2)C
137.132,C10H16H+,camphene,79-92-5,137.132,85.0,81.070,15.0,,,,,,,,,,,SIFT-MS,0.93,0,,"Wang, IJMS 228, 117, 2003",doi.org/10.1016/S1387-3806(03)00271-9,"0.7 Torr He. Calculated rate coefficient, VOCs introduced in dry helium",n/a,0.70,n/a,2.60E-09,#VALUE!,monoterpene,10,1,0,2,0,0,0,0,0,0,0,0,0,0,0,0,0,0,0,0,CC1(C2CCC(C2)C1=C)C
137.132,C10H16H+,myrcene,123-35-3,137.132,57.0,95.086,9.0,81.070,30.0,69.070,3.0,,,,,,,SIFT-MS,0.93,0,,"Wang, IJMS 228, 117, 2003",doi.org/10.1016/S1387-3806(03)00271-9,"0.7 Torr He. Calculated rate coefficient, VOCs introduced in dry helium",n/a,0.70,n/a,2.60E-09,#VALUE!,monoterpene,10,3,0,0,0,0,0,0,0,0,0,0,0,0,0,0,0,0,0,0,CC(=CCCC(=C)C=C)C
137.132,C10H16H+,ocimene,13877-91-3,137.132,62.0,95.086,4.0,81.070,27.0,69.070,3.0,57.070,3.0,,,,,SIFT-MS,0.93,0,,"Wang, IJMS 228, 117, 2003",doi.org/10.1016/S1387-3806(03)00271-9,"0.7 Torr He. Calculated rate coefficient, VOCs introduced in dry helium",n/a,0.70,n/a,2.60E-09,#VALUE!,monoterpene,10,3,0,0,0,0,0,0,0,0,0,0,0,0,0,0,0,0,0,0,CC(=CC/C=C(\C)/C=C)C
137.132,C10H16H+,R-limonene,138-86-3,137.132,67.0,95.086,3.0,81.070,30.0,,,,,,,,,SIFT-MS,0.93,0,,"Wang, IJMS 228, 117, 2003",doi.org/10.1016/S1387-3806(03)00271-9,"0.7 Torr He. Calculated rate coefficient, VOCs introduced in dry helium",n/a,0.70,n/a,2.60E-09,#VALUE!,monoterpene,10,2,0,1,0,0,0,0,0,0,0,0,0,0,0,0,0,0,0,0,CC1=CCC(CC1)C(=C)C
137.132,C10H16H+,S-limonene,138-86-3,137.132,66.0,95.086,3.0,81.070,31.0,,,,,,,,,SIFT-MS,0.93,0,,"Wang, IJMS 228, 117, 2003",doi.org/10.1016/S1387-3806(03)00271-9,"0.7 Torr He. Calculated rate coefficient, VOCs introduced in dry helium",n/a,0.70,n/a,2.60E-09,#VALUE!,monoterpene,10,2,0,1,0,0,0,0,0,0,0,0,0,0,0,0,0,0,0,0,CC1=CCC(CC1)C(=C)C
137.132,C10H16H+,y-terpinene,99-85-4,137.132,80.0,135.117,3.0,81.070,18.0,,,,,,,,,SIFT-MS,0.93,0,,"Wang, IJMS 228, 117, 2003",doi.org/10.1016/S1387-3806(03)00271-9,"0.7 Torr He. Calculated rate coefficient, VOCs introduced in dry helium",n/a,0.70,n/a,2.60E-09,#VALUE!,monoterpene,10,2,0,1,0,0,0,0,0,0,0,0,0,0,0,0,0,0,0,0,CC1=CCC(=CC1)C(C)C
137.132,C10H16H+,a-pinene,80-56-8,137.132,,,,,,,,,,,,,,PTR-MS,2.40,125,8.6,"Warneke, AMT 8, 411, 2015",doi.org/10.5194/amt-8-411-2015,NOAA q-PTRMS; UBWOS13 sensitivities; from figure using igorthief,1.807E-23*,0.70,n/a,,#VALUE!,monoterpene,10,1,0,2,0,0,0,0,0,0,0,0,0,0,0,0,0,0,0,0,CC1=CCC2CC1C2(C)C
137.132,C10H16H+,a-pinene,80-56-8,137.132,,,,,,,,,,,,,,PTR-MS,2.20,130,5.5,"Warneke, AMT 8, 411, 2015",doi.org/10.5194/amt-8-411-2015,Ionicon PTR=ToF; UBWOS13 sensitivities; exctraction freq 25 kHz (mz1-500); from figure using igorthief,1.807E-23*,0.70,n/a,,#VALUE!,monoterpene,10,1,0,2,0,0,0,0,0,0,0,0,0,0,0,0,0,0,0,0,CC1=CCC2CC1C2(C)C
137.132,C10H16H+,3-carene,13466-78-9,137.132,75.0,81.070,25.0,,,,,,,,,,,PTR-QMS,2.4,106,,"Warneke, ES&T 37, 2494, 2003",doi.org/10.1021/es026266i,,1.811E-23*,0.70,n/a,,#VALUE!,monoterpene,10,1,0,2,0,0,0,0,0,0,0,0,0,0,0,0,0,0,0,0,CC1=CCC2C(C1)C2(C)C
137.132,C10H16H+,a-limonene,138-86-3,137.132,80.0,81.070,20.0,,,,,,,,,,,PTR-QMS,2.4,106,10.9,"Warneke, ES&T 37, 2494, 2003",doi.org/10.1021/es026266i,,n/a,n/a,n/a,,#VALUE!,monoterpene,10,2,0,1,0,0,0,0,0,0,0,0,0,0,0,0,0,0,0,0,CC1=CCC(CC1)C(=C)C
137.132,C10H16H+,a-pinene,80-56-8,137.132,62.0,93.070,7.0,81.070,31.0,,,,,,,,,PTR-QMS,2.4,106,29,"Warneke, ES&T 37, 2494, 2003",doi.org/10.1021/es026266i,,1.807E-23*,0.70,n/a,,#VALUE!,monoterpene,10,1,0,2,0,0,0,0,0,0,0,0,0,0,0,0,0,0,0,0,CC1=CCC2CC1C2(C)C
137.132,C10H16H+,b-pinene,127-91-3,137.132,67.0,93.070,7.0,81.070,26.0,,,,,,,,,PTR-QMS,2.4,106,46.7,"Warneke, ES&T 37, 2494, 2003",doi.org/10.1021/es026266i,,1.803E-23*,0.70,n/a,,#VALUE!,monoterpene,10,1,0,2,0,0,0,0,0,0,0,0,0,0,0,0,0,0,0,0,CC1(C2CCC(=C)C1C2)C
137.132,C10H16H+,a-pinene,80-56-8,137.132,,,,,,,,,,,,,,PTR-TOF,2.40,120,67,"Yuan, AMT 9, 2735, 2016",doi.org/10.5194/amt-9-2735-2016,NOAA PTR-ToF; SONGNEX sensitivities; extraction frequency 25 kHz,1.807E-23*,0.70,n/a,,#VALUE!,monoterpene,10,1,0,2,0,0,0,0,0,0,0,0,0,0,0,0,0,0,0,0,CC1=CCC2CC1C2(C)C
138.055,C7H7NO2H+,nitrotoluene,88-72-2,138.055,,,,,,,,,,,,,,PTR-TOF,2.40,120,108.8,"Koss, ACP 18, 3299, 2018",doi.org/10.5194/acp-18-3299-2018,"NOAA PTR-ToF; some sensitivities calibrated, some calculated Sekimoto et al 2017; extraction frequency unknown",n/a,n/a,n/a,,#VALUE!,aromatic,7,0,0,1,0,0,0,0,0,0,0,0,0,0,0,0,0,1,1,0,CC1=CC=CC=C1[N+](=O)[O-]
139.075,C8H10O2H+,2-methoxy-4-methylphenol (= creosol),93-51-6,139.075,,,,,,,,,,,,,,PTR-TOF,2.40,120,56.7,"Koss, ACP 18, 3299, 2018",doi.org/10.5194/acp-18-3299-2018,"NOAA PTR-ToF; some sensitivities calibrated, some calculated Sekimoto et al 2017; extraction frequency unknown",n/a,n/a,n/a,,#VALUE!,aromatic,8,0,0,1,1,0,0,0,0,0,1,0,0,0,0,0,0,0,1,0,CC1=CC(=C(C=C1)O)OC
139.148,C10H18H+,decahydronaphthalene,493-01-6,137.132,100.0,,,,,,,,,,,,,PTR-MS,2.06,80,,"Gueneron, IJMS 379, 97, 2015",doi.org/10.1016/j.ijms.2015.01.001,"Ionicon qPTRMS, drift tube T=65C, dried to dewpoint of -30C",n/a,n/a,n/a,,#VALUE!,cycloalkane,10,0,0,2,0,0,0,0,0,0,0,0,0,0,0,0,0,0,0,1,C1CCC2CCCCC2C1
139.148,C10H18H+,decahydronaphthalene,493-01-6,137.132,44.0,95.086,11.0,81.070,45.0,,,,,,,,,PTR-MS,2.06,120,,"Gueneron, IJMS 379, 97, 2015",doi.org/10.1016/j.ijms.2015.01.001,"Ionicon qPTRMS, drift tube T=65C, dried to dewpoint of -30C",n/a,n/a,n/a,,#VALUE!,cycloalkane,10,0,0,2,0,0,0,0,0,0,0,0,0,0,0,0,0,0,0,1,C1CCC2CCCCC2C1
141.127,C9H16OH+,trans-2-nonenal,18829-56-6,141.127,100.0,,,,,,,,,,,,,SIFT-MS,0.93,0,,"Spanel, IJMS 213, 163, 2002",doi.org/10.1016/S1387-3806(01)00531-0,0.7 Torr He. Calculated rate coefficient,n/a,3.50,n/a,4.80E-09,#VALUE!,alkenal,9,1,0,0,0,0,1,0,0,0,0,0,0,0,0,0,0,0,0,0,CCCCCC/C=C/C=O
141.164,C10H20H+,1-decene,872-05-9,141.164,45.0,99.117,10.0,85.101,15.0,71.086,20.0,57.070,10.0,,,,,SIFT-MS,0.93,0,,"Diskin, IJMS 218, 87, 2002",doi.org/10.1016/S1387-3806(02)00662-0,0.7 Torr He. Calculated rate coefficient,n/a,0.40,n/a,2.60E-09,#VALUE!,alkene,10,1,0,0,0,0,0,0,0,0,0,0,0,0,0,0,0,0,0,0,CCCCCCCCC=C
142.935,CH3IH+,methyl iodide,74-88-4,142.935,100.0,,,,,,,,,,,,,SIFT-MS,0.67,0,,"Spanel, IJMS 189, 213, 1999",doi.org/10.1016/S1387-3806(99)00103-7,0.5 Torr He. Calculated rate coefficient assuming that O2+ reaction in SIFT proceeded at collisional limit,7.97E-24,1.62,691.7,1.20E-09,2.07E-09,halocarbon,1,0,0,0,0,0,0,0,0,0,0,0,0,0,1,0,0,0,0,0,CI
143.086,C11H10H+,methyl naphthalene,90-12-0,143.086,,,,,,,,,,,,,,PTR-TOF,2.40,120,68.4,"Koss, ACP 18, 3299, 2018",doi.org/10.5194/acp-18-3299-2018,"NOAA PTR-ToF; some sensitivities calibrated, some calculated Sekimoto et al 2017; extraction frequency unknown",n/a,n/a,834.8,,#VALUE!,aromatic,11,0,0,2,0,0,0,0,0,0,0,0,0,0,0,0,0,0,1,0,CC1=CC=CC2=CC=CC=C12
143.086,C11H10H+,1-methylnaphthalene,90-12-0,143.086,100.0,,,,,,,,,,,,,PTR-MS,2.06,80,,"Gueneron, IJMS 379, 97, 2015",doi.org/10.1016/j.ijms.2015.01.001,"Ionicon qPTRMS, drift tube T=65C, dried to dewpoint of -30C",n/a,n/a,834.8,,#VALUE!,aromatic,11,0,0,2,0,0,0,0,0,0,0,0,0,0,0,0,0,0,1,0,CC1=CC=CC2=CC=CC=C12
143.086,C11H10H+,1-methylnaphthalene,90-12-0,143.086,100.0,,,,,,,,,,,,,PTR-MS,2.06,120,,"Gueneron, IJMS 379, 97, 2015",doi.org/10.1016/j.ijms.2015.01.001,"Ionicon qPTRMS, drift tube T=65C, dried to dewpoint of -30C",n/a,n/a,834.8,,#VALUE!,aromatic,11,0,0,2,0,0,0,0,0,0,0,0,0,0,0,0,0,0,1,0,CC1=CC=CC2=CC=CC=C12
143.143,C9H18OH+,nonanal,124-19-6,143.143,19.0,125.132,11.0,83.086,16.0,69.070,37.0,57.070,9.0,55.054,4.0,41.039,4.0,PTR-MS,,,,"Buhr IJMS 221, 1, 2002",doi.org/10.1016/S1387-3806(02)00896-5,"Ionicon qPTRMS, drift tube V=600V, no pressure given",1.741E-23*,n/a,n/a,,#VALUE!,aldehyde,9,0,0,0,0,0,1,0,0,0,0,0,0,0,0,0,0,0,0,0,CCCCCCCCC=O
143.143,C9H18OH+,2-nonanone,821-55-6,143.143,100.0,,,,,,,,,,,,,PTR-MS,,,,"Buhr IJMS 221, 1, 2002",doi.org/10.1016/S1387-3806(02)00896-5,"Ionicon qPTRMS, drift tube V=600V, no pressure given",n/a,2.80,n/a,,#VALUE!,ketone,9,0,0,0,0,1,0,0,0,0,0,0,0,0,0,0,0,0,0,0,CCCCCCCC(=O)C
143.143,C9H18OH+,2-nonanone,821-55-6,143.143,100.0,,,,,,,,,,,,,SIFT-MS,0.93,0,,"Smith, RCMS 17, 2655, 2003",doi.org/10.1002/rcm.1244,0.7 Torr He. Calculated rate coefficient,n/a,2.80,n/a,4.20E-09,#VALUE!,ketone,9,0,0,0,0,1,0,0,0,0,0,0,0,0,0,0,0,0,0,0,CCCCCCCC(=O)C
143.179,C10H22H+,2-methylnonane,871-83-0,141.164,14.0,99.117,3.0,85.101,26.0,71.086,30.0,57.070,21.0,43.054,6.0,,,PTR-MS,2.06,80,,"Gueneron, IJMS 379, 97, 2015",doi.org/10.1016/j.ijms.2015.01.001,"Ionicon qPTRMS, drift tube T=65C, dried to dewpoint of -30C",n/a,n/a,n/a,,#VALUE!,alkane,10,0,0,0,0,0,0,0,0,0,0,0,0,0,0,0,0,0,0,1,CCCCCCCC(C)C
143.179,C10H22H+,2-methylnonane,871-83-0,85.101,8.0,71.086,15.0,57.070,33.0,43.054,35.0,41.039,10.0,,,,,PTR-MS,2.06,120,,"Gueneron, IJMS 379, 97, 2015",doi.org/10.1016/j.ijms.2015.01.001,"Ionicon qPTRMS, drift tube T=65C, dried to dewpoint of -30C",n/a,n/a,n/a,,#VALUE!,alkane,10,0,0,0,0,0,0,0,0,0,0,0,0,0,0,0,0,0,0,1,CCCCCCCC(C)C
143.179,C10H22H+,"2,2-dimethyloctane",15869-87-1,85.101,18.0,71.086,39.0,57.070,43.0,,,,,,,,,PTR-MS,2.06,80,,"Gueneron, IJMS 379, 97, 2015",doi.org/10.1016/j.ijms.2015.01.001,"Ionicon qPTRMS, drift tube T=65C, dried to dewpoint of -30C",n/a,n/a,n/a,,#VALUE!,alkane,10,0,0,0,0,0,0,0,0,0,0,0,0,0,0,0,0,0,0,1,CCCCCCC(C)(C)C
143.179,C10H22H+,"2,2-dimethyloctane",15869-87-1,85.101,5.0,71.086,15.0,57.070,45.0,43.054,27.0,41.039,9.0,,,,,PTR-MS,2.06,120,,"Gueneron, IJMS 379, 97, 2015",doi.org/10.1016/j.ijms.2015.01.001,"Ionicon qPTRMS, drift tube T=65C, dried to dewpoint of -30C",n/a,n/a,n/a,,#VALUE!,alkane,10,0,0,0,0,0,0,0,0,0,0,0,0,0,0,0,0,0,0,1,CCCCCCC(C)(C)C
143.179,C10H22H+,"2,3-dimethyloctane",7146-60-3,141.164,25.0,115.148,10.0,99.117,6.0,85.101,22.0,71.086,22.0,57.070,14.0,,,PTR-MS,2.06,80,,"Gueneron, IJMS 379, 97, 2015",doi.org/10.1016/j.ijms.2015.01.001,"Ionicon qPTRMS, drift tube T=65C, dried to dewpoint of -30C",n/a,n/a,n/a,,#VALUE!,alkane,10,0,0,0,0,0,0,0,0,0,0,0,0,0,0,0,0,0,0,1,CCCCCC(C)C(C)C
143.179,C10H22H+,"2,3-dimethyloctane",7146-60-3,115.148,5.0,85.101,9.0,71.086,15.0,57.070,33.0,43.054,31.0,41.039,7.0,,,PTR-MS,2.06,120,,"Gueneron, IJMS 379, 97, 2015",doi.org/10.1016/j.ijms.2015.01.001,"Ionicon qPTRMS, drift tube T=65C, dried to dewpoint of -30C",n/a,n/a,n/a,,#VALUE!,alkane,10,0,0,0,0,0,0,0,0,0,0,0,0,0,0,0,0,0,0,1,CCCCCC(C)C(C)C
143.179,C10H22H+,3-methylnonane,5911-04-6,141.164,33.0,99.117,3.0,85.101,17.0,71.086,26.0,57.070,22.0,,,,,PTR-MS,2.06,80,,"Gueneron, IJMS 379, 97, 2015",doi.org/10.1016/j.ijms.2015.01.001,"Ionicon qPTRMS, drift tube T=65C, dried to dewpoint of -30C",n/a,n/a,n/a,,#VALUE!,alkane,10,0,0,0,0,0,0,0,0,0,0,0,0,0,0,0,0,0,0,1,CCCCCCC(C)CC
143.179,C10H22H+,3-methylnonane,5911-04-6,141.164,2.0,85.101,9.0,71.086,15.0,57.070,38.0,43.054,29.0,41.039,7.0,,,PTR-MS,2.06,120,,"Gueneron, IJMS 379, 97, 2015",doi.org/10.1016/j.ijms.2015.01.001,"Ionicon qPTRMS, drift tube T=65C, dried to dewpoint of -30C",n/a,n/a,n/a,,#VALUE!,alkane,10,0,0,0,0,0,0,0,0,0,0,0,0,0,0,0,0,0,0,1,CCCCCCC(C)CC
143.179,C10H22H+,"3,5-dimethyloctane",15869-93-9,141.164,26.0,99.117,6.0,85.101,29.0,71.086,28.0,57.070,20.0,,,,,PTR-MS,2.06,80,,"Gueneron, IJMS 379, 97, 2015",doi.org/10.1016/j.ijms.2015.01.001,"Ionicon qPTRMS, drift tube T=65C, dried to dewpoint of -30C",n/a,n/a,n/a,,#VALUE!,alkane,10,0,0,0,0,0,0,0,0,0,0,0,0,0,0,0,0,0,0,1,CCCC(C)CC(C)CC
143.179,C10H22H+,"3,5-dimethyloctane",15869-93-9,85.101,9.0,71.086,16.0,57.070,37.0,43.054,31.0,41.039,7.0,,,,,PTR-MS,2.06,120,,"Gueneron, IJMS 379, 97, 2015",doi.org/10.1016/j.ijms.2015.01.001,"Ionicon qPTRMS, drift tube T=65C, dried to dewpoint of -30C",n/a,n/a,n/a,,#VALUE!,alkane,10,0,0,0,0,0,0,0,0,0,0,0,0,0,0,0,0,0,0,1,CCCC(C)CC(C)CC
143.179,C10H22H+,4-methylnonane,17301-94-9,141.164,44.0,99.117,6.0,85.101,17.0,71.086,22.0,57.070,11.0,,,,,PTR-MS,2.06,80,,"Gueneron, IJMS 379, 97, 2015",doi.org/10.1016/j.ijms.2015.01.001,"Ionicon qPTRMS, drift tube T=65C, dried to dewpoint of -30C",n/a,n/a,n/a,,#VALUE!,alkane,10,0,0,0,0,0,0,0,0,0,0,0,0,0,0,0,0,0,0,1,CCCCCC(C)CCC
143.179,C10H22H+,4-methylnonane,17301-94-9,141.164,2.0,85.101,9.0,71.086,15.0,57.070,34.0,43.054,32.0,41.039,7.0,,,PTR-MS,2.06,120,,"Gueneron, IJMS 379, 97, 2015",doi.org/10.1016/j.ijms.2015.01.001,"Ionicon qPTRMS, drift tube T=65C, dried to dewpoint of -30C",n/a,n/a,n/a,,#VALUE!,alkane,10,0,0,0,0,0,0,0,0,0,0,0,0,0,0,0,0,0,0,1,CCCCCC(C)CCC
143.179,C10H22H+,n-decane,124-18-5,161.190,100.0,,,,,,,,,,,,,SIFT-MS,0.93,0,,"Spanel, IJMS 181, 1, 1998",doi.org/10.1016/S1387-3806(98)14114-3,0.7 Torr He ? Cluster formation,1.91E-23,0.00,n/a,1.60E-09,2.50E-09,alkane,10,0,0,0,0,0,0,0,0,0,0,0,0,0,0,0,0,0,0,1,CCCCCCCCCC
143.179,C10H22H+,n-decane,124-18-5,99.117,45.0,85.101,19.0,71.086,15.0,57.070,21.0,,,,,,,PTR-QMS,2.4,106,2,"Warneke, ES&T 37, 2494, 2003",doi.org/10.1021/es026266i,,1.91E-23,0.00,n/a,,2.50E-09,alkane,10,0,0,0,0,0,0,0,0,0,0,0,0,0,0,0,0,0,0,1,CCCCCCCCCC
145.065,C10H8OH+,2-ethenyl benzofuran,NA,145.065,,,,,,,,,,,,,,PTR-TOF,2.40,120,66.77,"Koss, ACP 18, 3299, 2018",doi.org/10.5194/acp-18-3299-2018,"NOAA PTR-ToF; some sensitivities calibrated, some calculated Sekimoto et al 2017; extraction frequency unknown",n/a,n/a,n/a,,#VALUE!,furan,10,1,0,2,0,0,0,0,0,0,1,0,0,0,0,0,0,0,1,0,NA
145.101,C11H12H+,ethylindene,6953-66-8,145.101,,,,,,,,,,,,,,PTR-TOF,2.40,120,69.65,"Koss, ACP 18, 3299, 2018",doi.org/10.5194/acp-18-3299-2018,"NOAA PTR-ToF; some sensitivities calibrated, some calculated Sekimoto et al 2017; extraction frequency unknown",n/a,n/a,n/a,,#VALUE!,aromatic,11,1,0,2,0,0,0,0,0,0,0,0,0,0,0,0,0,0,1,0,CCC1C=CC2=CC=CC=C12
145.122,C8H16O2H+,ethyl hexanoate,123-66-0,145.122,83.0,117.091,3.0,99.080,4.0,71.086,6.0,43.054,4.0,,,,,PTR-MS,2.03,120,,"Aprea, IJMS 262, 114, 2007",doi.org/10.1016/j.ijms.2006.10.016,"Ionicon qPTRMS, drift tube T=50C",n/a,n/a,n/a,,#VALUE!,ester,8,0,0,0,0,0,0,1,0,0,0,0,0,0,0,0,0,0,0,0,CCCCCC(=O)OCC
145.122,C8H16O2H+,ethyl hexanoate,123-66-0,145.122,66.0,117.091,18.0,99.080,3.0,71.086,5.0,43.054,8.0,,,,,PTR-MS,2.03,141,,"Aprea, IJMS 262, 114, 2007",doi.org/10.1016/j.ijms.2006.10.016,"Ionicon qPTRMS, drift tube T=50C",n/a,n/a,n/a,,#VALUE!,ester,8,0,0,0,0,0,0,1,0,0,0,0,0,0,0,0,0,0,0,0,CCCCCC(=O)OCC
145.122,C8H16O2H+,butyl butyrate,109-21-7,145.122,5.0,89.060,68.0,71.049,6.0,43.054,21.0,,,,,,,PTR-MS,,,,"Buhr IJMS 221, 1, 2002",doi.org/10.1016/S1387-3806(02)00896-5,"Ionicon qPTRMS, drift tube V=600V, no pressure given",n/a,n/a,n/a,,#VALUE!,ester,8,0,0,0,0,0,0,1,0,0,0,0,0,0,0,0,0,0,0,0,CCCCOC(=O)CCC
145.122,C8H16O2H+,butyl isobutyrate,97-87-0,89.060,71.0,43.054,21.0,41.039,8.0,,,,,,,,,PTR-MS,,,,"Buhr IJMS 221, 1, 2002",doi.org/10.1016/S1387-3806(02)00896-5,"Ionicon qPTRMS, drift tube V=600V, no pressure given",n/a,n/a,n/a,,#VALUE!,ester,8,0,0,0,0,0,0,1,0,0,0,0,0,0,0,0,0,0,0,0,CCCCOC(=O)C(C)C
145.122,C8H16O2H+,ethyl hexanoate,123-66-0,145.122,83.0,117.091,6.0,71.086,4.0,43.054,7.0,,,,,,,PTR-MS,,,,"Buhr IJMS 221, 1, 2002",doi.org/10.1016/S1387-3806(02)00896-5,"Ionicon qPTRMS, drift tube V=600V, no pressure given",n/a,n/a,n/a,,#VALUE!,ester,8,0,0,0,0,0,0,1,0,0,0,0,0,0,0,0,0,0,0,0,CCCCCC(=O)OCC
145.122,C8H16O2H+,hexyl acetate,142-92-7,85.101,6.0,61.028,50.0,57.070,4.0,43.018,40.0,,,,,,,PTR-MS,,,,"Buhr IJMS 221, 1, 2002",doi.org/10.1016/S1387-3806(02)00896-5,"Ionicon qPTRMS, drift tube V=600V, no pressure given",n/a,n/a,n/a,,#VALUE!,ester,8,0,0,0,0,0,0,1,0,0,0,0,0,0,0,0,0,0,0,0,CCCCCCOC(=O)C
145.122,C8H16O2H+,isobutyl butyrate,539-90-2,89.060,30.0,57.070,48.0,43.054,15.0,41.039,7.0,,,,,,,PTR-MS,,,,"Buhr IJMS 221, 1, 2002",doi.org/10.1016/S1387-3806(02)00896-5,"Ionicon qPTRMS, drift tube V=600V, no pressure given",n/a,n/a,n/a,,#VALUE!,ester,8,0,0,0,0,0,0,1,0,0,0,0,0,0,0,0,0,0,0,0,CCCC(=O)OCC(C)C
145.122,C8H16O2H+,isobutyl isobutyrate,97-85-8,89.060,40.0,57.070,37.0,43.054,15.0,41.039,8.0,,,,,,,PTR-MS,,,,"Buhr IJMS 221, 1, 2002",doi.org/10.1016/S1387-3806(02)00896-5,"Ionicon qPTRMS, drift tube V=600V, no pressure given",n/a,1.90,n/a,,#VALUE!,ester,8,0,0,0,0,0,0,1,0,0,0,0,0,0,0,0,0,0,0,0,CC(C)COC(=O)C(C)C
145.122,C8H16O2H+,hexyl acetate,142-92-7,145.122,77.0,85.101,7.0,61.028,16.0,,,,,,,,,SIFT-MS,1.33,0,,"Sovova, IJMS 300, 31, 2011",doi.org/10.1016/j.ijms.2010.11.021,1 Torr He? Calculated rate coefficient,n/a,1.90,n/a,3.20E-09,#VALUE!,ester,8,0,0,0,0,0,0,1,0,0,0,0,0,0,0,0,0,0,0,0,CCCCCCOC(=O)C
145.159,C9H20OH+,2-nonanol,628-99-9,127.148,2.0,85.101,5.0,71.086,14.0,57.070,25.0,43.054,36.0,41.039,18.0,,,PTR-MS,,,,"Buhr IJMS 221, 1, 2002",doi.org/10.1016/S1387-3806(02)00896-5,"Ionicon qPTRMS, drift tube V=600V, no pressure given",n/a,n/a,n/a,,#VALUE!,alcohol,9,0,0,0,1,0,0,0,0,0,0,0,0,0,0,0,0,0,0,0,CCCCCCCC(C)O
147.030,C6H10S2H+,diallyl disulfide,2179-57-9,147.030,100.0,,,,,,,,,,,,,SIFT-MS,0.67,0,,"Spanel, IJMS 176, 167, 1998",doi.org/10.1016/S1387-3806(98)14004-6,0.5 Torr He. Calculated rate coefficient,n/a,1.50,n/a,3.00E-09,#VALUE!,sulfide,6,2,0,0,0,0,0,0,0,0,0,0,0,0,0,2,0,0,0,0,C=CCSSCC=C
147.080,C10H10OH+,dimethylbenzofuran,NA,147.080,,,,,,,,,,,,,,PTR-TOF,2.40,120,67.19,"Koss, ACP 18, 3299, 2018",doi.org/10.5194/acp-18-3299-2018,"NOAA PTR-ToF; some sensitivities calibrated, some calculated Sekimoto et al 2017; extraction frequency unknown",n/a,n/a,n/a,,#VALUE!,furan,10,0,0,2,0,0,0,0,0,0,1,0,0,0,0,0,0,0,1,0,NA
149.096,C10H12OH+,methyl chavicol (estragole),140-67-0,149.096,,,,,,,,,,,,,,PTR-TOF,2.40,120,69.82,"Koss, ACP 18, 3299, 2018",doi.org/10.5194/acp-18-3299-2018,"NOAA PTR-ToF; some sensitivities calibrated, some calculated Sekimoto et al 2017; extraction frequency unknown",n/a,n/a,n/a,,#VALUE!,aromatic,10,1,0,1,0,0,0,0,0,0,1,0,0,0,0,0,0,0,1,0,COC1=CC=C(C=C1)CC=C
149.132,C11H16H+,neopentylbenzene,1007-26-7,149.132,100.0,,,,,,,,,,,,,PTR-MS,2.06,80,,"Gueneron, IJMS 379, 97, 2015",doi.org/10.1016/j.ijms.2015.01.001,"Ionicon qPTRMS, drift tube T=65C, dried to dewpoint of -30C",n/a,n/a,n/a,,#VALUE!,aromatic,11,0,0,1,0,0,0,0,0,0,0,0,0,0,0,0,0,0,1,0,CC(C)(C)CC1=CC=CC=C1
149.132,C11H16H+,neopentylbenzene,1007-26-7,43.054,79.0,41.039,21.0,,,,,,,,,,,PTR-MS,2.06,120,,"Gueneron, IJMS 379, 97, 2015",doi.org/10.1016/j.ijms.2015.01.001,"Ionicon qPTRMS, drift tube T=65C, dried to dewpoint of -30C",n/a,n/a,n/a,,#VALUE!,aromatic,11,0,0,1,0,0,0,0,0,0,0,0,0,0,0,0,0,0,1,0,CC(C)(C)CC1=CC=CC=C1
151.075,C9H10O2H+,vinyl guaiacol,7786-61-0,151.075,,,,,,,,,,,,,,PTR-TOF,2.40,120,76.22,"Koss, ACP 18, 3299, 2018",doi.org/10.5194/acp-18-3299-2018,"NOAA PTR-ToF; some sensitivities calibrated, some calculated Sekimoto et al 2017; extraction frequency unknown",n/a,n/a,n/a,,#VALUE!,aromatic,9,1,0,1,1,0,0,0,0,0,1,0,0,0,0,0,0,0,1,0,COC1=C(C=CC(=C1)C=C)O
151.075,C9H10O2H+,benzyl acetate,140-11-4,151.075,14.0,91.054,86.0,,,,,,,,,,,SIFT-MS,1.33,0,,"Sovova, IJMS 300, 31, 2011",doi.org/10.1016/j.ijms.2010.11.021,1 Torr He? Calculated rate coefficient,n/a,1.22,n/a,2.40E-09,#VALUE!,ester,9,0,0,1,0,0,0,1,0,0,0,0,0,0,0,0,0,0,1,0,CC(=O)OCC1=CC=CC=C1
152.071,C8H9NO2H+,methyl anthranilate,134-20-3,152.071,74.0,120.044,26.0,,,,,,,,,,,PTR-MS,2.03,120,,"Aprea, IJMS 262, 114, 2007",doi.org/10.1016/j.ijms.2006.10.016,"Ionicon qPTRMS, drift tube T=50C",n/a,n/a,n/a,,#VALUE!,ester,8,0,0,1,0,0,0,1,0,0,0,1,0,0,0,0,0,0,1,0,COC(=O)C1=CC=CC=C1N
153.055,C8H8O3H+,vanillin,121-33-5,153.055,,,,,,,,,,,,,,PTR-TOF,2.40,120,39.7,"Koss, ACP 18, 3299, 2018",doi.org/10.5194/acp-18-3299-2018,"NOAA PTR-ToF; some sensitivities calibrated, some calculated Sekimoto et al 2017; extraction frequency unknown",n/a,n/a,n/a,,#VALUE!,aromatic,8,0,0,1,1,0,1,0,0,0,1,0,0,0,0,0,0,0,1,0,COC1=C(C=CC(=C1)C=O)O
153.055,C8H8O3H+,methyl salicylate,119-36-8,153.055,100.0,,,,,,,,,,,,,SIFT-MS,1.33,0,,"Sovova, IJMS 300, 31, 2011",doi.org/10.1016/j.ijms.2010.11.021,1 Torr He? Calculated rate coefficient,n/a,2.47,n/a,3.80E-09,#VALUE!,ester,8,0,0,1,1,0,0,1,0,0,0,0,0,0,0,0,0,0,1,0,COC(=O)C1=CC=CC=C1O
153.070,C12H8H+,acenaphthylene,208-96-8,153.070,,,,,,,,,,,,,,PTR-TOF,2.40,120,71.37,"Koss, ACP 18, 3299, 2018",doi.org/10.5194/acp-18-3299-2018,"NOAA PTR-ToF; some sensitivities calibrated, some calculated Sekimoto et al 2017; extraction frequency unknown",2.518E-24*,n/a,n/a,,#VALUE!,aromatic,12,1,0,3,0,0,0,0,0,0,0,0,0,0,0,0,0,0,1,0,C1=CC2=C3C(=C1)C=CC3=CC=C2
153.070,C12H8H+,acenaphthylene,208-96-8,153.070,100.0,,,,,,,,,,,,,PTR-MS,2.06,80,,"Gueneron, IJMS 379, 97, 2015",doi.org/10.1016/j.ijms.2015.01.001,"Ionicon qPTRMS, drift tube T=65C, dried to dewpoint of -30C",2.518E-24*,n/a,n/a,,#VALUE!,aromatic,12,1,0,3,0,0,0,0,0,0,0,0,0,0,0,0,0,0,1,0,C1=CC2=C3C(=C1)C=CC3=CC=C2
153.070,C12H8H+,acenaphthylene,208-96-8,153.070,100.0,,,,,,,,,,,,,PTR-MS,2.06,120,,"Gueneron, IJMS 379, 97, 2015",doi.org/10.1016/j.ijms.2015.01.001,"Ionicon qPTRMS, drift tube T=65C, dried to dewpoint of -30C",2.518E-24*,n/a,n/a,,#VALUE!,aromatic,12,1,0,3,0,0,0,0,0,0,0,0,0,0,0,0,0,0,1,0,C1=CC2=C3C(=C1)C=CC3=CC=C2
153.127,C10H16OH+,"trans-2,4-decadienal",25152-84-5,153.127,100.0,,,,,,,,,,,,,SIFT-MS,0.93,0,,"Spanel, IJMS 213, 163, 2002",doi.org/10.1016/S1387-3806(01)00531-0,0.7 Torr He. Calculated rate coefficient,n/a,3.50,n/a,4.90E-09,#VALUE!,alkenal,10,2,0,0,0,0,1,0,0,0,0,0,0,0,0,0,0,0,0,0,CCCCC/C=C/C=C/C=O
153.127,C10H16OH+,camphor,76-22-2,153.127,,,,,,,,,,,,,,PTR-TOF,2.40,120,81.86,"Koss, ACP 18, 3299, 2018",doi.org/10.5194/acp-18-3299-2018,"NOAA PTR-ToF; some sensitivities calibrated, some calculated Sekimoto et al 2017; extraction frequency unknown",n/a,3.10,859.2,,#VALUE!,cycloketone,10,0,0,2,0,1,0,0,0,0,0,0,0,0,0,0,0,0,0,0,CC1(C2CCC1(C(=O)C2)C)C
155.070,C8H10O3H+,syringol,91-10-1,155.070,,,,,,,,,,,,,,PTR-TOF,2.40,120,80.72,"Koss, ACP 18, 3299, 2018",doi.org/10.5194/acp-18-3299-2018,"NOAA PTR-ToF; some sensitivities calibrated, some calculated Sekimoto et al 2017; extraction frequency unknown",n/a,n/a,n/a,,#VALUE!,aromatic,8,0,0,1,1,0,0,0,0,0,2,0,0,0,0,0,0,0,1,0,COC1=C(C(=CC=C1)OC)O
155.086,C12H10H+,acenaphthene,83-32-9,155.086,100.0,,,,,,,,,,,,,PTR-MS,2.06,80,,"Gueneron, IJMS 379, 97, 2015",doi.org/10.1016/j.ijms.2015.01.001,"Ionicon qPTRMS, drift tube T=65C, dried to dewpoint of -30C",2.06E-23,0.85,851.7,,2.63E-09,aromatic,12,0,0,3,0,0,0,0,0,0,0,0,0,0,0,0,0,0,1,0,C1CC2=CC=CC3=C2C1=CC=C3
155.086,C12H10H+,acenaphthene,83-32-9,155.086,100.0,,,,,,,,,,,,,PTR-MS,2.06,120,,"Gueneron, IJMS 379, 97, 2015",doi.org/10.1016/j.ijms.2015.01.001,"Ionicon qPTRMS, drift tube T=65C, dried to dewpoint of -30C",2.06E-23,0.85,851.7,,2.63E-09,aromatic,12,0,0,3,0,0,0,0,0,0,0,0,0,0,0,0,0,0,1,0,C1CC2=CC=CC3=C2C1=CC=C3
155.086,C12H10H+,biphenyl,92-52-4,155.086,100.0,,,,,,,,,,,,,PTR-MS,2.06,80,,"Gueneron, IJMS 379, 97, 2015",doi.org/10.1016/j.ijms.2015.01.001,"Ionicon qPTRMS, drift tube T=65C, dried to dewpoint of -30C",n/a,n/a,813.6,,#VALUE!,aromatic,12,0,0,2,0,0,0,0,0,0,0,0,0,0,0,0,0,0,1,0,C1=CC=C(C=C1)C2=CC=CC=C2
155.086,C12H10H+,biphenyl,92-52-4,155.086,100.0,,,,,,,,,,,,,PTR-MS,2.06,120,,"Gueneron, IJMS 379, 97, 2015",doi.org/10.1016/j.ijms.2015.01.001,"Ionicon qPTRMS, drift tube T=65C, dried to dewpoint of -30C",n/a,n/a,813.6,,#VALUE!,aromatic,12,0,0,2,0,0,0,0,0,0,0,0,0,0,0,0,0,0,1,0,C1=CC=C(C=C1)C2=CC=CC=C2
155.143,C10H18OH+,menthone,14073-97-3,155.143,100.0,,,,,,,,,,,,,SIFT-MS,0.67,0,,"Spanel, IJMSIP 165/166, 25, 1997",doi.org/10.1016/S0168-1176(97)00166-3,0.5 Torr He. Calculated rate coefficient,n/a,2.00,n/a,3.40E-09,#VALUE!,ketone,10,0,0,1,0,1,0,0,0,0,0,0,0,0,0,0,0,0,0,0,C[C@@H]1CC[C@H](C(=O)C1)C(C)C
155.143,C10H18OH+,cineole,470-82-6,155.143,,,,,,,,,,,,,,PTR-TOF,2.40,120,71,"Koss, ACP 18, 3299, 2018",doi.org/10.5194/acp-18-3299-2018,"NOAA PTR-ToF; some sensitivities calibrated, some calculated Sekimoto et al 2017; extraction frequency unknown",n/a,n/a,n/a,,#VALUE!,O-heterocycle,10,0,0,2,0,0,0,0,0,0,1,0,0,0,0,0,0,0,0,0,CC1(C2CCC(O1)(CC2)C)C
156.951,C2H5IH+,ethyl iodide,75-03-6,156.951,100.0,,,,,,,,,,,,,SIFT-MS,0.67,0,,"Spanel, IJMS 189, 213, 1999",doi.org/10.1016/S1387-3806(99)00103-7,0.5 Torr He. Calculated rate coefficient assuming that O2+ reaction in SIFT proceeded at collisional limit,1.00E-23,1.91,724.8,2.50E-09,2.37E-09,halocarbon,2,0,0,0,0,0,0,0,0,0,0,0,0,0,1,0,0,0,0,0,CCI
156.965,C6H5BrH+,bromobenzene,108-86-1,156.965,100.0,,,,,,,,,,,,,SIFT-MS,0.67,0,,"Spanel, IJMS 189, 213, 1999",doi.org/10.1016/S1387-3806(99)00103-7,0.5 Torr He. Calculated rate coefficient,1.42E-23,1.70,763.0,3.00E-09,2.48E-09,halocarbon,6,0,0,1,0,0,0,0,0,0,0,0,0,0,1,0,0,0,1,0,C1=CC=C(C=C1)Br
157.101,C12H12H+,"1,4-dimethylnaphthalene",571-58-4,157.101,100.0,,,,,,,,,,,,,PTR-MS,2.06,80,,"Gueneron, IJMS 379, 97, 2015",doi.org/10.1016/j.ijms.2015.01.001,"Ionicon qPTRMS, drift tube T=65C, dried to dewpoint of -30C",n/a,n/a,n/a,,#VALUE!,aromatic,12,0,0,2,0,0,0,0,0,0,0,0,0,0,0,0,0,0,1,0,CC1=CC=C(C2=CC=CC=C12)C
157.101,C12H12H+,"1,4-dimethylnaphthalene",571-58-4,157.101,100.0,,,,,,,,,,,,,PTR-MS,2.06,120,,"Gueneron, IJMS 379, 97, 2015",doi.org/10.1016/j.ijms.2015.01.001,"Ionicon qPTRMS, drift tube T=65C, dried to dewpoint of -30C",n/a,n/a,n/a,,#VALUE!,aromatic,12,0,0,2,0,0,0,0,0,0,0,0,0,0,0,0,0,0,1,0,CC1=CC=C(C2=CC=CC=C12)C
157.101,C12H12H+,"1,3-dimethylnaphthalene",575-41-7,157.101,,,,,,,,,,,,,,PTR-TOF,2.40,120,72.21,"Koss, ACP 18, 3299, 2018",doi.org/10.5194/acp-18-3299-2018,"NOAA PTR-ToF; some sensitivities calibrated, some calculated Sekimoto et al 2017; extraction frequency unknown",n/a,n/a,n/a,,#VALUE!,aromatic,12,0,0,2,0,0,0,0,0,0,0,0,0,0,0,0,0,0,1,0,CC1=CC2=CC=CC=C2C(=C1)C
157.159,C10H20OH+,menthol,1490-04-6,139.148,100.0,,,,,,,,,,,,,SIFT-MS,0.67,0,,"Spanel, IJMS 167/168, 375, 1997",doi.org/10.1016/S0168-1176(97)00085-2,0.5 Torr He. Calculated rate coefficient,n/a,1.65,n/a,3.10E-09,#VALUE!,alcohol,10,0,0,1,1,0,0,0,0,0,0,0,0,0,0,0,0,0,0,0,CC1CCC(C(C1)O)C(C)C
157.159,C10H20OH+,decanal,112-31-2,157.159,,,,,,,,,,,,,,PTR-TOF,2.40,120,93.4,"Koss, ACP 18, 3299, 2018",doi.org/10.5194/acp-18-3299-2018,"NOAA PTR-ToF; some sensitivities calibrated, some calculated Sekimoto et al 2017; extraction frequency unknown",1.920E-23*,2.50,n/a,,#VALUE!,aldehyde,10,0,0,0,0,0,1,0,0,0,0,0,0,0,0,0,0,0,0,0,CCCCCCCCCC=O
157.159,C10H20OH+,decanal,112-31-2,157.159,97.0,139.148,3.0,,,,,,,,,,,SIFT-MS,0.93,0,,"Spanel, IJMS 213, 163, 2002",doi.org/10.1016/S1387-3806(01)00531-0,0.7 Torr He. Calculated rate coefficient,1.920E-23*,2.50,n/a,3.90E-09,#VALUE!,aldehyde,10,0,0,0,0,0,1,0,0,0,0,0,0,0,0,0,0,0,0,0,CCCCCCCCCC=O
157.159,C10H20OH+,2-decanone,693-54-9,157.159,100.0,,,,,,,,,,,,,PTR-MS,,,,"Buhr IJMS 221, 1, 2002",doi.org/10.1016/S1387-3806(02)00896-5,"Ionicon qPTRMS, drift tube V=600V, no pressure given",n/a,n/a,n/a,,#VALUE!,ketone,10,0,0,0,0,1,0,0,0,0,0,0,0,0,0,0,0,0,0,0,CCCCCCCCC(=O)C
157.195,C11H24H+,2-methyldecane,6975-98-0,155.179,10.0,99.117,7.0,85.101,29.0,71.086,20.0,57.070,29.0,43.054,6.0,,,PTR-MS,2.06,80,,"Gueneron, IJMS 379, 97, 2015",doi.org/10.1016/j.ijms.2015.01.001,"Ionicon qPTRMS, drift tube T=65C, dried to dewpoint of -30C",n/a,n/a,n/a,,#VALUE!,alkane,11,0,0,0,0,0,0,0,0,0,0,0,0,0,0,0,0,0,0,1,CCCCCCCCC(C)C
157.195,C11H24H+,2-methyldecane,6975-98-0,85.101,7.0,71.086,10.0,57.070,42.0,43.054,31.0,41.039,10.0,,,,,PTR-MS,2.06,120,,"Gueneron, IJMS 379, 97, 2015",doi.org/10.1016/j.ijms.2015.01.001,"Ionicon qPTRMS, drift tube T=65C, dried to dewpoint of -30C",n/a,n/a,n/a,,#VALUE!,alkane,11,0,0,0,0,0,0,0,0,0,0,0,0,0,0,0,0,0,0,1,CCCCCCCCC(C)C
159.138,C9H18O2H+,methyl octanoate,111-11-5,159.138,84.0,99.117,8.0,57.070,8.0,,,,,,,,,PTR-MS,2.03,105,,"Aprea, IJMS 262, 114, 2007",doi.org/10.1016/j.ijms.2006.10.016,"Ionicon qPTRMS, drift tube T=50C",n/a,n/a,n/a,,#VALUE!,ester,9,0,0,0,0,0,0,1,0,0,0,0,0,0,0,0,0,0,0,0,CCCCCCCC(=O)OC
159.138,C9H18O2H+,methyl octanoate,111-11-5,159.138,87.0,57.070,13.0,,,,,,,,,,,PTR-MS,2.03,120,,"Aprea, IJMS 262, 114, 2007",doi.org/10.1016/j.ijms.2006.10.016,"Ionicon qPTRMS, drift tube T=50C",n/a,n/a,n/a,,#VALUE!,ester,9,0,0,0,0,0,0,1,0,0,0,0,0,0,0,0,0,0,0,0,CCCCCCCC(=O)OC
159.138,C9H18O2H+,methyl octanoate,111-11-5,159.138,87.0,57.070,13.0,,,,,,,,,,,PTR-MS,2.03,140,,"Aprea, IJMS 262, 114, 2007",doi.org/10.1016/j.ijms.2006.10.016,"Ionicon qPTRMS, drift tube T=50C",n/a,n/a,n/a,,#VALUE!,ester,9,0,0,0,0,0,0,1,0,0,0,0,0,0,0,0,0,0,0,0,CCCCCCCC(=O)OC
163.123,C10H14N2H+,nicotine,54-11-5,163.123,100.0,,,,,,,,,,,,,SIFT-MS,1,0,,"Wang, IJMS 237, 167, 2004",doi.org/10.1016/j.ijms.2004.07.009,100 Pa He. Calculated rate coefficient,n/a,2.90,963.4,4.20E-09,#VALUE!,N-heterocycle,10,0,0,2,0,0,0,0,0,0,0,2,0,0,0,0,0,0,1,0,C[N+]1=CC=CC(=C1)C2CCC[N+]2(C)C.[I-].[I-]
163.148,C12H18H+,"1,3-diisopropylbenzene",99-62-7,163.148,100.0,,,,,,,,,,,,,PTR-MS,2.06,80,,"Gueneron, IJMS 379, 97, 2015",doi.org/10.1016/j.ijms.2015.01.001,"Ionicon qPTRMS, drift tube T=65C, dried to dewpoint of -30C",n/a,n/a,n/a,,#VALUE!,aromatic,12,0,0,1,0,0,0,0,0,0,0,0,0,0,0,0,0,0,1,0,CC(C)C1=CC(=CC=C1)C(C)C
163.148,C12H18H+,"1,3-diisopropylbenzene",99-62-7,163.148,78.0,79.054,7.0,43.054,11.0,39.023,8.0,,,,,,,PTR-MS,2.06,120,,"Gueneron, IJMS 379, 97, 2015",doi.org/10.1016/j.ijms.2015.01.001,"Ionicon qPTRMS, drift tube T=65C, dried to dewpoint of -30C",n/a,n/a,n/a,,#VALUE!,aromatic,12,0,0,1,0,0,0,0,0,0,0,0,0,0,0,0,0,0,1,0,CC(C)C1=CC(=CC=C1)C(C)C
163.148,C12H18H+,"1,3,5-triethylbenzene",102-25-0,163.148,100.0,,,,,,,,,,,,,PTR-MS,2.06,80,,"Gueneron, IJMS 379, 97, 2015",doi.org/10.1016/j.ijms.2015.01.001,"Ionicon qPTRMS, drift tube T=65C, dried to dewpoint of -30C",n/a,n/a,n/a,,#VALUE!,aromatic,12,0,0,1,0,0,0,0,0,0,0,0,0,0,0,0,0,0,1,0,CCC1=CC(=CC(=C1)CC)CC
163.148,C12H18H+,"1,3,5-triethylbenzene",102-25-0,163.148,94.0,55.054,6.0,,,,,,,,,,,PTR-MS,2.06,120,,"Gueneron, IJMS 379, 97, 2015",doi.org/10.1016/j.ijms.2015.01.001,"Ionicon qPTRMS, drift tube T=65C, dried to dewpoint of -30C",n/a,n/a,n/a,,#VALUE!,aromatic,12,0,0,1,0,0,0,0,0,0,0,0,0,0,0,0,0,0,1,0,CCC1=CC(=CC(=C1)CC)CC
165.091,C10H12O2H+,phenethyl acetate,103-45-7,165.091,20.0,105.070,80.0,,,,,,,,,,,SIFT-MS,1.33,0,,"Sovova, IJMS 300, 31, 2011",doi.org/10.1016/j.ijms.2010.11.021,1 Torr He? Calculated rate coefficient,n/a,2.04,n/a,3.50E-09,#VALUE!,ester,10,0,0,1,0,0,0,1,0,0,0,0,0,0,0,0,0,0,1,0,CC(=O)OCCC1=CC=CC=C1
166.086,C9H11NO2H+,ethyl anthranilate,87-25-2,166.086,74.0,120.044,26.0,,,,,,,,,,,PTR-MS,2.03,120,,"Aprea, IJMS 262, 114, 2007",doi.org/10.1016/j.ijms.2006.10.016,"Ionicon qPTRMS, drift tube T=50C",n/a,n/a,n/a,,#VALUE!,ester,9,0,0,1,0,0,0,1,0,0,0,1,0,0,0,0,0,0,1,0,CCOC(=O)C1=CC=CC=C1N
170.980,C7H7BrH+,2-bromotoluene,95-46-5,170.980,100.0,,,,,,,,,,,,,SIFT-MS,0.67,0,,"Spanel, IJMS 189, 213, 1999",doi.org/10.1016/S1387-3806(99)00103-7,0.5 Torr He. Calculated rate coefficient,n/a,1.50,775.3,2.90E-09,#VALUE!,halocarbon,7,0,0,1,0,0,0,0,0,0,0,0,0,0,1,0,0,0,1,0,CC1=CC=CC=C1Br
170.980,C7H7BrH+,4-bromotoluene,106-38-7,170.980,100.0,,,,,,,,,,,,,SIFT-MS,0.67,0,,"Spanel, IJMS 189, 213, 1999",doi.org/10.1016/S1387-3806(99)00103-7,0.5 Torr He. Calculated rate coefficient,n/a,2.00,775.3,3.20E-09,#VALUE!,halocarbon,7,0,0,1,0,0,0,0,0,0,0,0,0,0,1,0,0,0,1,0,CC1=CC=C(C=C1)Br
170.980,C7H7BrH+,benzylbromide,100-39-0,170.980,10.0,91.054,90.0,,,,,,,,,,,SIFT-MS,0.67,0,,"Spanel, IJMS 189, 213, 1999",doi.org/10.1016/S1387-3806(99)00103-7,0.5 Torr He. Calculated rate coefficient,n/a,2.00,n/a,3.20E-09,#VALUE!,halocarbon,7,0,0,1,0,0,0,0,0,0,0,0,0,0,1,0,0,0,1,0,C1=CC=C(C=C1)CBr
171.174,C11H22OH+,2-undecanone,112-12-9,171.174,100.0,,,,,,,,,,,,,SIFT-MS,0.93,0,,"Smith, RCMS 17, 2655, 2003",doi.org/10.1002/rcm.1244,0.7 Torr He. Calculated rate coefficient,n/a,2.80,n/a,4.30E-09,#VALUE!,ketone,11,0,0,0,0,1,0,0,0,0,0,0,0,0,0,0,0,0,0,0,CCCCCCCCCC(=O)C
171.211,C12H26H+,2-methylundecane,7045-71-8,169.195,8.0,113.132,5.0,99.117,8.0,85.101,21.0,71.086,22.0,57.070,31.0,43.054,5.0,PTR-MS,2.06,80,,"Gueneron, IJMS 379, 97, 2015",doi.org/10.1016/j.ijms.2015.01.001,"Ionicon qPTRMS, drift tube T=65C, dried to dewpoint of -30C",n/a,n/a,n/a,,#VALUE!,alkane,12,0,0,0,0,0,0,0,0,0,0,0,0,0,0,0,0,0,0,1,CCCCCCCCCC(C)C
171.211,C12H26H+,2-methylundecane,7045-71-8,85.101,6.0,71.086,12.0,57.070,47.0,43.054,26.0,41.039,8.0,,,,,PTR-MS,2.06,120,,"Gueneron, IJMS 379, 97, 2015",doi.org/10.1016/j.ijms.2015.01.001,"Ionicon qPTRMS, drift tube T=65C, dried to dewpoint of -30C",n/a,n/a,n/a,,#VALUE!,alkane,12,0,0,0,0,0,0,0,0,0,0,0,0,0,0,0,0,0,0,1,CCCCCCCCCC(C)C
171.211,C12H26H+,n-dodecane,112-40-3,189.221,100.0,,,,,,,,,,,,,SIFT-MS,0.93,0,,"Spanel, IJMS 181, 1, 1998",doi.org/10.1016/S1387-3806(98)14114-3,0.7 Torr He ? Cluster formation,2.28E-23,0.00,n/a,2.80E-09,2.70E-09,alkane,12,0,0,0,0,0,0,0,0,0,0,0,0,0,0,0,0,0,0,1,CCCCCCCCCCCC
173.154,C10H20O2H+,ethyl octanoate,106-32-1,173.154,85.0,145.122,1.0,127.112,12.0,57.070,2.0,,,,,,,PTR-MS,2.03,103,,"Aprea, IJMS 262, 114, 2007",doi.org/10.1016/j.ijms.2006.10.016,"Ionicon qPTRMS, drift tube T=50C",n/a,n/a,n/a,,#VALUE!,ester,10,0,0,0,0,0,0,1,0,0,0,0,0,0,0,0,0,0,0,0,CCCCCCCC(=O)OCC
173.154,C10H20O2H+,ethyl octanoate,106-32-1,173.154,79.0,145.122,2.0,127.112,9.0,57.070,10.0,,,,,,,PTR-MS,2.03,120,,"Aprea, IJMS 262, 114, 2007",doi.org/10.1016/j.ijms.2006.10.016,"Ionicon qPTRMS, drift tube T=50C",n/a,n/a,n/a,,#VALUE!,ester,10,0,0,0,0,0,0,1,0,0,0,0,0,0,0,0,0,0,0,0,CCCCCCCC(=O)OCC
173.154,C10H20O2H+,ethyl octanoate,106-32-1,173.154,71.0,145.122,6.0,127.112,4.0,57.070,15.0,,,,,,,PTR-MS,2.03,138,,"Aprea, IJMS 262, 114, 2007",doi.org/10.1016/j.ijms.2006.10.016,"Ionicon qPTRMS, drift tube T=50C",n/a,n/a,n/a,,#VALUE!,ester,10,0,0,0,0,0,0,1,0,0,0,0,0,0,0,0,0,0,0,0,CCCCCCCC(=O)OCC
173.154,C10H20O2H+,octyl acetate,112-14-1,173.154,3.0,113.132,3.0,71.086,13.0,61.028,19.0,57.070,29.0,43.018,26.0,41.039,7.0,PTR-MS,2.03,120,,"Aprea, IJMS 262, 114, 2007",doi.org/10.1016/j.ijms.2006.10.016,"Ionicon qPTRMS, drift tube T=50C",n/a,n/a,n/a,,#VALUE!,ester,10,0,0,0,0,0,0,1,0,0,0,0,0,0,0,0,0,0,0,0,CCCCCCCCOC(=O)C
187.169,C11H22O2H+,methyl decanoate,110-42-9,187.169,87.0,155.143,8.0,57.070,2.0,39.023,3.0,,,,,,,PTR-MS,2.03,110,,"Aprea, IJMS 262, 114, 2007",doi.org/10.1016/j.ijms.2006.10.016,"Ionicon qPTRMS, drift tube T=50C",n/a,n/a,n/a,,#VALUE!,ester,11,0,0,0,0,0,0,1,0,0,0,0,0,0,0,0,0,0,0,0,CCCCCCCCCC(=O)OC
187.169,C11H22O2H+,methyl decanoate,110-42-9,187.169,85.0,155.143,7.0,57.070,3.0,43.054,3.0,41.039,3.0,,,,,PTR-MS,2.03,120,,"Aprea, IJMS 262, 114, 2007",doi.org/10.1016/j.ijms.2006.10.016,"Ionicon qPTRMS, drift tube T=50C",n/a,n/a,n/a,,#VALUE!,ester,11,0,0,0,0,0,0,1,0,0,0,0,0,0,0,0,0,0,0,0,CCCCCCCCCC(=O)OC
187.169,C11H22O2H+,methyl decanoate,110-42-9,187.169,84.0,155.143,7.0,57.070,3.0,43.054,3.0,41.039,3.0,,,,,PTR-MS,2.03,141,,"Aprea, IJMS 262, 114, 2007",doi.org/10.1016/j.ijms.2006.10.016,"Ionicon qPTRMS, drift tube T=50C",n/a,n/a,n/a,,#VALUE!,ester,11,0,0,0,0,0,0,1,0,0,0,0,0,0,0,0,0,0,0,0,CCCCCCCCCC(=O)OC
201.185,C12H24O2H+,ethyl decanoate,110-38-3,201.185,67.0,155.143,4.0,71.086,3.0,57.070,22.0,43.054,4.0,,,,,PTR-MS,2.03,93,,"Aprea, IJMS 262, 114, 2007",doi.org/10.1016/j.ijms.2006.10.016,"Ionicon qPTRMS, drift tube T=50C",n/a,n/a,n/a,,#VALUE!,ester,12,0,0,0,0,0,0,1,0,0,0,0,0,0,0,0,0,0,0,0,CCCCCCCCCC(=O)OCC
201.185,C12H24O2H+,ethyl decanoate,110-38-3,201.185,73.0,155.143,13.0,71.086,1.0,57.070,6.0,43.054,7.0,,,,,PTR-MS,2.03,120,,"Aprea, IJMS 262, 114, 2007",doi.org/10.1016/j.ijms.2006.10.016,"Ionicon qPTRMS, drift tube T=50C",n/a,n/a,n/a,,#VALUE!,ester,12,0,0,0,0,0,0,1,0,0,0,0,0,0,0,0,0,0,0,0,CCCCCCCCCC(=O)OCC
201.185,C12H24O2H+,ethyl decanoate,110-38-3,201.185,79.0,155.143,12.0,71.086,2.0,57.070,5.0,43.054,2.0,,,,,PTR-MS,2.03,139,,"Aprea, IJMS 262, 114, 2007",doi.org/10.1016/j.ijms.2006.10.016,"Ionicon qPTRMS, drift tube T=50C",n/a,n/a,n/a,,#VALUE!,ester,12,0,0,0,0,0,0,1,0,0,0,0,0,0,0,0,0,0,0,0,CCCCCCCCCC(=O)OCC
204.951,C6H5IH+,iodobenzene,591-50-4,204.951,100.0,,,,,,,,,,,,,SIFT-MS,0.67,0,,"Spanel, IJMS 189, 213, 1999",doi.org/10.1016/S1387-3806(99)00103-7,0.5 Torr He. Calculated rate coefficient,1.55E-23,1.70,n/a,3.00E-09,2.52E-09,halocarbon,6,0,0,1,0,0,0,0,0,0,0,0,0,0,1,0,0,0,1,0,C1=CC=C(C=C1)I
213.091,C14H12O2H+,benzyl benzoate,120-51-4,151.039,60.0,91.054,40.0,,,,,,,,,,,SIFT-MS,1.33,0,,"Sovova, IJMS 300, 31, 2011",doi.org/10.1016/j.ijms.2010.11.021,1 Torr He? Calculated rate coefficient,n/a,2.06,n/a,3.70E-09,#VALUE!,ester,14,0,0,2,0,0,0,1,0,0,0,0,0,0,0,0,0,0,1,0,C1=CC=C(C=C1)COC(=O)C2=CC=CC=C2
218.967,C7H7IH+,2-iodotoluene,615-37-2,218.967,100.0,,,,,,,,,,,,,SIFT-MS,0.67,0,,"Spanel, IJMS 189, 213, 1999",doi.org/10.1016/S1387-3806(99)00103-7,0.5 Torr He. Calculated rate coefficient,n/a,1.20,780.3,2.80E-09,#VALUE!,halocarbon,7,0,0,1,0,0,0,0,0,0,0,0,0,0,1,0,0,0,1,0,CC1=CC=CC=C1I
218.967,C7H7IH+,4-iodotoluene,624-31-7,218.967,100.0,,,,,,,,,,,,,SIFT-MS,0.67,0,,"Spanel, IJMS 189, 213, 1999",doi.org/10.1016/S1387-3806(99)00103-7,0.5 Torr He. Calculated rate coefficient,1.71E-23,1.80,n/a,3.10E-09,2.64E-09,halocarbon,7,0,0,1,0,0,0,0,0,0,0,0,0,0,1,0,0,0,1,0,CC1=CC=C(C=C1)I